Season,Name,Team,IP,ERA,K/BB,AVG,WHIP,BABIP,LOB%,FIP,LD%,GB%,FB%,IFFB%,HR/FB,xFIP,SwStr%,K%,BB%,K-BB%,SIERA,E-F,FA-Z (sc),Barrel%,HardHit%,xERA,Stf+ FA,Stuff+,Location+,Pitching+,O-Swing%,Z-Swing%,Swing%,O-Contact%,Z-Contact%,Contact%,Zone%,CStr%,CSW%,Age,NameASCII,PlayerId,MLBAMID
2018,Bartolo Colon,TEX,139.1,5.684210111319794,3,0.28371278458844135,1.3421051651727292,0.2832618025751073,0.66891892,5.4857902576786985,0.23030303,0.418181818,0.351515151,0.091954022,0.172413793,4.749290505750931,0.05285313,0.12520868,0.04173623,0.08347245,4.914774029452327,0.19841985364109505,8.992345100864553,0.0766129,0.40322581,,,,,,0.31996727,0.64082969,0.45743686,0.82097187,0.92674617,0.88445808,0.42843779,0.20018709,0.25304022,45,Bartolo Colon,375,112526
2017,Bartolo Colon,- - -,143,6.4825174825174825,2.54285714,0.3137254901960784,1.5874125874125875,0.33131313131313134,0.61440678,5.213583750157923,0.193359375,0.41796875,0.388671875,0.085427135,0.140703517,5.143530977397532,0.05380577,0.13734568,0.05401235,0.08333333,5.082682355272294,1.2689337323595593,10.087065972222222,0.06692161,0.37284895,,,,,,0.29767828,0.65092593,0.46456693,0.81058496,0.92176387,0.88418079,0.47244094,0.20822397,0.26202975,44,Bartolo Colon,375,112526
2023,Rich Hill,- - -,135.2,5.572481598596229,2.26415094,0.27978339350180503,1.533169540354518,0.32116788321167883,0.67656766,4.994598107207004,0.244131455,0.370892018,0.384976525,0.079268292,0.140243902,4.789313248612186,0.0739645,0.19575856,0.08646003,0.10929853,4.815801295450818,0.5778834913892252,9.959734041008364,0.10368664,0.38940092,,77.30557620817845,93.46249921505633,96.92946990805346,97.17653521,0.27321157,0.66539197,0.4470339,0.71309192,0.89655172,0.83412322,0.44322034,0.19484362,0.26880811,43,Rich Hill,4806,448179
2017,R.A. Dickey,ATL,190,4.2631578947368425,2.02985075,0.26151761517615174,1.368421052631579,0.2899305555555556,0.73202055,4.720797589,0.196610169,0.469491525,0.333898305,0.121827411,0.131979695,4.786191488410298,0.0875513,0.16687117,0.08220859,0.08466258,4.9040436509280605,-0.457639694,6.223672835553279,0.03654485,0.2923588,,,,,,0.28201725,0.67090395,0.47040712,0.75058824,0.84210526,0.81381818,0.4844338,0.18570451,0.27325581,42,R.A. Dickey,1245,285079
2022,Rich Hill,BOS,124.1,4.270777654602937,2.94594595,0.25773195876288657,1.3029491149636079,0.3047091412742382,0.68275862,3.916720578801238,0.196765498,0.40161725,0.40161725,0.134228187,0.10067114,4.122417969439475,0.09246231,0.20722433,0.07034221,0.13688213,4.134862638790002,0.3540570758016992,10.71909414172846,0.08244681,0.34042553,,89.03403954802259,96.90971021860706,98.98118963,99.55160142348753,0.31267606,0.65800866,0.47310206,0.68168168,0.87171053,0.80446334,0.46455505,0.20150754,0.29396985,42,Rich Hill,4806,448179
2021,Rich Hill,- - -,155.2,3.758030132074382,2.80769231,0.2309027777777778,1.188436879,0.27383863080684595,0.78088578,4.358471001840991,0.215130023,0.352245862,0.432624113,0.098360655,0.114754098,4.678888161602737,0.09785301,0.22670807,0.08074534,0.14596273,4.410724758747097,-0.60044087,11.201376010296723,0.08837209,0.34651163,,96.61372896368466,101.09028634167029,98.93022149,102.36793484445798,0.29471229,0.64462081,0.45867769,0.66226913,0.85088919,0.78648649,0.46859504,0.20478943,0.30264244,41,Rich Hill,4806,448179
2023,Adam Wainwright,STL,101,7.396040162646617,1.34146341,0.3416289592760181,1.900990242607966,0.3569482288828338,0.63030303,5.987713833246021,0.223958333,0.401041666,0.375,0.055555555,0.138888888,5.770710376941191,0.04910714,0.11363636,0.08471074,0.02892562,5.827057358023153,1.4083263294005963,8.628152448578742,0.11111111,0.3875969,,79.83136094674558,102.93682669789226,99.06826697892272,96.53413348946135,0.2375852,0.64643799,0.41120448,0.78278689,0.92857143,0.88010899,0.42464986,0.19587054,0.24497768,41,Adam Wainwright,2233,425794
2022,Adam Wainwright,STL,191.2,3.7095654142729604,2.64814815,0.2587601078167116,1.2834783289889569,0.3018867924528302,0.75021683,3.660257118,0.238731218,0.432387312,0.328881469,0.076142131,0.081218274,4.096602041269963,0.06734759,0.17808219,0.06724782,0.11083437,4.3448900361788425,0.049308296577880384,8.781411649424061,0.06510851,0.3639399,,80.56416382,104.12563025210089,104.0938590820944,102.16037491919847,0.29035813,0.63201821,0.43408873,0.74193548,0.90996399,0.84485294,0.42068305,0.21129907,0.27864666,40,Adam Wainwright,2233,425794
2023,Justin Verlander,- - -,162.1,3.215605699110627,3.2,0.2245557350565428,1.1334702081156234,0.2647702407002188,0.76923077,3.846416120253048,0.196617336,0.355179704,0.448202959,0.165094339,0.08490566,4.564140371,0.09904031,0.21524664,0.06726457,0.14798206,4.426769433810968,-0.630810421,11.282915856614823,0.08210526,0.40842105,,96.63264209,106.29309405065875,104.21171551865731,104.69408321014568,0.34576271,0.69032831,0.49500384,0.69215686,0.87017995,0.79968944,0.43312836,0.16007678,0.25911708,40,Justin Verlander,8700,434378
2021,Adam Wainwright,STL,206.1,3.053311868481166,3.48,0.21846553966189858,1.0565428370299907,0.25609756097560976,0.78441296,3.6643798535544683,0.222033898,0.474576271,0.30338983,0.07821229,0.117318435,3.871912107423431,0.08116037,0.21014493,0.06038647,0.14975845,4.134400114,-0.611067985,8.488925487,0.06218487,0.3512605,,77.61839464882944,102.41752712923382,103.90381453469256,102.07342979283126,0.30349971,0.6045283,0.43350717,0.67485822,0.90387016,0.81278195,0.43187744,0.21642764,0.29758801,39,Adam Wainwright,2233,425794
2022,Justin Verlander,HOU,175,1.7485714285714287,6.37931034,0.1838351822503962,0.8285714285714286,0.23963133640552994,0.804769,2.4895738588060654,0.18510158,0.379232505,0.435665914,0.196891191,0.062176165,3.230781258600099,0.11584196,0.27777778,0.04354354,0.23423423,3.086807218791894,-0.74100243,11.549241028992395,0.06278027,0.34753363,,135.83536121673004,134.83403764886674,107.36976565501345,112.6036880522474,0.36891261,0.7599278,0.53509781,0.68173599,0.85035629,0.78351254,0.42500959,0.14959724,0.2654392,39,Justin Verlander,8700,434378
2023,Zack Greinke,KCR,131,5.015267175572519,4.19047619,0.27938343,1.2671755725190839,0.29901960784313725,0.6871345,4.743589977817681,0.196261682,0.436915887,0.366822429,0.070063694,0.146496815,4.4426451333151515,0.0680138,0.16206262,0.03867403,0.12338858,4.612977324369595,0.2716771977548378,9.303228111906424,0.07888631,0.38283063,,72.47672253258844,84.17159147248395,104.20307387208727,100.1910262766485,0.31732419,0.66434379,0.4647262,0.74864865,0.92132867,0.85350318,0.42476566,0.17693445,0.24494825,39,Zack Greinke,1943,425844
2023,Charlie Morton,ATL,163.1,3.636734807126876,2.20481928,0.24154589371980675,1.426530656667613,0.32075471698113206,0.77639752,3.8734077256920445,0.222222222,0.43287037,0.344907407,0.073825503,0.093959731,4.2673837257477585,0.12583246,0.25558659,0.11592179,0.13966481,4.442135560665569,-0.236672919,6.323177769020233,0.07762557,0.38812785,,73.92383592017738,106.43664202745514,96.32932066173883,98.12111932418159,0.31200453,0.6133829,0.42610837,0.52268603,0.85454545,0.70355078,0.37860662,0.18121276,0.30704522,39,Charlie Morton,4676,450203
2017,John Lackey,CHC,169.2,4.561886324592774,2.79245283,0.24659606656580937,1.2730845557003092,0.2662473794549266,0.76576577,5.320704656908374,0.194831013,0.413518886,0.391650099,0.0964467,0.182741116,4.627727253261956,0.1043257,0.20385675,0.07300275,0.130854,4.470935094195931,-0.758818332,9.190233652289546,0.05847953,0.35672515,,,,,,0.31731402,0.66071429,0.47110142,0.63900415,0.86117936,0.77854938,0.44783715,0.16575791,0.27008361,38,John Lackey,1507,407793
2018,Rich Hill,LAD,131.2,3.691139097918195,3.79487179,0.21818181818181817,1.116455653074022,0.2691131498470948,0.77165354,3.957899899399448,0.210059171,0.390532544,0.399408284,0.155555555,0.148148148,3.6766445045379887,0.10490857,0.27306273,0.07195572,0.20110701,3.5470062902911668,-0.266760801,10.252922888109225,0.07492795,0.3573487,,,,,,0.3079096,0.64074803,0.47064485,0.66360856,0.83410138,0.77709611,0.48893167,0.21126083,0.31616939,38,Rich Hill,4806,448179
2019,CC Sabathia,NYY,106.1,4.993730646389601,2.69230769,0.2647754137115839,1.4200627638509034,0.2920962199312715,0.77452668,5.724981382649672,0.201277955,0.396166134,0.40255591,0.119047619,0.214285714,4.781156332419883,0.11363636,0.22580645,0.08387097,0.14193548,4.644025635562903,-0.731250736,6.326200311834162,0.06603774,0.30503145,,,,,,0.33269962,0.69728916,0.47377622,0.63428571,0.85529158,0.7601476,0.38694639,0.16317016,0.27680653,38,CC Sabathia,404,282332
2021,J.A. Happ,- - -,152.1,5.789934547806105,2.54166667,0.2854838709677419,1.477024119338292,0.3141025641025641,0.68817204,5.132835063276594,0.205284552,0.349593495,0.445121951,0.06392694,0.136986301,5.1091718615430795,0.08077786,0.18181818,0.07153502,0.11028316,4.8891455766658956,0.6570994845295113,9.961335709951456,0.11646586,0.41767068,,79.83599167822469,80.76163051608077,100.12595362752431,95.62722513089005,0.31550152,0.73372206,0.47643979,0.73795761,0.89403974,0.83045526,0.38481675,0.1473448,0.22812266,38,J.A. Happ,7410,457918
2022,Zack Greinke,KCR,137,3.678832116788321,2.7037037,0.2828828828828829,1.3430656934306568,0.3055555555555556,0.72879331,4.0321390308602885,0.233333333,0.4125,0.354166666,0.088235294,0.082352941,4.540626612414409,0.07262324,0.12478632,0.04615385,0.07863248,4.8392591651392545,-0.353306914,9.315129423,0.06846473,0.39626556,,80.95931034,92.09969162995591,103.59233480176212,99.86475771,0.329188,0.65856354,0.46038732,0.76888889,0.89765101,0.84225621,0.39832746,0.17693662,0.24955986,38,Zack Greinke,1943,425844
2022,Charlie Morton,ATL,172,4.343023255813954,3.25396825,0.2302936630602782,1.2325581395348837,0.2922705314009662,0.75995807,4.257779839,0.21590909,0.397727272,0.386363636,0.088235294,0.164705882,3.6046565753429434,0.12228729,0.28159341,0.08653846,0.19505495,3.475390347311672,0.085243417,7.251308774409044,0.09502262,0.42081448,,86.72158273381294,105.47044198895027,99.18594613259664,101.25676795580111,0.31986143,0.65414176,0.45470203,0.55595668,0.85770235,0.73106061,0.40337582,0.1832587,0.30554599,38,Charlie Morton,4676,450203
2023,Max Scherzer,- - -,152.2,3.7729258270417896,3.86666667,0.2202797202797203,1.1200873549030312,0.2648648648648649,0.81001473,4.322725966802299,0.182278481,0.331645569,0.486075949,0.135416666,0.145833333,4.017770962323361,0.13325233,0.28019324,0.07246377,0.20772947,3.772067064046345,-0.54980014,9.166002797996935,0.08542714,0.36934673,,103.81050788091069,101.26011784574744,103.36535375643977,102.91283843699412,0.34527221,0.72029935,0.50791075,0.593361,0.82727273,0.73722045,0.4336714,0.15350344,0.28675577,38,Max Scherzer,3137,453286
2017,Rich Hill,LAD,135.2,3.3169531925978153,3.3877551,0.20040485829959515,1.0909090500099483,0.26129032258064516,0.80424886,3.717836233408165,0.171974522,0.369426751,0.458598726,0.104166666,0.125,3.881090087620676,0.11465827,0.30072464,0.08876812,0.21195652,3.612754657670205,-0.400883041,11.969185607074058,0.07012195,0.28963415,,,,,,0.29162916,0.60701439,0.44939271,0.59876543,0.81481481,0.74474474,0.50022492,0.21402878,0.32868705,37,Rich Hill,4806,448179
2018,CC Sabathia,NYY,153,3.6470588235294117,2.74509804,0.24875621890547264,1.3137254901960784,0.29504504504504503,0.75512406,4.160431575775147,0.202614379,0.444444444,0.352941176,0.12345679,0.11728395,4.294821418227714,0.10769844,0.21052632,0.07669173,0.13383459,4.237571859881336,-0.513372752,6.532293090820312,0.04967603,0.26565875,,,,,,0.34028245,0.67156863,0.4750698,0.63438735,0.87591241,0.77329975,0.40686079,0.18029517,0.28799362,37,CC Sabathia,404,282332
2019,Adam Wainwright,STL,171.2,4.194175005817599,2.390625,0.2689450222882615,1.4271845505907108,0.3192771084337349,0.76507651,4.355757116180577,0.224609375,0.48828125,0.287109375,0.061224489,0.149659863,4.393115941581508,0.07510431,0.20536913,0.08590604,0.11946309,4.697225295002757,-0.16158211,7.9773517588458995,0.05769231,0.37884615,,,,,,0.262124,0.6222935,0.41828929,0.67681499,0.89948454,0.82044888,0.43358832,0.20097357,0.27607789,37,Adam Wainwright,2233,425794
2021,Zack Greinke,HOU,168.2,4.108695899975194,3.25,0.24923076923076923,1.1739131142786268,0.2638888888888889,0.75282309,4.693749629384248,0.234848484,0.441287878,0.323863636,0.087719298,0.169590643,4.247342035,0.09062377,0.17005814,0.05232558,0.11773256,4.580386986313579,-0.585053729,9.707550435126583,0.06566604,0.35084428,,83.31674780915286,94.12586138613861,102.31588118811884,100.35152475247526,0.32233503,0.67625899,0.45743429,0.66929134,0.90425532,0.80188679,0.38171832,0.17653982,0.26716359,37,Zack Greinke,1943,425844
2021,Charlie Morton,ATL,185.2,3.3447039534511025,3.72413793,0.19970631424375918,1.0448833606594428,0.267260579,0.71049841,3.1754201191714713,0.23245614,0.478070175,0.289473684,0.098484848,0.121212121,3.309508819748196,0.12353532,0.28571429,0.07671958,0.20899471,3.5345460790938104,0.16928383427963123,7.301784739774816,0.04946237,0.32473118,,91.69209558823532,113.27752093802341,100.62589614740368,104.82428810720272,0.31268437,0.64551084,0.45664546,0.54528302,0.84652278,0.72947214,0.43254101,0.18613994,0.30967526,37,Charlie Morton,4676,450203
2021,Jon Lester,- - -,141.1,4.712264320526998,1.65454545,0.27943760984182775,1.5141509978870535,0.2958057395143488,0.73076923,5.412958731486649,0.226012793,0.437100213,0.336886993,0.056962025,0.158227848,5.085854115948632,0.08655462,0.14513557,0.0877193,0.05741627,5.344257724874293,-0.700694411,8.586146999,0.07740586,0.37238494,,69.15067567567567,83.07424952433806,97.93546238306642,94.88344081972413,0.30702918,0.71788991,0.45756303,0.7300216,0.87060703,0.81083563,0.36638655,0.14705882,0.23361345,37,Jon Lester,4930,452657
2022,Max Scherzer,NYM,145.1,2.291284483858318,7.20833333,0.2037735849056604,0.9082569125204143,0.2761627906976744,0.83333333,2.6170181402884367,0.193732193,0.31054131,0.495726495,0.132183908,0.074712643,3.226542998469296,0.14766959,0.30619469,0.04247788,0.26371681,2.8754816009093256,-0.325733656,9.469376867688199,0.08403361,0.33893557,,107.56205493387586,98.20661118816459,103.71932501155803,104.84341192787795,0.37772397,0.70905172,0.51961237,0.57264957,0.81762918,0.71580817,0.42824181,0.16059068,0.30826027,37,Max Scherzer,3137,453286
2017,CC Sabathia,NYY,148.2,3.6928253647894316,2.4,0.24471830985915494,1.2713005354193125,0.27634660421545665,0.78979344,4.489478350367433,0.221967963,0.498855835,0.279176201,0.073770491,0.172131147,4.112893359181308,0.08846154,0.19261637,0.08025682,0.11235955,4.446255833229085,-0.796652986,6.845645268758138,0.04017857,0.29017857,,,,,,0.31263696,0.66632338,0.45940171,0.70560748,0.8748068,0.80744186,0.41495726,0.17350427,0.26196581,36,CC Sabathia,404,282332
2018,James Shields,CHW,204,4.499999663,2.02631579,0.24102564102564103,1.2941175502614377,0.26013513513513514,0.7054126,5.067294178243705,0.216828478,0.354368932,0.428802588,0.109433962,0.128301886,5.046107910227793,0.10311165,0.17803468,0.08786127,0.09017341,4.9116565581063805,-0.567294515,7.684441817434211,0.0798722,0.3514377,,,,,,0.30025707,0.67569601,0.4526573,0.62157534,0.86971047,0.77192982,0.40592547,0.15497254,0.2580842,36,James Shields,7059,448306
2019,J.A. Happ,NYY,156.1,5.008529436452829,2.79166667,0.25742574257425743,1.3049042209915416,0.2785388127853881,0.755886,5.3440737187971425,0.217948717,0.395299145,0.386752136,0.104972375,0.187845303,4.819849330533798,0.10156548,0.20333839,0.07283763,0.13050076,4.773218835170528,-0.335544282,10.039856678486998,0.07415254,0.375,,,,,,0.32233976,0.72134387,0.47651775,0.67567568,0.86575342,0.78685897,0.38640703,0.1458572,0.24742268,36,J.A. Happ,7410,457918
2019,Jason Vargas,- - -,148.2,4.298206351553166,1.95238095,0.23909249563699825,1.3452915028335417,0.27209302325581397,0.70786517,4.700556586339071,0.194063926,0.385844748,0.420091324,0.157608695,0.108695652,5.4136544614034054,0.09754131,0.19158879,0.09813084,0.09345794,5.253057891521276,-0.402350235,8.961902723603048,0.07333333,0.33777778,,,,,,0.30788644,0.64508929,0.42966546,0.69672131,0.83737024,0.77298311,0.3611447,0.17251108,0.2700524,36,Jason Vargas,8044,450306
2019,Justin Verlander,HOU,223,2.582959817994794,7.14285714,0.17146433041301626,0.8026906378837988,0.21814254859611232,0.88410104,3.267821139,0.18875502,0.359437751,0.451807228,0.124444444,0.16,3.1762127172449865,0.1612529,0.35419126,0.04958678,0.30460449,2.9516052608763834,-0.684861321,12.141208400974026,0.06813627,0.31462926,,,,,,0.37182203,0.69358974,0.51740139,0.55128205,0.77726433,0.68834081,0.45243619,0.16560325,0.32685615,36,Justin Verlander,8700,434378
2021,Max Scherzer,- - -,179.1,2.4591078764368186,6.55555556,0.1839258114374034,0.8643122921716709,0.24742268041237114,0.84337349,2.9748668306863415,0.182266009,0.334975369,0.48275862,0.096938775,0.117346938,3.2359168946594545,0.15880893,0.34054834,0.05194805,0.28860029,2.9017099060880205,-0.515758954,9.319316413687643,0.08029197,0.34306569,,118.44600152322926,109.74201795206565,103.33478623569113,104.37421992630064,0.33688833,0.7196414,0.5033676,0.51582868,0.78708947,0.68450704,0.43495214,0.15703651,0.31584544,36,Max Scherzer,3137,453286
2022,Corey Kluber,TBR,164,4.335365853658536,6.61904762,0.270516717,1.2134146341463414,0.3166332665330661,0.70165746,3.569748075,0.219607843,0.360784313,0.419607843,0.172897196,0.093457943,3.9160837604868703,0.11409943,0.20174165,0.03047896,0.1712627,3.8459020750196244,0.7656177788245961,7.990715874565972,0.06936416,0.34682081,,63.94444444444446,95.61153219233901,103.56682966585171,103.56642216788917,0.38794326,0.67528736,0.51018745,0.65082267,0.87375887,0.77635783,0.42542787,0.18296659,0.29706601,36,Corey Kluber,2429,446372
2022,Johnny Cueto,CHW,153.1,3.286956630771691,3.0625,0.26182432432432434,1.2195652578458458,0.29375,0.74971165,3.764604936340131,0.190184049,0.425357873,0.384458077,0.090425531,0.074468085,4.392710052,0.07538126,0.15555556,0.05079365,0.10476191,4.518270256861876,-0.477648306,8.531088135841134,0.07287449,0.3582996,,76.78964757709251,75.07426951591805,103.1056258177061,97.26894897514173,0.34985632,0.72978959,0.49934641,0.78234086,0.8983308,0.84904014,0.39346405,0.15555556,0.23093682,36,Johnny Cueto,6893,456501
2023,Lance Lynn,- - -,183.2,5.7332124205824675,2.85074627,0.2581967213114754,1.39382942,0.2917505030181087,0.67846608,5.53090246,0.210131332,0.356472795,0.433395872,0.116883116,0.19047619,4.496007283190825,0.12933754,0.23638614,0.08292079,0.15346535,4.3287646178526344,0.20230996060726714,7.73799163,0.10351201,0.38817006,,92.25675090252707,93.75764892937252,101.98526929308098,100.07956568286997,0.32433862,0.75567737,0.49826334,0.62316476,0.81450777,0.74017744,0.40322071,0.13564669,0.26498423,36,Lance Lynn,2520,458681
2023,Carlos Carrasco,NYM,90,6.8,1.73684211,0.30831099195710454,1.7,0.3356401384083045,0.65769806,5.855040359497071,0.254071661,0.4495114,0.296416938,0.12087912,0.197802197,4.926762688491079,0.10929648,0.15827338,0.0911271,0.06714628,5.1566918881503305,0.9449596405029288,7.044494629,0.10749186,0.48208469,,74.71269531,92.91019387,98.28517823639777,95.66497811131958,0.31804281,0.70627063,0.46628859,0.58653846,0.89485981,0.76486486,0.38185255,0.15138191,0.26067839,36,Carlos Carrasco,6632,471911
2023,Wade Miley,MIL,120.1,3.1412743710028894,2.07894737,0.22048997772828507,1.138504203247079,0.2344632768361582,0.81632653,4.69271355,0.159779614,0.462809917,0.377410468,0.09489051,0.116788321,4.846529542759388,0.07675906,0.16122449,0.07755102,0.08367347,5.043944164088636,-1.551439179,9.727127702268836,0.07567568,0.31081081,,78.37369863013699,91.86144114411437,104.3062706270626,100.4387238723872,0.30188679,0.65789474,0.44634277,0.75595238,0.876,0.8277512,0.40576615,0.18070362,0.25746269,36,Wade Miley,8779,489119
2023,Yu Darvish,SDP,136.1,4.555012394875241,3.27906977,0.25621414913957935,1.298288556993426,0.31868131868131866,0.71339174,4.025211537374527,0.234210526,0.415789473,0.35,0.135338345,0.135338345,3.9217576211092844,0.10680487,0.2456446,0.07491289,0.17073171,4.042111687326179,0.5298008575007138,10.074242568597562,0.06806283,0.38219895,,121.67100271002708,111.96231043710976,101.77002676181982,106.01016949152542,0.30280528,0.65572139,0.46278755,0.60762943,0.85887709,0.76900585,0.45331529,0.1829653,0.28977017,36,Yu Darvish,13074,506433
2017,Adam Wainwright,STL,121.1,5.118131439030286,2.18181818,0.2807377049180328,1.4917581166899867,0.3253968253968254,0.68509615,4.286760478669824,0.248062015,0.478036175,0.273901808,0.103773584,0.132075471,4.340772570495417,0.07391714,0.17877095,0.08193669,0.09683426,4.646741206928013,0.83137096,8.671731492949695,0.04081633,0.33418367,,,,,,0.28164292,0.63655914,0.43711729,0.70833333,0.90033784,0.83081897,0.43805935,0.18408663,0.25800377,35,Adam Wainwright,2233,425794
2017,James Shields,CHW,117,5.230769572,1.94339623,0.25217391304347825,1.4444445386345066,0.2696969696969697,0.74515648,5.832853543874226,0.182584269,0.382022471,0.435393258,0.070967741,0.174193548,5.189391761235837,0.10218254,0.1996124,0.10271318,0.09689923,4.939532458116722,-0.602083972,9.101806179,0.08123249,0.37254902,,,,,,0.27749141,0.67018779,0.44345238,0.625387,0.85113835,0.76957494,0.42261905,0.16666667,0.26884921,35,James Shields,7059,448306
2018,Jason Hammel,KCR,102.1,6.1563511795539805,2.12903226,0.3073394495412844,1.6123776898831852,0.33707865168539325,0.61994609,4.645773447667535,0.224657534,0.372602739,0.402739726,0.061224489,0.095238095,5.239787259206689,0.08518296,0.14042553,0.06595745,0.07446809,5.102521629091496,1.5105777318864453,9.385352157964938,0.08918919,0.41081081,,,,,,0.32112069,0.66982409,0.47570486,0.68791946,0.9010101,0.82093317,0.44331134,0.16556689,0.25074985,35,Jason Hammel,4538,434628
2018,J.A. Happ,- - -,177.2,3.647279523614883,3.78431373,0.22288261515601784,1.1313320744546165,0.271523179,0.74912892,3.976566654,0.174369747,0.401260504,0.424369747,0.143564356,0.133663366,3.878778192510057,0.1035726,0.2633015,0.06957708,0.19372442,3.6344270621255044,-0.329287131,10.395759654295794,0.08541667,0.33958333,,,,,,0.31691297,0.71300082,0.4757377,0.66493955,0.86123853,0.78290834,0.40098361,0.16584726,0.26941986,35,J.A. Happ,7410,457918
2018,Jason Vargas,NYM,92,5.771739609074768,2.8,0.27100271002710025,1.4130435954420335,0.30711610486891383,0.68306011,5.019127382,0.211678832,0.394160583,0.394160583,0.092592592,0.166666666,4.414501578,0.1113973,0.20792079,0.07425743,0.13366337,4.314743798007509,0.7526122269874076,11.728530628055168,0.07017544,0.29473684,,,,,,0.3254565,0.60932476,0.43915003,0.63036304,0.83905013,0.74633431,0.40051513,0.18673535,0.29813265,35,Jason Vargas,8044,450306
2018,Justin Verlander,HOU,214,2.5233643060584874,7.83783784,0.19796954314720813,0.9018690945727558,0.2723404255319149,0.85290482,2.7819269298663736,0.195121951,0.290650406,0.514227642,0.146245059,0.110671936,3.0336027054915338,0.144733,0.34813926,0.04441777,0.30372149,2.629900391,-0.258562624,11.952232462954111,0.0502008,0.32730924,,,,,,0.3463469,0.6878825,0.50919171,0.57487923,0.79359431,0.71575931,0.47680187,0.17799825,0.32273125,35,Justin Verlander,8700,434378
2019,Zack Greinke,- - -,208.2,2.932907062283641,6.23333333,0.22551546391752578,0.9824280192289974,0.2711267605633803,0.75723831,3.218801807509125,0.217241379,0.451724137,0.331034482,0.0625,0.109375,3.740818670358462,0.10472213,0.2308642,0.03703704,0.19382716,3.9591838127325794,-0.285894745,9.593547766978347,0.06112054,0.3327674,,,,,,0.35232068,0.6409203,0.46514616,0.67964072,0.85641026,0.77486188,0.39094121,0.18567298,0.29039512,35,Zack Greinke,1943,425844
2019,Aníbal Sánchez,WSN,166,3.849397944199706,2.31034483,0.2353846153846154,1.2710844541880095,0.2651821862348178,0.74918567,4.442925251,0.228346456,0.379921259,0.391732283,0.085427135,0.110552763,5.104684170636327,0.10111524,0.18820225,0.08146067,0.10674157,5.074718527125168,-0.593527307,9.921831543572312,0.05620155,0.28294574,,,,,,0.34380776,0.69165886,0.48178439,0.6953405,0.86178862,0.79012346,0.39665428,0.15724907,0.25836431,35,Anibal Sanchez,3284,434671
2019,Charlie Morton,TBR,194.2,3.0513697832873152,4.21052632,0.21359223300970873,1.0839040812687264,0.2982832618025751,0.75247525,2.8133245546702796,0.217118997,0.482254697,0.300626304,0.111111111,0.104166666,3.2830795783619005,0.12934055,0.30379747,0.0721519,0.23164557,3.544390066279752,0.2380452286170356,7.266000079293536,0.04781705,0.32848233,,,,,,0.33468677,0.64144272,0.47291268,0.55459272,0.83572216,0.72641509,0.45060548,0.18668366,0.31602421,35,Charlie Morton,4676,450203
2019,Jon Lester,CHC,171.2,4.456310547576888,3.17307692,0.289957567,1.4970873342840003,0.34689922480620156,0.71365248,4.256727891415541,0.232645403,0.433395872,0.333958724,0.08988764,0.146067415,4.350389909927892,0.09037134,0.21596859,0.06806283,0.14790576,4.4887256076297675,0.19958265616134696,8.941094701638631,0.0701107,0.34686347,,,,,,0.30005311,0.70344828,0.45382846,0.70442478,0.86764706,0.80086894,0.38120276,0.16825501,0.25862636,35,Jon Lester,4930,452657
2019,Cole Hamels,CHC,141.2,3.811764979590201,2.55357143,0.2545126353790614,1.3905883351467956,0.3147208121827411,0.77691454,4.089303656206499,0.1975,0.4725,0.33,0.098484848,0.128787878,4.382775510817165,0.1182122,0.23176661,0.09076175,0.14100486,4.548493449234666,-0.277538677,9.107876799,0.0729927,0.4136253,,,,,,0.30450322,0.69748744,0.46783626,0.61971831,0.82564841,0.74732143,0.41562239,0.16123642,0.27944862,35,Cole Hamels,4972,430935
2021,Corey Kluber,NYY,80,3.825,2.48484848,0.24422442244224424,1.3375,0.30985915492957744,0.74404762,3.845034122467041,0.196347031,0.424657534,0.378995433,0.096385542,0.096385542,4.375559828802944,0.12481315,0.24046921,0.09677419,0.14369502,4.371240449727074,-0.020034122,8.439878369941086,0.0678733,0.3438914,,68.18196721311476,101.94594594594595,99.73498498498499,100.76539039039038,0.34076828,0.66290019,0.46860987,0.56727273,0.86363636,0.73365231,0.39686099,0.16741405,0.2922272,35,Corey Kluber,2429,446372
2021,Jake Arrieta,- - -,98.2,7.3885139896105425,1.88636364,0.3126491646778043,1.7736487629380588,0.34294871794871795,0.61058345,6.170034315779414,0.256024096,0.433734939,0.310240963,0.058252427,0.233009708,4.849723072309845,0.07101947,0.17697228,0.09381663,0.08315565,5.000427107302022,1.218479673831128,,0.0922619,0.44345238,,,95.85319539587957,96.64343633604015,94.04164028169987,0.25579053,0.64940239,0.4255441,0.7007874,0.90184049,0.83310902,0.43127148,0.1838488,0.25486827,35,Jake Arrieta,4153,453562
2021,Johnny Cueto,SFG,112.1,4.0860535974724925,3.27586207,0.27802690582959644,1.3620178658241642,0.3244047619047619,0.74264706,4.095850188125296,0.258160237,0.382789317,0.359050445,0.115702479,0.123966942,4.260430171695129,0.09726776,0.19832985,0.0605428,0.13778706,4.447653535005172,-0.009796591,8.824194931402438,0.06552707,0.38176638,,77.71128048780487,82.60550611790876,103.02007786429368,98.49671857619579,0.31367041,0.74934383,0.49508197,0.72238806,0.85113835,0.80353201,0.41639344,0.14699454,0.2442623,35,Johnny Cueto,6893,456501
2022,Lance Lynn,CHW,121.2,3.9945206314404764,6.52631579,0.2463768115942029,1.1342465990509996,0.29411764705882354,0.68369028,3.819280331506585,0.196078431,0.422969187,0.38095238,0.088235294,0.139705882,3.443912424523475,0.13254204,0.2421875,0.03710938,0.20507813,3.350183005,0.17524029993389156,7.6005985518702905,0.06685237,0.38718663,,93.98579117330462,92.85200992555832,103.53523573200994,98.69210918114145,0.35942761,0.75539568,0.52274975,0.64871194,0.81269841,0.74645222,0.41246291,0.13402572,0.26656775,35,Lance Lynn,2520,458681
2022,Carlos Carrasco,NYM,152,3.967105661402819,3.70731707,0.2701342281879195,1.328947502,0.3372365339578454,0.74650913,3.5334836755102734,0.219954648,0.46031746,0.319727891,0.063829787,0.120567375,3.4527737066062394,0.12976783,0.23565891,0.06356589,0.17209302,3.6045175946561945,0.4336219858925454,8.188573647660819,0.06981982,0.39414414,,63.40374269005848,93.11542928,104.65176275404397,101.64214019079226,0.3849797,0.72805139,0.51782753,0.60808436,0.86764706,0.74939952,0.38723051,0.14137645,0.27114428,35,Carlos Carrasco,6632,471911
2022,Paolo Espino,WSN,83.2,5.808765116802235,3.52631579,0.2968299711815562,1.458167374999738,0.313953488,0.71888412,5.682152195310287,0.189781021,0.405109489,0.405109489,0.045045045,0.198198198,4.227821519702551,0.08591549,0.18206522,0.05163043,0.13043478,4.235740054929304,0.12661292149194736,10.951790364583333,0.07857143,0.425,,68.37391304347825,73.76427061310783,100.77540521494014,99.50916138125439,0.29064039,0.64967105,0.4443662,0.66525424,0.89113924,0.8066561,0.42816901,0.19647887,0.28239437,35,Paolo Espino,8246,502179
2022,Yu Darvish,SDP,194.2,3.0976029015947577,5.32432432,0.20498614958448755,0.9503425154146438,0.2504970178926441,0.78219013,3.312773477885755,0.193857965,0.368522072,0.437619961,0.065789473,0.096491228,3.5774527251201054,0.114103,0.25551232,0.04798962,0.2075227,3.3852322062534577,-0.215170576,9.880798903,0.08952381,0.36952381,,115.40158102766797,107.62268596432183,102.97095254123185,104.20296196566812,0.33592737,0.66689993,0.49511949,0.64478764,0.83735572,0.76954453,0.48098283,0.18209357,0.29619657,35,Yu Darvish,13074,506433
2023,Clayton Kershaw,LAD,131.2,2.4607593986121303,3.425,0.20833333333333334,1.0632910981657353,0.25,0.89347079,4.029723873874963,0.193548387,0.475073313,0.331378299,0.14159292,0.168141592,3.572727042387137,0.13159192,0.26195029,0.07648184,0.18546845,3.8171260313867195,-1.568964475,10.660345556901738,0.09037901,0.39067055,,95.86189839572194,101.39044334975371,99.67733990147784,101.18152709359606,0.33591065,0.70765661,0.494077,0.5601023,0.8442623,0.73326673,0.4254689,0.1636274,0.29521932,35,Clayton Kershaw,2036,477132
2023,Alex Cobb,SFG,151.1,3.865638896442662,3.54054054,0.2703150912106136,1.3215859475017648,0.31788079470198677,0.76365663,4.008344349573076,0.202558635,0.575692963,0.2217484,0.028846153,0.182692307,3.5124098554432908,0.08569151,0.20278638,0.05727554,0.14551084,3.806999171422596,-0.142705453,7.214494977678571,0.06991525,0.43220339,,61.214285714285715,91.02063622,101.87075856443717,100.49510603588905,0.32358804,0.63336663,0.44732642,0.68172485,0.90536278,0.80820696,0.39944134,0.19051415,0.27620566,35,Alex Cobb,6562,502171
2023,Chase Anderson,COL,81.1,5.7540987204941745,1.9375,0.27936507936507937,1.4754099283318396,0.3008474576271186,0.71705426,5.886188065022184,0.212,0.352,0.436,0.082568807,0.155963302,5.38473731,0.09229651,0.17514124,0.09039548,0.08474576,5.188506898466572,-0.132089345,7.638970834237558,0.08695652,0.32411067,,66.26725,81.07886557886562,98.46977466977468,93.23519813519816,0.29376499,0.71719039,0.46036364,0.73877551,0.83762887,0.79936809,0.39345455,0.14244186,0.23473837,35,Chase Anderson,6895,502624
2023,Kyle Gibson,BAL,192,4.734375,2.85454545,0.26541554959785524,1.3177083333333333,0.30918727915194344,0.69664903,4.130040359497071,0.200686106,0.488850771,0.310463121,0.099447513,0.127071823,4.131377169210465,0.10562685,0.19454771,0.06815366,0.12639405,4.398557391829074,0.6043346405029286,9.740885216715295,0.07640068,0.44482173,,77.72432432432434,92.69426772697146,99.61739562624253,96.56676607024521,0.30815217,0.67946578,0.45457538,0.60846561,0.87837838,0.76755974,0.39433838,0.16650214,0.27212899,35,Kyle Gibson,10123,502043
2023,Kenta Maeda,MIN,101,4.2772277227722775,4.30769231,0.24093264248704663,1.1782178217821782,0.29844961240310075,0.73293173,3.958010656526774,0.202952029,0.324723247,0.472324723,0.09375,0.125,3.9939415922259345,0.125,0.26987952,0.0626506,0.20722892,3.7833754865102622,0.3192170662455034,8.667181356063741,0.08029197,0.41605839,,75.91214128,105.17881562881564,102.94676434676435,101.81593406593406,0.33877551,0.69908815,0.48351648,0.5873494,0.85217391,0.74116162,0.4017094,0.16036585,0.28536585,35,Kenta Maeda,18498,628317
2017,Ervin Santana,MIN,211.1,3.2791796528823007,2.73770492,0.22264150943396227,1.1261829110908912,0.24455611390284757,0.7946693,4.463633322201624,0.163166397,0.411954765,0.424878836,0.121673003,0.117870722,4.7703812094682725,0.10139104,0.19328704,0.07060185,0.12268519,4.597177634301151,-1.184453669,11.564743528670263,0.05573248,0.30095541,,,,,,0.32397408,0.69392185,0.48206555,0.645,0.88008342,0.78960872,0.42733457,0.14930448,0.25069552,34,Ervin Santana,3200,429722
2017,Ricky Nolasco,LAA,181,4.922651518708833,2.46551724,0.28236914600550966,1.4530385515380733,0.3102189781021898,0.75576037,5.102390911481554,0.207678883,0.40139616,0.390924956,0.080357142,0.15625,4.789974423838686,0.10967324,0.18170267,0.07369759,0.10800508,4.759098365614884,-0.179739393,9.259740142308502,0.0806175,0.40137221,,,,,,0.29505582,0.70719603,0.45631068,0.62162162,0.84912281,0.75957447,0.39126214,0.15431899,0.26399224,34,Ricky Nolasco,3830,445060
2017,Jason Hammel,KCR,180.1,5.290203476,3.02083333,0.2797858099062918,1.4251386723583925,0.3177083333333333,0.68379791,4.372057473383081,0.207705192,0.380234505,0.412060301,0.077235772,0.105691056,4.924292329329779,0.09508088,0.18034826,0.05970149,0.12064677,4.654303887680818,0.9181460029978785,10.221416706440916,0.05980066,0.3372093,,,,,,0.30470738,0.66643789,0.47870584,0.61586639,0.89289392,0.80137931,0.48101684,0.16738197,0.26246286,34,Jason Hammel,4538,434628
2017,Scott Feldman,CIN,111.1,4.769460642,2.65714286,0.2691415313225058,1.3562873012257375,0.2996845425867508,0.74451411,5.0438670667794625,0.27076923,0.427692307,0.301538461,0.091836734,0.214285714,4.157546943862904,0.08328968,0.1970339,0.07415254,0.12288136,4.463121039,-0.274406425,8.370827510439117,0.07692308,0.27810651,,,,,,0.26005888,0.63217098,0.43343816,0.6754717,0.87010676,0.80773881,0.46593291,0.18753274,0.27082242,34,Scott Feldman,6283,444857
2017,J.A. Happ,TOR,145.1,3.5298162666939366,3.08695652,0.25,1.3142200914981323,0.30238095238095236,0.76598311,3.763144238987876,0.193995381,0.46882217,0.337182448,0.08219178,0.123287671,3.9400184443814603,0.09449136,0.22683706,0.07348243,0.15335463,4.105836652,-0.233327972,10.511210352294007,0.04109589,0.31050228,,,,,,0.32575758,0.68599034,0.4756735,0.72727273,0.85070423,0.80135249,0.41616405,0.15922799,0.25371934,34,J.A. Happ,7410,457918
2017,Jason Vargas,KCR,179.2,4.157698972605183,2.31034483,0.2611832611832612,1.3302410367505204,0.2894736842105263,0.77594568,4.671554179553372,0.193140794,0.402527075,0.404332129,0.102678571,0.120535714,4.935668867472387,0.0991453,0.17724868,0.07671958,0.1005291,4.858913226071929,-0.513855207,9.346338704427083,0.05008945,0.3255814,,,,,,0.28123038,0.61186186,0.43179487,0.66741071,0.82699387,0.77038797,0.45538462,0.19521368,0.29435897,34,Jason Vargas,8044,450306
2017,Justin Verlander,- - -,206,3.3640776699029127,3.04166667,0.21992238033635186,1.174757281553398,0.2713472485768501,0.79731028,3.842105713631343,0.238181818,0.334545454,0.427272727,0.09787234,0.114893617,4.167442996438267,0.10705183,0.25795053,0.08480565,0.17314488,4.049665665386521,-0.478028044,10.115573845584173,0.06137184,0.35740072,,,,,,0.31930185,0.70309539,0.49136222,0.65273312,0.85444744,0.78213256,0.44831492,0.16227698,0.2693288,34,Justin Verlander,8700,434378
2018,Marco Estrada,TOR,143.2,5.638050844478356,2.06,0.26956521739130435,1.4269141026148926,0.28442437923250563,0.69711538,5.436533583360854,0.20386266,0.240343347,0.555793991,0.154440154,0.111969111,5.789909281379899,0.1008,0.16427432,0.07974482,0.08452951,5.446204008181699,0.20151726111750268,12.69044080284553,0.08262712,0.33050847,,,,,,0.29833102,0.7332705,0.4829932,0.73659674,0.82133676,0.7912179,0.42456983,0.1604,0.2612,34,Marco Estrada,1118,462136
2018,Edwin Jackson,OAK,92,3.326087232348171,1.83783784,0.21929824561403508,1.2173914053039057,0.24045801526717558,0.79218107,4.649562134048674,0.237918215,0.364312267,0.397769516,0.130841121,0.112149532,4.874810147279279,0.08704453,0.17847769,0.09711286,0.08136483,4.981454988206473,-1.323474902,8.506125470717176,0.08029197,0.33576642,,,,,,0.29583802,0.71838111,0.46491228,0.66539924,0.90375587,0.81277213,0.40013495,0.13900135,0.22604588,34,Edwin Jackson,1841,429719
2018,Zack Greinke,ARI,207.2,3.2070625217722464,4.62790698,0.2291139240506329,1.0786516589744493,0.27175843694493784,0.80188679,3.7045728144542216,0.229982964,0.45144804,0.318568994,0.09090909,0.14973262,3.4390127407732614,0.10834371,0.23718713,0.05125149,0.18593564,3.599399690395062,-0.497510293,10.03104593162509,0.06091371,0.33502538,,,,,,0.34648457,0.62024291,0.45174346,0.67737226,0.83420366,0.7601654,0.38449564,0.19489415,0.30323786,34,Zack Greinke,1943,425844
2018,Francisco Liriano,DET,131.2,4.648101624933682,1.51388889,0.249500998,1.4962026472417245,0.28418230563002683,0.672748,5.135115272642397,0.215584415,0.483116883,0.301298701,0.060344827,0.163793103,4.714259681001493,0.10067114,0.18858131,0.12456747,0.06401384,5.0346468627498275,-0.487013648,8.451947428385417,0.07653061,0.32397959,,,,,,0.2907058,0.6380597,0.41565996,0.64423077,0.84990253,0.75780409,0.35973154,0.16196868,0.26263982,34,Francisco Liriano,3201,434538
2018,Aníbal Sánchez,ATL,133.2,2.8952617352164887,3.41025641,0.2112676056338028,1.0773066921735772,0.25787965616045844,0.78740157,3.5943467712339485,0.172316384,0.454802259,0.372881355,0.113636363,0.113636363,3.7665152905056556,0.10472973,0.2462963,0.07222222,0.17407407,3.7909775914108073,-0.699085036,9.595291676240809,0.0521978,0.26098901,,,,,,0.32098765,0.65654206,0.45968131,0.66410256,0.84697509,0.77205882,0.4133269,0.18001931,0.28474903,34,Anibal Sanchez,3284,434671
2018,Clayton Richard,SDP,158.2,5.3319326021873215,1.8,0.25980392156862747,1.3802520565945904,0.28865979381443296,0.6472332,4.679339090109833,0.215010141,0.567951318,0.217038539,0.06542056,0.177570093,4.236415672577488,0.08504399,0.15835777,0.08797654,0.07038123,4.506744731494991,0.6525935120774884,6.991890681729772,0.05555556,0.40277778,,,,,,0.29634932,0.67272727,0.45245078,0.69082126,0.88738739,0.81203704,0.41474654,0.16464181,0.2496858,34,Clayton Richard,3551,453385
2018,Charlie Morton,HOU,167,3.125748217394415,3.140625,0.21138211382113822,1.1616765405642078,0.2828282828282828,0.79545455,3.5915692609329968,0.222493887,0.474327628,0.303178484,0.088709677,0.14516129,3.416720607248612,0.11941964,0.28920863,0.09208633,0.1971223,3.5178349944113005,-0.465821044,7.2500362556137725,0.05072464,0.30917874,,,,,,0.2883187,0.63545982,0.44419643,0.55269321,0.83050847,0.73115578,0.44903274,0.1889881,0.30840774,34,Charlie Morton,4676,450203
2018,Jon Lester,CHC,181.2,3.319265962,2.328125,0.25180897250361794,1.3100917064396091,0.28957528957528955,0.80323194,4.393459064188896,0.258490566,0.37735849,0.364150943,0.088082901,0.124352331,4.430679506836301,0.08522909,0.19579501,0.08409987,0.11169514,4.568805834109316,-1.074193102,9.044694494205592,0.06457565,0.35055351,,,,,,0.27159827,0.67981073,0.4375,0.67793241,0.87935035,0.80512821,0.40641026,0.17238065,0.25760974,34,Jon Lester,4930,452657
2018,Cole Hamels,- - -,190.2,3.7762239776944235,2.89230769,0.24376731301939059,1.2639860814227168,0.29108910891089107,0.76116682,4.487354723,0.234285714,0.449523809,0.316190476,0.090361445,0.174698795,3.9480265808427086,0.12054884,0.23325062,0.08064516,0.15260546,3.989203362,-0.711130746,9.058182371730043,0.06928839,0.35580524,,,,,,0.32559425,0.6884984,0.4740281,0.5959253,0.84802784,0.74569263,0.40901666,0.15909833,0.27964717,34,Cole Hamels,4972,430935
2019,Max Scherzer,WSN,172.1,2.924564883221119,7.36363636,0.22052067381316998,1.0270793339883693,0.32142857142857145,0.78715365,2.4480520062929525,0.211302211,0.407862407,0.38083538,0.077419354,0.116129032,2.8793493789995908,0.16353791,0.35064935,0.04761905,0.3030303,2.9313831877187257,0.4765128769281666,8.030967445003728,0.06341463,0.35365854,,,,,,0.35411141,0.72266244,0.52202166,0.52434457,0.78179825,0.68672199,0.45559567,0.16534296,0.32888087,34,Max Scherzer,3137,453286
2019,Jeff Samardzija,SFG,181.1,3.523897454194176,2.85714286,0.22189781021897811,1.1084560067183558,0.23984526112185686,0.76877235,4.587171394478508,0.223048327,0.364312267,0.412639405,0.085585585,0.126126126,5.015133055326972,0.08815702,0.18918919,0.06621622,0.12297297,4.9184788067449645,-1.06327394,8.855528167356928,0.07706422,0.37614679,,,,,,0.30934417,0.71194379,0.4810253,0.73921201,0.86184211,0.816609,0.42643142,0.15568862,0.24384564,34,Jeff Samardzija,3254,502188
2019,Mike Fiers,OAK,184.2,3.898916538,2.37735849,0.2398843930635838,1.185920446962383,0.2537313432835821,0.78494624,4.968521917789342,0.212880143,0.398926654,0.388193202,0.138248847,0.138248847,5.194104978047576,0.07864781,0.16710875,0.07029178,0.09681698,5.190000042734583,-1.06960538,10.737827132669537,0.06537102,0.3745583,,,,,,0.3011509,0.66991748,0.4708319,0.73460722,0.88465845,0.83284457,0.46013117,0.1793722,0.25802001,34,Mike Fiers,7754,571666
2021,Lance Lynn,CHW,157,2.694267515923567,3.91111111,0.20707070707070707,1.070063694267516,0.2625,0.81491713,3.3165309377536656,0.189320388,0.381067961,0.42961165,0.118644067,0.101694915,3.8152067110416996,0.12001534,0.27457098,0.07020281,0.20436817,3.721634416971622,-0.622263422,8.623951273,0.05741627,0.34449761,,106.45403071017273,97.52947999999999,103.11416000000003,101.02572000000002,0.32085561,0.74190647,0.50038344,0.63958333,0.83030303,0.76015326,0.42638037,0.13650307,0.2565184,34,Lance Lynn,2520,458681
2021,Paolo Espino,WSN,86,4.5,3.42857143,0.26627218934911245,1.2906976744186047,0.296,0.77008929,4.681662029443785,0.221789883,0.369649805,0.408560311,0.114285714,0.152380952,4.417220439813858,0.08787219,0.2,0.05833333,0.14166667,4.453917985936381,-0.181662029,11.058427526595745,0.10902256,0.40977444,,77.14441489361703,87.47661917098445,101.91988341968909,101.55997409326427,0.31772152,0.64224872,0.45606391,0.68525896,0.88859416,0.80732484,0.42628903,0.18809005,0.27596224,34,Paolo Espino,8246,502179
2021,Wade Miley,CIN,163,3.3680981595092025,2.5,0.260596546,1.3251533742331287,0.301010101,0.79405738,3.9675801347369797,0.234939759,0.493975903,0.271084337,0.103703703,0.125925925,4.073033429764531,0.10069444,0.18115942,0.07246377,0.10869565,4.518217071806024,-0.599481975,9.797498979364608,0.06054688,0.33984375,,85.61045130641332,101.27888198757768,100.96506211180123,100.88590838509319,0.34761905,0.69078947,0.4683642,0.72260274,0.84285714,0.78500824,0.35185185,0.15316358,0.25385802,34,Wade Miley,8779,489119
2021,Yu Darvish,SDP,166.1,4.220441010819277,4.52272727,0.21939586645468998,1.094188410212405,0.2736318407960199,0.72281167,3.9035010787632687,0.176886792,0.370283018,0.452830188,0.083333333,0.145833333,3.751742727259286,0.1209823,0.29221733,0.06461087,0.22760646,3.4891593667387193,0.31693993205600846,11.206886042177288,0.08837209,0.35116279,,131.9870915,120.27729393468125,101.19916018662515,106.52808709175734,0.30013369,0.67714061,0.47345612,0.56347439,0.8387471,0.74446987,0.45973276,0.18201517,0.30299747,34,Yu Darvish,13074,506433
2021,Hyun Jin Ryu,TOR,169,4.366863905325443,3.86486486,0.256797583,1.2248520710059172,0.29494949494949496,0.70695553,4.016187968620888,0.200779727,0.467836257,0.331384015,0.058823529,0.14117647,3.944836261639229,0.09669022,0.20399429,0.05278174,0.15121255,4.165536883779911,0.35067593670455555,7.562298218158517,0.08477842,0.41618497,,59.84879074658255,75.57044353335814,106.56250465896386,99.26455460305623,0.3510101,0.64705882,0.47266642,0.71942446,0.85454545,0.79543666,0.41093343,0.18817404,0.28486426,34,Hyun Jin Ryu,14444,547943
2022,Clayton Kershaw,LAD,126.1,2.2796834690902616,5.95652174,0.20512820512820512,0.9419525445199345,0.26791277258566976,0.79439252,2.5662568371936665,0.194528875,0.47112462,0.334346504,0.1,0.09090909,2.8262090991271824,0.13897937,0.27789047,0.04665314,0.23123732,2.9827825417727603,-0.286573368,10.876137774923574,0.04229607,0.33232628,,102.3865489130435,117.17023356871269,103.65697990222704,106.03731667571967,0.35557674,0.69356873,0.50108578,0.52815013,0.85454545,0.72264355,0.43051031,0.17100977,0.30998914,34,Clayton Kershaw,2036,477132
2022,Alex Cobb,SFG,149.2,3.7282853313546522,3.51162791,0.25982905982905985,1.3028954114949054,0.33647058823529413,0.67961165,2.798399799918282,0.178403755,0.615023474,0.206572769,0.045454545,0.102272727,2.8870802572708647,0.10421836,0.23930269,0.0681458,0.17115689,3.151754787840794,0.9298855314363701,9.179382324,0.03686636,0.4078341,,125.16666666666667,104.90932835820892,102.53424543946932,103.82703150912107,0.32323944,0.62725451,0.44871795,0.61873638,0.87699681,0.76774194,0.4127378,0.19023987,0.29445823,34,Alex Cobb,6562,502171
2022,Mike Minor,CIN,98,6.061224489795919,1.9,0.29411764705882354,1.6326530612244898,0.3116883116883117,0.71214393,6.183859573,0.212765957,0.343465045,0.443768996,0.157534246,0.164383561,5.205634399397033,0.08285714,0.16703297,0.08791209,0.07912088,4.944559624233375,-0.122635083,8.154526178349448,0.08433735,0.34939759,,71.48411602209944,83.89908414424728,96.86823125357758,93.86702919290214,0.320647,0.66809728,0.45942857,0.69436202,0.91006424,0.81965174,0.39942857,0.17314286,0.256,34,Mike Minor,10021,501985
2022,Kyle Gibson,PHI,167.2,5.045725952253153,3,0.26626323751891073,1.3359841764831044,0.30831643002028397,0.67703109,4.275452941012339,0.203125,0.458984375,0.337890625,0.080924855,0.138728323,3.942076619900073,0.10952903,0.2005571,0.06685237,0.13370474,4.055962132618897,0.770273011,9.489704284,0.0754352,0.37330754,,76.17064220183487,95.15801387,103.49445052939032,101.0502373128879,0.33875829,0.7037037,0.4826579,0.62099644,0.88552632,0.7730711,0.39430449,0.15261044,0.26213947,34,Kyle Gibson,10123,502043
2023,Miles Mikolas,STL,201.1,4.783112703616735,3.51282051,0.2779827798277983,1.316225198814574,0.3076923076923077,0.68892646,4.273252305749854,0.21875,0.388392857,0.392857142,0.098484848,0.098484848,4.762415545141465,0.07317073,0.15930233,0.04534884,0.11395349,4.805911252038487,0.5098603978668805,9.001167884239784,0.09763314,0.42751479,,74.23701923076922,88.47947434292861,107.51633291614506,101.4937734668335,0.31745086,0.69235837,0.4954645,0.77861163,0.88962892,0.85227273,0.47482014,0.17698562,0.25015635,34,Miles Mikolas,9803,571945
2023,Chris Sale,BOS,102.2,4.295454651856228,4.31034483,0.22422680412371135,1.129870157857874,0.2903225806451613,0.69902913,3.800494918462941,0.192307692,0.373076923,0.434615384,0.123893805,0.132743362,3.720904801520947,0.13157895,0.29411765,0.06823529,0.22588235,3.503691716267339,0.49495973339328714,6.258480923847087,0.08365019,0.3460076,,99.37378640776699,94.16399041342123,100.04164170161775,99.4799281,0.36619718,0.64349112,0.47844311,0.62087912,0.81149425,0.72465582,0.40479042,0.1722488,0.30382775,34,Chris Sale,10603,519242
2023,Merrill Kelly,ARI,177.2,3.2926831153559366,2.71014493,0.22033898305084745,1.1932458469324079,0.27828054298642535,0.7712766,3.8460347648173663,0.20742358,0.451965065,0.340611353,0.096153846,0.128205128,3.8343436212749094,0.1202847,0.25900277,0.09556787,0.1634349,4.115684674440669,-0.553351649,8.521052345,0.07792208,0.41774892,,78.35831353919241,91.61900000000001,104.76824999999995,102.92189285714288,0.36025567,0.69131238,0.48804852,0.64354839,0.84358289,0.75292398,0.38601498,0.15587189,0.27615658,34,Merrill Kelly,11156,518876
2023,Drew Smyly,CHC,113.2,5.621701382875986,2.37209302,0.27233115468409586,1.478005997375846,0.30538922155688625,0.69111425,5.384072808097992,0.21529745,0.33427762,0.450424929,0.150943396,0.144654088,5.066327285920229,0.10051282,0.2007874,0.08464567,0.11614173,4.8256197863467705,0.23762857477799404,,0.07563025,0.33893557,,,91.55252058,98.57793209876543,94.04727366255142,0.31601363,0.67833982,0.4596401,0.67385445,0.85659656,0.78076063,0.39640103,0.16615385,0.26666667,34,Drew Smyly,11760,592767
2023,James Paxton,BOS,96,4.5,3.06060606,0.2473404255319149,1.3125,0.2918287937743191,0.74902724,4.682123692830404,0.202205882,0.426470588,0.371323529,0.138613861,0.178217821,3.9840875172987587,0.12706856,0.24574209,0.08029197,0.16545012,4.112485667589867,-0.182123693,8.735117881400209,0.09090909,0.39636364,,95.03615464994775,89.38671369782482,99.57160493827158,95.77231040564368,0.33088235,0.71138211,0.49704142,0.57142857,0.84761905,0.74404762,0.43668639,0.14539007,0.27245863,34,James Paxton,11828,572020
2023,Chris Bassitt,TOR,200,3.6,3.15254237,0.23311258278145697,1.175,0.2735674676524954,0.76515881,4.280040359,0.200710479,0.422735346,0.376554174,0.108490566,0.132075471,4.212593218684197,0.09390863,0.2251816,0.07142857,0.15375303,4.247488615404764,-0.680040359,7.559580346,0.08260105,0.35149385,,73.60378006872854,91.58996517885407,100.15707502374165,98.74944602722381,0.2969947,0.67891817,0.47244345,0.66666667,0.86925434,0.80040459,0.45938197,0.18559645,0.27950508,34,Chris Bassitt,12304,605135
2017,Marco Estrada,TOR,186,4.983870558882637,2.47887324,0.25375170532060026,1.3817203167560277,0.2946768060836502,0.71892393,4.609252478,0.194192377,0.303085299,0.502722323,0.166064981,0.111913357,5.091668271117532,0.10874923,0.21836228,0.08808933,0.13027295,4.689160953575583,0.37461808052819645,13.500093434798272,0.06104129,0.30341113,,,,,,0.30552424,0.71195652,0.48983364,0.71402214,0.8110687,0.77798742,0.45348121,0.15434381,0.26309304,33,Marco Estrada,1118,462136
2017,Zack Greinke,ARI,202.1,3.2026357533168257,4.77777778,0.2275132275132275,1.0724875902310975,0.28488372093023256,0.75274725,3.305909867978535,0.180451127,0.468045112,0.351503759,0.096256684,0.133689839,3.343653414223985,0.12424913,0.26841448,0.05617978,0.21223471,3.4818774474216716,-0.103274115,10.307594920602606,0.05545287,0.31608133,,,,,,0.34379989,0.62665627,0.45857052,0.57739938,0.85074627,0.72896552,0.40575585,0.18337022,0.30761935,33,Zack Greinke,1943,425844
2017,Francisco Liriano,TOR,82.2,5.879031896343115,1.72093023,0.27575757575757576,1.6209676422015995,0.32653061224489793,0.65505804,4.730220242618405,0.191235059,0.434262948,0.374501992,0.085106382,0.117021276,5.0230564193988325,0.09578031,0.19733333,0.11466667,0.08266667,5.050564492561246,1.1488116537247102,8.390879883,0.06640625,0.33203125,,,,,,0.2699115,0.62139219,0.40857334,0.59836066,0.87704918,0.76557377,0.3945077,0.17615539,0.2719357,33,Francisco Liriano,3201,434538
2017,Aníbal Sánchez,DET,84.1,5.7628451546716315,4.1,0.29829545454545453,1.4822132599464073,0.34782608695652173,0.70342205,4.687283778,0.255639097,0.368421052,0.375939849,0.11,0.17,4.175986961462328,0.09657534,0.21808511,0.05319149,0.16489362,4.103871039247118,1.0755613761930718,10.737115918975515,0.04814815,0.35555556,,,,,,0.2974359,0.65,0.46164384,0.61206897,0.88461538,0.79080119,0.46575342,0.16917808,0.26575342,33,Anibal Sanchez,3284,434671
2017,Matt Garza,MIL,112,5.062500344855469,1.71111111,0.267260579,1.4732143860690516,0.29014084507042254,0.66104079,4.987996961754204,0.217877094,0.405027932,0.377094972,0.111111111,0.125925925,5.158879565904558,0.08085106,0.15555556,0.09090909,0.06464647,5.285839163215362,0.074503383,10.397726514862805,0.04569892,0.31989247,,,,,,0.31928251,0.69411765,0.47180851,0.71067416,0.90772128,0.82863585,0.40691489,0.14946809,0.23031915,33,Matt Garza,3340,490063
2017,Ubaldo Jiménez,BAL,125,7.200000439453151,2.18518519,0.29844961240310075,1.664000101562506,0.3333333333333333,0.66587396,6.013639868530284,0.208121827,0.423857868,0.368020304,0.075862068,0.220689655,4.749055098,0.07877462,0.20521739,0.09391304,0.11130435,4.683920455829686,1.1863605709228677,10.63521941397627,0.07035176,0.40452261,,,,,,0.24960876,0.6374502,0.4202454,0.6645768,0.8859375,0.81230448,0.43996494,0.17724289,0.25601751,33,Ubaldo Jimenez,3374,434622
2017,Clayton Richard,SDP,197.1,4.788851104486254,2.55932203,0.3034134007585335,1.5152026245940633,0.35064935064935066,0.70592538,4.226896396,0.210191082,0.592356687,0.197452229,0.056451612,0.193548387,3.7635787562501593,0.08571429,0.17599068,0.06876457,0.10722611,4.058822179507382,0.5619547086357732,5.331084190898792,0.0421875,0.334375,,,,,,0.3158202,0.67717718,0.47389163,0.69131238,0.89578714,0.81912682,0.43743842,0.16978654,0.25550082,33,Clayton Richard,3551,453385
2017,Edinson Volquez,MIA,92.1,4.1913352783054085,1.52830189,0.2287390029325513,1.418772406868239,0.2777777777777778,0.71661238,4.348975303034527,0.216867469,0.457831325,0.325301204,0.074074074,0.098765432,4.7830905283119645,0.09168865,0.20403023,0.13350126,0.07052897,5.185880438550409,-0.157640025,10.538241241614855,0.05384615,0.31923077,,,,,,0.26395349,0.625,0.4201847,0.62555066,0.86829268,0.78178964,0.43271768,0.176781,0.26846966,33,Edinson Volquez,3990,450172
2017,Brandon McCarthy,LAD,86.2,3.8423074668116954,2.64,0.24848484848484848,1.234615312158713,0.2972972972972973,0.68932039,3.3537935288559058,0.236434108,0.426356589,0.337209302,0.206896551,0.057471264,4.389441329735697,0.08327138,0.18435754,0.0698324,0.11452514,4.601070634456524,0.4885139379557897,9.700393637532134,0.00757576,0.21969697,,,,,,0.34005376,0.60732113,0.45947955,0.73913043,0.8739726,0.81877023,0.44684015,0.19553903,0.27881041,33,Brandon McCarthy,4662,435221
2017,Charlie Morton,HOU,146.2,3.6204544199005677,3.26,0.22563176895306858,1.1931817768033885,0.29442970822281167,0.7304038,3.4644578653918816,0.191709844,0.518134715,0.29015544,0.098214285,0.125,3.5819099441694693,0.10892333,0.26418152,0.08103728,0.18314425,3.7012456599189125,0.1559965545086861,7.588322897518382,0.04347826,0.30179028,,,,,,0.29389018,0.62362637,0.44486373,0.61052632,0.83553598,0.75494816,0.45786164,0.18852116,0.29744449,33,Charlie Morton,4676,450203
2017,Jon Lester,CHC,180.2,4.333948217470845,3,0.25608011444921314,1.3228781915396324,0.3103448275862069,0.68731849,4.098599077317371,0.214145383,0.461689587,0.324165029,0.072727272,0.157575757,3.8523059440126985,0.10954966,0.23591088,0.07863696,0.15727392,4.065141108120995,0.23534914015347397,9.644286493376788,0.05009634,0.29479769,,,,,,0.31733333,0.64808917,0.45001597,0.64033613,0.84152334,0.75656494,0.40114979,0.1667199,0.27626956,33,Jon Lester,4930,452657
2017,Cole Hamels,TEX,148,4.195945945945946,1.98113208,0.22727272727272727,1.2027027027027026,0.2505854800936768,0.7020757,4.617099153673327,0.187782805,0.475113122,0.337104072,0.046979865,0.120805369,4.826843333042957,0.09688581,0.17100977,0.08631922,0.08469055,4.903011325505119,-0.421153208,9.560843174932675,0.0494382,0.35955056,,,,,,0.30661765,0.69222689,0.46539792,0.67386091,0.86646434,0.79182156,0.41176471,0.15095156,0.24783737,33,Cole Hamels,4972,430935
2017,Mike Pelfrey,CHW,100.1,6.009965711073765,1.16363636,0.2708860759493671,1.614617654,0.2750809061488673,0.68017366,6.5862105144615875,0.163636363,0.493939393,0.342424242,0.061946902,0.194690265,5.7390855330415995,0.06635071,0.14004376,0.12035011,0.01969365,5.737012613732284,-0.576244803,10.663327898297991,0.0755287,0.3776435,,,,,,0.24364592,0.64248021,0.4028436,0.73381295,0.89322382,0.83529412,0.39915745,0.1864139,0.25276461,33,Mike Pelfrey,5203,460059
2017,Jesse Chavez,LAA,113.1,5.241176000152947,2.15,0.27149321266968324,1.411764579165777,0.2891566265060241,0.73987539,5.504698307076971,0.221910112,0.398876404,0.379213483,0.059259259,0.177777777,4.870629396587483,0.07623081,0.17768595,0.08264463,0.09504132,4.907501227208885,-0.263522307,9.198948384550832,0.07022472,0.3988764,,,,,,0.25516622,0.70801034,0.4409115,0.73943662,0.87226277,0.82692308,0.41017488,0.17575437,0.25198518,33,Jesse Chavez,5448,445926
2017,Miguel González,- - -,156,4.615384107510775,1.81818182,0.2680577849117175,1.423076766482489,0.2894211576846307,0.70993915,4.8819984788255315,0.195736434,0.3624031,0.441860465,0.087719298,0.096491228,5.648458882724656,0.06677203,0.14619883,0.08040936,0.06578947,5.389154718872175,-0.266614371,11.11217451599029,0.06118547,0.35372849,,,,,,0.30641509,0.65754561,0.4737258,0.76847291,0.90542245,0.85904921,0.47649151,0.17542473,0.24219676,33,Miguel Gonzalez,7024,456068
2017,Doug Fister,BOS,84,4.714286142466059,2.32352941,0.24615384615384617,1.3571429804068957,0.29957805907172996,0.64176245,3.990973103235645,0.202479338,0.520661157,0.276859504,0.074626865,0.134328358,4.016925748819832,0.07659574,0.21823204,0.09392265,0.12430939,4.313580254945215,0.7233130392304141,8.660701751708984,0.03252033,0.36585366,,,,,,0.3001261,0.55753647,0.41276596,0.70588235,0.88953488,0.81443299,0.43758865,0.2106383,0.28723404,33,Doug Fister,9425,450729
2018,Max Scherzer,WSN,220.2,2.5287010229151528,5.88235294,0.18679950186799502,0.9108761749210496,0.26458333333333334,0.8130531,2.6528786822868007,0.181451612,0.342741935,0.475806451,0.161016949,0.097457627,3.0642737004482465,0.16146579,0.34642032,0.05889145,0.28752887,2.709519529087267,-0.124177659,7.842605547098854,0.06759443,0.31610338,,,,,,0.35764834,0.70048309,0.52018322,0.53881279,0.775,0.68959824,0.47409104,0.16518752,0.32665331,33,Max Scherzer,3137,453286
2018,Clay Buchholz,ARI,98.1,2.013559113732381,3.68181818,0.21739130434782608,1.0372880282863781,0.25539568345323743,0.86580087,3.4655162899770224,0.209219858,0.425531914,0.365248226,0.067961165,0.08737864,4.0056825572113866,0.09725159,0.20610687,0.05597964,0.15012723,4.081032848183183,-1.451957176,8.778857710798816,0.05574913,0.36236934,,,,,,0.32397959,0.67874016,0.48273432,0.66141732,0.87935035,0.79854015,0.44749824,0.19027484,0.28752643,33,Clay Buchholz,3543,453329
2018,Wade LeBlanc,SEA,148.1,3.640449937517822,3.18918919,0.23978685612788633,1.159550721,0.26713947990543735,0.7472067,4.286274426822325,0.209090909,0.36590909,0.425,0.07486631,0.117647058,4.440333032322612,0.09557838,0.19601329,0.06146179,0.1345515,4.366822044358344,-0.645824489,8.917688706341911,0.08089888,0.33707865,,,,,,0.34031414,0.63414634,0.45868691,0.72747253,0.84265734,0.7916261,0.40285842,0.18669049,0.28226887,33,Wade LeBlanc,5221,453281
2018,Junior Guerra,MIL,135,4.266667148919808,2.32727273,0.2631578947368421,1.4444446077072266,0.3142857142857143,0.725058,4.404876160876757,0.208121827,0.423857868,0.368020304,0.124137931,0.131034482,4.349203482193245,0.10295434,0.21658206,0.09306261,0.12351946,4.402025586180722,-0.138209012,10.128954516882184,0.05693069,0.38366337,,,,,,0.29202841,0.70010341,0.46866607,0.62702703,0.86410635,0.78032474,0.43285586,0.15398389,0.25693823,33,Junior Guerra,5702,448855
2018,Ian Kennedy,KCR,119.2,4.662952448047332,2.625,0.2620545073375262,1.3788300249602325,0.29829545454545453,0.72463768,4.606113965581936,0.263013698,0.298630136,0.438356164,0.09375,0.125,4.641699611,0.08252427,0.2027027,0.07722008,0.12548263,4.547294033651495,0.056838482,9.971395581530958,0.08064516,0.35752688,,,,,,0.3041988,0.68085106,0.46747573,0.73802817,0.87335526,0.82346833,0.43349515,0.18106796,0.26359223,33,Ian Kennedy,6986,453178
2018,Mike Fiers,- - -,168.2,3.308300295492774,3.67567568,0.24386503067484663,1.1620553009257772,0.2654320987654321,0.85714286,4.642644969813127,0.170254403,0.399217221,0.430528375,0.109090909,0.136363636,4.484672572913649,0.08593156,0.1954023,0.05316092,0.14224138,4.258541615111573,-1.334344674,10.854902284743202,0.09496124,0.36821705,,,,,,0.29874652,0.65577889,0.4608365,0.7039627,0.87356322,0.81353135,0.4539924,0.1878327,0.27376426,33,Mike Fiers,7754,571666
2019,David Price,BOS,107.1,4.276397718175934,4,0.2576832151300236,1.3136646585246332,0.3357142857142857,0.70731707,3.623947383332716,0.23549488,0.409556313,0.354948805,0.115384615,0.144230769,3.7346065040095326,0.1122449,0.27947598,0.069869,0.20960699,3.8531621512918264,0.652450335,8.487413406,0.07457627,0.38305085,,,,,,0.30027804,0.7164751,0.47529538,0.66358025,0.82174688,0.76384181,0.42051557,0.17508056,0.28732546,33,David Price,3184,456034
2019,Jake Arrieta,PHI,135.2,4.643734469636942,2.15686275,0.27798507462686567,1.4742014189323625,0.3160493827160494,0.73761261,4.887228086,0.2304038,0.513064133,0.256532066,0.064814814,0.194444444,4.458487821564561,0.07162409,0.18518519,0.08585859,0.0993266,4.819960186818472,-0.243493617,8.285211042924361,0.06338028,0.37558685,,,,,,0.28266033,0.64047363,0.43430657,0.73389356,0.89579832,0.83508403,0.42381387,0.19251825,0.26414234,33,Jake Arrieta,4153,453562
2019,Jordan Zimmermann,DET,112,6.910714756469369,3.28,0.30655391120507397,1.5178572462529623,0.3387096774193548,0.58232932,4.785438154181663,0.244791666,0.419270833,0.3359375,0.093023255,0.147286821,4.871219934774796,0.0846731,0.16269841,0.04960317,0.11309524,4.930329378116236,2.1252766022877063,8.998623381522586,0.08695652,0.38363171,,,,,,0.34023402,0.64986737,0.46541555,0.7010582,0.90816327,0.81797235,0.40428954,0.18167203,0.26634512,33,Jordan Zimmermann,4505,519455
2019,Gio González,MIL,81,3.7777777777777777,1.97222222,0.23778501628664495,1.345679012345679,0.28193832599118945,0.75726141,4.238700833732699,0.247826086,0.439130434,0.313043478,0.097222222,0.125,4.562439395468912,0.10440341,0.20699708,0.10495627,0.10204082,5.031745763652925,-0.460923056,9.225690958886172,0.06355932,0.30508475,,,,,,0.33156217,0.66809422,0.44318182,0.68589744,0.84294872,0.76442308,0.33167614,0.13920455,0.24360795,33,Gio Gonzalez,7448,461829
2019,Homer Bailey,- - -,163.1,4.573469102915917,2.81132075,0.2535211267605634,1.3163264486304178,0.3006396588486141,0.71202532,4.107886971057035,0.217391304,0.443064182,0.339544513,0.115853658,0.12804878,4.433783469,0.10789845,0.21408046,0.07614943,0.13793103,4.602076772865453,0.46558213185888153,10.986726936317693,0.05714286,0.39387755,,,,,,0.32029795,0.7048495,0.48414678,0.6375969,0.8623962,0.77704194,0.42607766,0.16149506,0.26939351,33,Homer Bailey,8362,456701
2020,Lance Lynn,TEX,84,3.3214285714285716,3.56,0.20447284345047922,1.0595238095238095,0.24170616113744076,0.79427083,4.191419315338135,0.216216216,0.36036036,0.423423423,0.106382978,0.138297872,4.337353609,0.11150568,0.25872093,0.07267442,0.18604651,4.077957304485991,-0.869990744,9.055302036830357,0.05357143,0.37053571,,108.01557142857145,99.58687230989959,106.80703012912483,104.60602582496412,0.31360202,0.72964169,0.49502841,0.6746988,0.83035714,0.77474892,0.43607955,0.15482955,0.26633523,33,Lance Lynn,2520,458681
2021,Clayton Kershaw,LAD,121.2,3.550685005724868,6.85714286,0.22198275862068967,1.0191781034951009,0.28852459016393445,0.71698113,2.9974313791331935,0.184466019,0.485436893,0.330097087,0.117647058,0.147058823,2.873855515553386,0.16722038,0.29508197,0.04303279,0.25204918,3.095488827897568,0.5532536265916743,11.383689788450678,0.06875,0.36875,,112.28237951807229,124.37106430155212,101.00903547671838,106.39772727272727,0.36,0.69398207,0.50442968,0.46341463,0.80811808,0.66849616,0.4324474,0.16002215,0.32724252,33,Clayton Kershaw,2036,477132
2021,Alex Cobb,LAA,93.1,3.7607144906569614,2.96969697,0.23809523809523808,1.2642857831838217,0.31496062992125984,0.65789474,2.923605537609178,0.229571984,0.533073929,0.237354085,0.016393442,0.081967213,3.3803136666612037,0.11209626,0.24936387,0.08396947,0.1653944,3.8287170381305473,0.8371089530477835,9.980072021484375,0.04247104,0.37451737,,75.275,98.14920735573875,102.99942929613188,102.71870640456562,0.34626866,0.61780105,0.44486692,0.65229885,0.84180791,0.74786325,0.36311787,0.18809373,0.30018999,33,Alex Cobb,6562,502171
2021,Brett Anderson,MIL,96,4.2187503352761535,2.07142857,0.2691292875989446,1.3541667742861727,0.29354838709677417,0.68610635,4.388784219324597,0.217252396,0.575079872,0.207667731,0.03076923,0.169230769,4.093821052427545,0.06564987,0.14180929,0.06845966,0.07334963,4.529252943902059,-0.170033884,7.745757208930121,0.09345794,0.46728972,,24.899999999999995,78.45630662020903,97.27846689895469,93.12174216027876,0.28125,0.63686131,0.41047745,0.71481481,0.93696275,0.84006462,0.36339523,0.17241379,0.23806366,33,Brett Anderson,8223,474463
2021,Dallas Keuchel,CHW,156.1,5.181236842344137,1.57894737,0.28594249201277955,1.509594931843477,0.30409356725146197,0.67836812,5.159373206,0.200374531,0.552434456,0.247191011,0.075757575,0.174242424,4.736531833,0.08633922,0.13043478,0.0826087,0.04782609,5.021150427589292,0.021863635964717076,8.441252591,0.09141791,0.4011194,,75.89824561403509,76.38797541298504,99.03565117172495,97.21682673837878,0.31925969,0.67160775,0.43783576,0.7173913,0.88285229,0.80280456,0.33653108,0.16730622,0.25364543,33,Dallas Keuchel,9434,572971
2021,Garrett Richards,BOS,110.1,5.220544047308702,1.8125,0.29711751662971175,1.6495469038371247,0.3352601156069364,0.72311496,5.154928473787537,0.217630853,0.465564738,0.316804407,0.113043478,0.156521739,4.8730702543685895,0.09416097,0.17261905,0.0952381,0.07738095,5.035253527480593,0.065615574,5.232390806772317,0.09340659,0.49450549,,100.78414055080721,103.91954569466456,97.82202852614897,99.44506075013207,0.27868852,0.72916667,0.48342977,0.59861592,0.9,0.80522307,0.45449763,0.15307733,0.2472383,33,Garrett Richards,9784,572070
2021,Mike Minor,KCR,158.2,5.048319651391784,3.63414634,0.2504012841091493,1.2415967182574053,0.29017857142857145,0.66425121,4.291882933887438,0.202558635,0.383795309,0.413646055,0.092783505,0.134020618,4.318897132414963,0.10682945,0.22272048,0.0612855,0.16143498,4.2033190335811295,0.7564367175043465,8.451301445625557,0.092827,0.35654008,,83.96001780943901,95.27198622273248,100.12797550708001,101.61932644469962,0.33744322,0.69416126,0.48435115,0.66538462,0.85847797,0.77935382,0.41183206,0.16138878,0.26821824,33,Mike Minor,10021,501985
2021,Kyle Gibson,- - -,177.2,3.4953096185123753,2.49180328,0.2277526395173454,1.1932457956918254,0.2727272727272727,0.74771109,3.777914056121367,0.192913385,0.517716535,0.289370078,0.081632653,0.108843537,4.067001673440755,0.10355987,0.20793434,0.08344733,0.124487,4.353773923347307,-0.282604438,9.656892716025757,0.04500978,0.38551859,,83.87636887608069,100.46365305955156,99.32430962232759,98.79500367862076,0.32199671,0.68272251,0.44600432,0.6286201,0.89263804,0.76755448,0.3437725,0.16828479,0.27184466,33,Kyle Gibson,10123,502043
2021,Jacob deGrom,NYM,92,1.076086956521739,13.27272727,0.1282051282051282,0.5543478260869565,0.2125,0.87155963,1.235251513771389,0.174698795,0.439759036,0.385542168,0.171875,0.09375,1.6148077757462214,0.21615008,0.45061728,0.03395062,0.41666667,1.743321385873792,-0.159164557,9.581125432794744,0.06626506,0.36746988,,139.4875,151.43637846655793,105.67969004893962,115.1132137030995,0.43236074,0.74576271,0.55301794,0.45092025,0.75568182,0.60914454,0.38499184,0.14192496,0.35807504,33,Jacob deGrom,10954,594798
2021,Kenta Maeda,MIN,106.1,4.655172636464882,3.53125,0.2560386473429952,1.2978057047114215,0.3157894736842105,0.69331158,4.101068649760018,0.242424242,0.383838383,0.373737373,0.135135135,0.144144144,3.9867507388187162,0.13577465,0.24944812,0.07064018,0.17880795,3.9751353089005863,0.554103987,9.224442359409041,0.06312292,0.36212625,,71.53224400871458,100.27546531302882,102.36706147772142,100.97360406091367,0.35191956,0.7195301,0.49295775,0.57662338,0.84081633,0.72457143,0.38366197,0.14704225,0.2828169,33,Kenta Maeda,18498,628317
2022,Chris Archer,MIN,102.2,4.558441671,1.75,0.22538860103626943,1.3149350975070087,0.25862068965517243,0.67656766,4.485807659059417,0.193333333,0.436666666,0.37,0.063063063,0.108108108,4.566856399762253,0.09513151,0.19221968,0.10983982,0.08237986,4.759681941,0.072634012,10.86427924177116,0.08609272,0.44039735,,84.50830721003135,109.78785599140247,96.00376141859215,96.36534121440083,0.27693762,0.68175583,0.4420817,0.64846416,0.86519115,0.78481013,0.40794628,0.16060436,0.25573587,33,Chris Archer,6345,502042
2022,Miles Mikolas,STL,199.1,3.295986706175194,3.92307692,0.2232620320855615,1.0334448424232723,0.24912280701754386,0.74576271,3.885006272212645,0.202702702,0.451013513,0.346283783,0.092682926,0.121951219,3.777024970852617,0.08285164,0.19293821,0.04918033,0.14375788,3.963633640978726,-0.589019566,8.935558364,0.06890756,0.36302521,,74.81964705882355,93.07556561085973,105.89004524886876,101.38975436328374,0.31520468,0.69301994,0.48554913,0.72356215,0.88797533,0.82936508,0.45086705,0.17662171,0.25947335,33,Miles Mikolas,9803,571945
2022,Merrill Kelly,ARI,200.1,3.3693844449463004,2.90163934,0.2253711201079622,1.1381031902929726,0.26887661141804786,0.76271186,3.651532512854616,0.193202146,0.427549194,0.379248658,0.103773584,0.099056603,3.855384333200746,0.0970368,0.22014925,0.07587065,0.14427861,4.011705752537176,-0.282148068,8.967660916028013,0.08333333,0.36347518,,81.82737843551799,97.17224396607963,105.07133072407044,102.17462491846054,0.32883642,0.69689922,0.48354513,0.69230769,0.86874305,0.79919137,0.42033236,0.16997721,0.267014,33,Merrill Kelly,11156,518876
2022,Jose Quintana,- - -,165.2,2.933601654691357,2.91489362,0.24483306836248012,1.213279696693339,0.30165289256198347,0.74170124,2.9917066537335226,0.224948875,0.464212678,0.310838445,0.078947368,0.052631578,3.722186440007391,0.10609398,0.2017673,0.06921944,0.13254786,4.023369083968035,-0.058104999,8.686456989439984,0.05487805,0.35772358,,70.29388379204893,83.37531617828795,102.73050491885154,96.29399137244643,0.35974914,0.68976215,0.4770305,0.66402536,0.88455772,0.77734977,0.35538405,0.14684288,0.25293686,33,Jose Quintana,11423,500779
2022,Drew Smyly,CHC,106.1,3.4702196017283664,3.5,0.24278846153846154,1.194357423901091,0.2750809061488673,0.78467153,4.231553312247695,0.175925925,0.401234567,0.422839506,0.145985401,0.116788321,4.1827502535711885,0.12403528,0.20357942,0.05816555,0.14541387,4.060421562914029,-0.761333711,,0.08615385,0.34461538,,,96.94541231126598,105.75040650406503,103.2518583042973,0.36354582,0.71234568,0.51929438,0.62739726,0.8457539,0.7611465,0.44652701,0.15049614,0.27453142,33,Drew Smyly,11760,592767
2022,Chris Bassitt,NYM,181.2,3.418348815265554,3.40816327,0.232796486,1.1449541925527138,0.28169014084507044,0.77160494,3.6573851606185865,0.171875,0.48828125,0.33984375,0.091954022,0.109195402,3.7156472351952115,0.1004851,0.22416107,0.06577181,0.15838926,3.7454431182402335,-0.239036345,7.784115745907738,0.06589147,0.32751938,,69.88783068783069,97.87792433182922,102.87042693509197,101.41610551891705,0.30429212,0.64981132,0.46292446,0.70736842,0.82462253,0.78293413,0.45911296,0.19161469,0.29209979,33,Chris Bassitt,12304,605135
2023,Nathan Eovaldi,TEX,144,3.625,2.80851064,0.22328244274809161,1.1388888888888888,0.27055702917771884,0.74496644,3.8800403594970705,0.169230769,0.51025641,0.32051282,0.064,0.12,3.9610748681343266,0.11498881,0.2287695,0.08145581,0.14731369,4.175416759090963,-0.255040359,8.003088334837544,0.07908163,0.43112245,,91.78411552346572,101.2373087308731,100.06872187218721,97.92718271827182,0.3179792,0.71557562,0.47580645,0.61915888,0.85173502,0.75800377,0.39695341,0.15167785,0.26666667,33,Nathan Eovaldi,9132,543135
2023,Patrick Corbin,WSN,180,5.2,2.1754386,0.2880658436213992,1.4833333333333334,0.3094405594405594,0.70284698,5.277262581719293,0.216806722,0.442016806,0.34117647,0.068965517,0.162561576,4.758542615340816,0.09196581,0.15696203,0.0721519,0.08481013,5.009677663752899,-0.077262582,8.144906127186866,0.09256198,0.43801653,,64.96612576064909,80.64468524251805,100.94379084967323,94.71066391,0.30679837,0.66527893,0.454141,0.6344697,0.9048811,0.79728711,0.41101985,0.15794872,0.24991453,33,Patrick Corbin,9323,571578
2023,Zack Wheeler,PHI,192,3.609375,5.43589744,0.2273342354533153,1.078125,0.29191321499013806,0.71276596,3.1508736928304044,0.202290076,0.41221374,0.385496183,0.143564356,0.0990099,3.536170850632092,0.13267891,0.26937738,0.04955527,0.21982211,3.5332911320929963,0.4585013071695956,8.813294793567518,0.0512334,0.36242884,,111.8389781021898,107.3997220678154,105.17451361867704,110.26639799888828,0.36637459,0.7103085,0.51125198,0.61883408,0.82627119,0.74023559,0.42123613,0.14281191,0.27549082,33,Zack Wheeler,10310,554430
2023,Kyle Hendricks,CHC,137,3.7445255474452557,3.44444444,0.2522851919561243,1.2043795620437956,0.2834467120181406,0.66976127,3.8097848850445155,0.195991091,0.46325167,0.340757238,0.130718954,0.08496732,4.422652172302678,0.09232955,0.16089965,0.0467128,0.11418685,4.631441776697011,-0.065259338,8.476974487304688,0.06167401,0.31277533,,67.11527777777779,59.72648315140009,105.31205505457997,93.42937826293308,0.36433513,0.62903226,0.46559089,0.71729958,0.87968442,0.80122324,0.38253441,0.19081439,0.28314394,33,Kyle Hendricks,12049,543294
2023,Seth Lugo,SDP,146.1,3.567198301665436,3.88888889,0.24778761061946902,1.202733526998308,0.29802955665024633,0.76771654,3.8290722701098994,0.211764705,0.451764705,0.336470588,0.097902097,0.132867132,3.7568351433270974,0.08999159,0.23178808,0.05960265,0.17218543,3.970280197607866,-0.261873968,9.799077748307464,0.09647059,0.44235294,,86.96446499339497,102.75193765796122,101.99161752316768,102.54338668913225,0.28460342,0.66880734,0.46085859,0.64754098,0.88340192,0.80456621,0.45875421,0.18713204,0.27712363,33,Seth Lugo,12447,607625
2023,Sonny Gray,MIN,184,2.7880434782608696,3.32727273,0.22510822510822512,1.1467391304347827,0.2948207171314741,0.76773567,2.825692533410114,0.221782178,0.473267326,0.304950495,0.084415584,0.051948051,3.6442586753031483,0.11390166,0.24270557,0.0729443,0.16976127,3.9499351412851196,-0.037649055,7.205181661076571,0.06862745,0.39019608,,105.0625654450262,103.44773834377179,100.95626304801671,103.84398051496171,0.31840491,0.68686869,0.47374024,0.55298651,0.88970588,0.7588015,0.42157559,0.16554652,0.27944818,33,Sonny Gray,12768,543243
2023,Tyler Anderson,LAA,132,5.5227272727272725,1.84745763,0.2652671755725191,1.5,0.3047858942065491,0.6785317,4.876252480709192,0.210268948,0.308068459,0.481662591,0.086294416,0.091370558,5.571027446831717,0.12494501,0.18474576,0.1,0.08474576,5.293514407,0.6464747920180809,10.980350654069767,0.08192771,0.31325301,,81.16093023255813,90.91859450021825,99.20580532518552,96.86324749017899,0.32315711,0.74731183,0.4967004,0.62903226,0.82302158,0.74844996,0.4091509,0.13902332,0.26396832,33,Tyler Anderson,12880,542881
2023,Anthony DeSclafani,SFG,95.1,4.720279972118029,4.27777778,0.25935828877005346,1.2062937706523853,0.29328621908127206,0.64386318,4.2410543981172815,0.243150684,0.421232876,0.335616438,0.091836734,0.142857142,4.031562833308706,0.08542373,0.19444444,0.04545455,0.1489899,4.275590935905878,0.47922557400074783,8.992440359933036,0.08417508,0.44781145,,87.65494505494505,93.84004093,98.71050477489769,97.43826739,0.30267753,0.69168026,0.46467391,0.67307692,0.90330189,0.81578947,0.41644022,0.17491525,0.26033898,33,Anthony DeSclafani,13050,543101
2017,Max Scherzer,WSN,200.2,2.511627843314951,4.87272727,0.17647058823529413,0.9019933326190598,0.24528301886792453,0.80645161,2.898503488157563,0.168949771,0.365296803,0.465753424,0.117647058,0.107843137,3.281608885374565,0.15525554,0.34358974,0.07051282,0.27307692,2.976355347097688,-0.386875645,9.734496552333805,0.05156951,0.29147982,,,,,,0.35006196,0.68737475,0.51237544,0.51858407,0.79494655,0.69698871,0.48119576,0.15911283,0.31436837,32,Max Scherzer,3137,453286
2017,Jeff Samardzija,SFG,207.2,4.420545962928341,6.40625,0.2521631644004944,1.1364366527789636,0.30313588850174217,0.675,3.610288191507184,0.220735785,0.414715719,0.364548494,0.087155963,0.137614678,3.599596890063968,0.10021387,0.2420307,0.0377804,0.2042503,3.632062774376187,0.8102577714211572,9.408296130952381,0.05960265,0.33609272,,,,,,0.32808858,0.66217084,0.48701497,0.68028419,0.85645005,0.79422836,0.47571036,0.17873511,0.27894898,32,Jeff Samardzija,3254,502188
2017,Matt Cain,SFG,119.1,5.053073164132525,1.65909091,0.29959514170040485,1.608938718927769,0.32592592592592595,0.67995311,4.808477858947047,0.240875912,0.418491484,0.340632603,0.092857142,0.114285714,5.152328860859809,0.04742478,0.13543599,0.08163265,0.05380334,5.3691645077569055,0.24459530518547812,8.148366113852338,0.04988124,0.35391924,,,,,,0.24681685,0.62579957,0.42827973,0.81349206,0.92163543,0.88915375,0.47881572,0.19479857,0.24222336,32,Matt Cain,4732,430912
2017,Ian Kennedy,KCR,154,5.376622843891209,2.14754098,0.2427843803056027,1.3246751934224716,0.25707547169811323,0.68153656,5.612184905555506,0.162637362,0.36043956,0.476923076,0.069124423,0.156682027,5.2485548563691395,0.08936009,0.2,0.09312977,0.10687023,4.876472941019879,-0.235562062,10.878376541646807,0.10262009,0.3580786,,,,,,0.25126354,0.67595541,0.45323741,0.71264368,0.83981154,0.80284043,0.47557743,0.17001136,0.25937145,32,Ian Kennedy,6986,453178
2017,Mike Fiers,HOU,152.1,5.140043935297256,2.39344262,0.26182432432432434,1.4179431545647605,0.2971014492753623,0.7383279,5.428974562174085,0.196796338,0.42791762,0.375286041,0.073170731,0.195121951,4.613159872120419,0.0908394,0.21921922,0.09159159,0.12762763,4.492712338748519,-0.288930627,10.639116387150757,0.07174888,0.32511211,,,,,,0.30042614,0.64446295,0.45879647,0.69503546,0.86046512,0.80200501,0.46032963,0.17247988,0.26331928,32,Mike Fiers,7754,571666
2017,Josh Tomlin,CLE,141,4.978722865466085,7.78571429,0.2927689594356261,1.2765956065297654,0.32873563218390806,0.68511199,4.115086399111192,0.232300884,0.396017699,0.371681415,0.071428571,0.136904761,4.113947805100774,0.08429119,0.18632479,0.02393162,0.16239316,4.169083889252389,0.863636466,9.338573338,0.06768559,0.36244541,,,,,,0.32410714,0.67045455,0.48467433,0.69972452,0.89676425,0.82608696,0.46360153,0.18965517,0.27394636,32,Josh Tomlin,9388,458708
2018,Corey Kluber,CLE,215,2.8883720930232557,6.52941176,0.22236024844720498,0.9906976744186047,0.27598566308243727,0.77900552,3.1232222734495654,0.222996515,0.444250871,0.332752613,0.099476439,0.130890052,3.0788431280574136,0.12008802,0.26365796,0.04038005,0.22327791,3.2326057808330098,-0.23485018,7.978336767399267,0.05831904,0.33104631,,,,,,0.34991799,0.6572909,0.48050314,0.559375,0.88738739,0.75,0.42484277,0.18359007,0.30367809,32,Corey Kluber,2429,446372
2018,David Price,BOS,176,3.5795454545454546,3.54,0.2280966767371601,1.1420454545454546,0.27391304347826084,0.77272727,4.0183861212296925,0.205821205,0.401247401,0.392931392,0.132275132,0.132275132,3.9454046072777023,0.09572901,0.24515235,0.06925208,0.17590028,3.8194826295494284,-0.438840667,8.295883517795138,0.07216495,0.35257732,,,,,,0.30865829,0.67913549,0.47275405,0.68522484,0.86168911,0.79750779,0.44293078,0.17857143,0.27430044,32,David Price,3184,456034
2018,Jake Arrieta,PHI,172.2,3.961390194772268,2.42105263,0.25,1.2857143614611746,0.2874251497005988,0.68136273,4.255026234856957,0.198443579,0.515564202,0.285992217,0.102040816,0.142857142,4.080049889162996,0.07826087,0.19060773,0.07872928,0.11187845,4.290269722510514,-0.29363604,8.799319652800865,0.04980843,0.31609195,,,,,,0.3032345,0.63087774,0.45471014,0.70666667,0.89565217,0.82788845,0.46231884,0.18115942,0.25942029,32,Jake Arrieta,4153,453562
2018,Jordan Zimmermann,DET,131.1,4.522842814754072,4.26923077,0.26515151515151514,1.2639594398134275,0.2879177377892031,0.71428571,4.881243825159693,0.219806763,0.350241545,0.42995169,0.08988764,0.15730337,4.348153607548318,0.09104046,0.19964029,0.04676259,0.1528777,4.194516353818245,-0.35840101,9.217945514169472,0.08633094,0.38369305,,,,,,0.33415638,0.68604651,0.48,0.68719212,0.89491525,0.81024096,0.41445783,0.18159923,0.27263969,32,Jordan Zimmermann,4505,519455
2018,Félix Hernández,SEA,150,5.64,2.15789474,0.25925925925925924,1.4066666666666667,0.2876404494382023,0.6323687,5.153764909,0.194805194,0.465367965,0.339826839,0.114649681,0.165605095,4.6291220451394715,0.0803067,0.18552036,0.08597285,0.09954751,4.607613355551315,0.48623509089151984,8.289556227,0.07643312,0.38641189,,,,,,0.29840389,0.6447241,0.44300728,0.67674419,0.90990991,0.81843066,0.41754244,0.1787732,0.2590799,32,Felix Hernandez,4772,433587
2018,Gio González,- - -,171,4.210526034002068,1.85,0.25150602409638556,1.4444443477757092,0.30060120240480964,0.73268206,4.160431508850638,0.225296442,0.452569169,0.322134387,0.08588957,0.104294478,4.442380384679367,0.09563203,0.19839142,0.10723861,0.09115282,4.730444740767977,0.050094525151429536,8.728058966036835,0.05620155,0.34302326,,,,,,0.28494624,0.65490534,0.42720053,0.66226415,0.85545335,0.77614253,0.38451357,0.17041694,0.26604897,32,Gio Gonzalez,7448,461829
2018,Yovani Gallardo,TEX,92,5.771741044995198,1.30232558,0.276536313,1.5434787728612396,0.2975778546712803,0.66772655,5.24738879,0.226666666,0.446666666,0.326666666,0.051020408,0.132653061,5.169761368552534,0.05827068,0.13895782,0.10669975,0.03225807,5.460299691623265,0.5243522552104887,10.299310315423597,0.06291391,0.40397351,,,,,,0.25717322,0.61679389,0.4047619,0.74380165,0.92326733,0.85603715,0.410401,0.17669173,0.23496241,32,Yovani Gallardo,8173,451596
2018,Homer Bailey,CIN,106.1,6.094043741398545,2.27272727,0.30718954248366015,1.6363635972273871,0.3268698060941828,0.65368567,5.549146252,0.243967828,0.426273458,0.329758713,0.073170731,0.186991869,4.647722986,0.08943544,0.15182186,0.06680162,0.08502024,4.815800519695992,0.5448974892110057,8.484198488356995,0.06770833,0.42708333,,,,,,0.32980973,0.69869514,0.50363331,0.66025641,0.90831919,0.82241953,0.47121297,0.15986585,0.24930129,32,Homer Bailey,8362,456701
2018,Wei-Yin Chen,MIA,133.1,4.792500182819373,2.36170213,0.25,1.3350000509262105,0.28426395939086296,0.6824147,4.427931624126437,0.198511166,0.369727047,0.431761786,0.120689655,0.109195402,4.730789338724552,0.08453237,0.19405594,0.08216783,0.11188811,4.625710373949505,0.3645685586929366,10.019922209153123,0.05084746,0.31234867,,,,,,0.28659476,0.67891892,0.44984256,0.70967742,0.87261146,0.812,0.41610436,0.1875,0.27203237,32,Wei-Yin Chen,13071,612672
2019,Iván Nova,CHW,187,4.716577540106952,2.42553191,0.3,1.4545454545454546,0.3217821782178218,0.72803347,4.978715358060949,0.236044657,0.460925039,0.303030303,0.1,0.157894736,4.914272136516112,0.08319468,0.14143921,0.05831266,0.08312655,5.163250073,-0.262137818,6.777740478515625,0.06761006,0.3836478,,,,,,0.33428408,0.6976,0.48551449,0.70819113,0.90940367,0.82853224,0.41625042,0.14808652,0.2312812,32,Ivan Nova,1994,467100
2019,Lance Lynn,TEX,208.1,3.6720000896484395,4.16949153,0.24133663366336633,1.2192000297656258,0.32162661737523107,0.74376612,3.127609473598633,0.214028776,0.402877697,0.383093525,0.103286384,0.098591549,3.8509735849678814,0.12468337,0.28114286,0.06742857,0.21371429,3.826219987937597,0.5443906160498067,8.460881260932455,0.0569395,0.32918149,,,,,,0.29904186,0.72420382,0.48691247,0.61720067,0.81002639,0.74393064,0.4418801,0.15057698,0.27526034,32,Lance Lynn,2520,458681
2019,Tanner Roark,- - -,165.1,4.354838642691972,3.09803922,0.2735562310030395,1.3971773978636741,0.3220338983050847,0.78125,4.665622356605332,0.27125506,0.362348178,0.366396761,0.093922651,0.154696132,4.641708635,0.08489305,0.21883657,0.07063712,0.14819945,4.571114660841998,-0.310783714,9.941029092539912,0.074,0.358,,,,,,0.28121485,0.70840198,0.45454545,0.704,0.87674419,0.81323529,0.40574866,0.15775401,0.24264706,32,Tanner Roark,8753,543699
2019,Wade Miley,HOU,167.1,3.9800794393179575,2.29508197,0.25076452599388377,1.3446214322020127,0.28716904276985744,0.74317492,4.510822145876172,0.205128205,0.49704142,0.297830374,0.066225165,0.15231788,4.519009923316304,0.09299191,0.19444444,0.08472222,0.10972222,4.803522836874467,-0.530742707,9.981956229304636,0.03891051,0.30933852,,,,,,0.29266988,0.69881711,0.4430593,0.67641682,0.87109375,0.79011407,0.37028302,0.16037736,0.25336927,32,Wade Miley,8779,489119
2019,Andrew Cashner,- - -,126.2,4.831578898865761,1.89130435,0.25865580448065173,1.3657894599734912,0.2823834196891192,0.67852437,4.871904195907044,0.166666666,0.5,0.333333333,0.059701492,0.134328358,5.128906205288142,0.08834586,0.16081331,0.08502773,0.07578558,5.245568519619774,-0.040325297,9.760772485977563,0.07425743,0.42326733,,,,,,0.28491172,0.68253968,0.44971805,0.69014085,0.87043189,0.80355277,0.41447368,0.16165414,0.25,32,Andrew Cashner,8782,488768
2019,Yu Darvish,CHC,178.2,3.9794778385149736,4.08928571,0.21084337349397592,1.0970149878325384,0.26616915422885573,0.77736318,4.176696097683501,0.208816705,0.45475638,0.336426914,0.034482758,0.227586206,3.3899508264896556,0.13377809,0.31326949,0.07660739,0.23666211,3.554513925646282,-0.197218259,9.48197223,0.07586207,0.37471264,,,,,,0.33754741,0.64691943,0.47507022,0.55992509,0.82173382,0.71840355,0.44452247,0.17661517,0.31039326,32,Yu Darvish,13074,506433
2019,Hyun Jin Ryu,LAD,182.2,2.3156931727396084,6.79166667,0.2302158273381295,1.0072991578820045,0.27766990291262134,0.82216809,3.099045984862779,0.242248062,0.503875968,0.253875968,0.091603053,0.129770992,3.315757478258041,0.11382114,0.22544952,0.03319502,0.1922545,3.7703352654241766,-0.783352812,7.690905397823509,0.04135338,0.30827068,,,,,,0.36701798,0.67795059,0.49260902,0.67060811,0.84750337,0.76894224,0.40391722,0.16814486,0.281966,32,Hyun Jin Ryu,14444,547943
2021,Michael Pineda,MIN,106.1,3.7241381091719057,4.25,0.2641509433962264,1.2413793697239686,0.2950310559006211,0.77132486,4.270347654722377,0.221556886,0.401197604,0.377245508,0.063492063,0.134920634,4.282663905626784,0.10402886,0.19058296,0.04484305,0.14573991,4.373212149327908,-0.546209546,8.586158311631944,0.09144543,0.4660767,,69.29177777777778,84.47617611580219,106.62653799758745,99.72569360675517,0.3701367,0.71067416,0.51593506,0.65909091,0.89525692,0.7983683,0.42814191,0.17558629,0.27961515,32,Michael Pineda,5372,501381
2021,Wily Peralta,DET,92.1,3.119133745827451,1.54054054,0.2443820224719101,1.3429603627868192,0.2613240418118467,0.7823741,4.957037831014018,0.189830508,0.508474576,0.301694915,0.13483146,0.13483146,4.968173888664336,0.08627451,0.14357683,0.09319899,0.05037783,5.257330628585894,-1.837904085,9.395735292609908,0.0735786,0.3812709,,59.53517060367454,80.37732026143793,96.97771241830068,90.93418300653595,0.28419936,0.72061329,0.45163399,0.68656716,0.88652482,0.8089725,0.38366013,0.1496732,0.23594771,32,Wily Peralta,7738,503449
2021,Merrill Kelly,ARI,158,4.443037974683544,3.17073171,0.2620578778135048,1.2911392405063291,0.30148619957537154,0.70548712,4.1067429832265345,0.216494845,0.439175257,0.344329896,0.125748502,0.125748502,4.243758648671681,0.08824742,0.19490255,0.06146927,0.13343328,4.425011611069394,0.3362949914570095,9.191942414314516,0.06300813,0.39430894,,82.05316129032259,90.89013619479982,104.14944283945528,100.54283945522077,0.31119403,0.70202952,0.4859736,0.66666667,0.90144547,0.81833616,0.44719472,0.17278351,0.26103093,32,Merrill Kelly,11156,518876
2021,Matt Harvey,BAL,127.2,6.274151936,2.56756757,0.2962962962962963,1.5430810629010363,0.33098591549295775,0.60433295,4.6034546022177505,0.220454545,0.427272727,0.352272727,0.09032258,0.122580645,4.8108394460628805,0.0797491,0.16323024,0.06357388,0.09965636,4.854043443909393,1.6706973337402697,8.646883994654605,0.07865169,0.40898876,,80.18802631578947,88.28770197,103.4386894075404,98.86979353680434,0.3081255,0.69160768,0.47804659,0.70234987,0.90643275,0.83317713,0.44310036,0.16129032,0.24103943,32,Matt Harvey,11713,518774
2021,Drew Smyly,ATL,115.2,4.746397798882252,2.86842105,0.2646420824295011,1.383285333007578,0.2923076923076923,0.76489533,5.357354055285274,0.200581395,0.395348837,0.404069767,0.086330935,0.194244604,4.443057224772327,0.118,0.21756487,0.0758483,0.14171657,4.411826811,-0.610956256,11.467878861860795,0.10795455,0.39488636,,67.5,96.58304187,104.3563063063063,100.32490726020137,0.33275563,0.71276596,0.4935,0.578125,0.87728027,0.76089159,0.423,0.158,0.276,32,Drew Smyly,11760,592767
2021,Chris Bassitt,OAK,157.1,3.146186542387705,4.07692308,0.21635434412265758,1.0550847798714325,0.2711864406779661,0.78205128,3.3416442975063707,0.199530516,0.417840375,0.382629107,0.067484662,0.092024539,3.930146604459265,0.10079798,0.24960754,0.06122449,0.18838305,3.855090022554234,-0.195457755,8.299650969328704,0.06542056,0.3271028,,69.57973856,97.0497399,103.67703081232492,101.54697879151658,0.29473684,0.67190227,0.47627047,0.65934066,0.84935065,0.78835979,0.48131037,0.1797564,0.28055439,32,Chris Bassitt,12304,605135
2021,Kwang Hyun Kim,STL,96.2,3.6310345782848117,2.24242424,0.24193548387096775,1.2724138265784382,0.27526132404181186,0.76164875,4.2665858754533375,0.200680272,0.455782312,0.343537414,0.128712871,0.108910891,4.630729762124408,0.09017912,0.1809291,0.0806846,0.1002445,4.797415067777296,-0.635551297,9.206592973456326,0.0738255,0.36912752,,76.95376506024095,83.28276503,97.05275883446991,95.46627402,0.29345603,0.65678627,0.43730698,0.68292683,0.86935867,0.79378531,0.39592341,0.17603459,0.26621371,32,Kwang Hyun Kim,27458,547942
2022,Madison Bumgarner,ARI,158.2,4.878151573254983,2.28571429,0.2796875,1.4369748820441035,0.3061630218687873,0.69306931,4.845624390093596,0.211538461,0.369230769,0.419230769,0.082568807,0.114678899,4.8312579820060195,0.07734807,0.16045845,0.07020057,0.09025788,4.764286823672456,0.032527183,8.987043108258929,0.09848485,0.4280303,,61.03168202764978,76.29966839,99.23179808400887,92.58131908621962,0.30057803,0.72342264,0.48084009,0.75213675,0.88769415,0.83908046,0.42630803,0.16169429,0.23904236,32,Madison Bumgarner,5524,518516
2022,Jake Odorizzi,- - -,106.1,4.401254287,2.45714286,0.25542168674698795,1.326018919775941,0.2920634920634921,0.69131833,4.2785753,0.216463414,0.31707317,0.466463414,0.143790849,0.091503267,4.697037894235114,0.10233593,0.18984547,0.07726269,0.11258278,4.588896752782857,0.12267898701001023,10.067934251868207,0.07294833,0.32826748,,61.59358695652173,73.65467185761958,102.70278086763071,94.80016685205781,0.31885397,0.77374302,0.5,0.71014493,0.84837545,0.79532814,0.39822024,0.13403782,0.23637375,32,Jake Odorizzi,6397,543606
2022,Nathan Eovaldi,BOS,109.1,3.868902619008442,5.15,0.2619589977220957,1.2347561550026942,0.2984126984126984,0.75984991,4.301455447221358,0.164670658,0.47005988,0.365269461,0.114754098,0.172131147,3.4563798037881703,0.12420932,0.22391304,0.04347826,0.18043478,3.551078954624776,-0.432552828,8.453602300412294,0.10714286,0.44940476,,90.01364317841079,106.75201380897583,106.04735327963175,107.05391254315306,0.36326531,0.72990777,0.52328925,0.61797753,0.85559567,0.76263736,0.43645773,0.15986199,0.28407131,32,Nathan Eovaldi,9132,543135
2022,Patrick Corbin,WSN,152.2,6.307860682315789,2.6122449,0.319634703,1.6965066632604249,0.3645418326693227,0.64417178,4.8351385400319025,0.228571428,0.441904761,0.329523809,0.075144508,0.156069364,4.2135483690383255,0.09187953,0.17952314,0.0687237,0.11079944,4.334249667955211,1.472722142283886,8.803650452210023,0.10964083,0.44612476,,53.91306306306306,79.22608695652173,101.25560640732265,95.32196796,0.33077905,0.68117313,0.47197865,0.69111969,0.8875,0.80533118,0.40297369,0.16622188,0.25810141,32,Patrick Corbin,9323,571578
2022,Zack Wheeler,PHI,153,2.823529411764706,4.79411765,0.22084805653710246,1.0392156862745099,0.28717948717948716,0.77131258,2.890208779440986,0.211970074,0.458852867,0.329177057,0.09090909,0.098484848,3.0628150625945696,0.11407973,0.26853377,0.05601318,0.21252059,3.1868084960500123,-0.066679368,9.430311795465931,0.07692308,0.34491315,,118.46603206412826,112.48430873621719,105.65703986429176,108.37073791348601,0.35955882,0.6993988,0.50339271,0.67689162,0.84097421,0.77337826,0.42324003,0.16242578,0.27650551,32,Zack Wheeler,10310,554430
2022,Kyle Hendricks,CHC,84.1,4.802371831139837,2.75,0.25835866261398177,1.2924901965289932,0.28225806451612906,0.73626374,4.819940986068484,0.211538461,0.361538461,0.426923076,0.099099099,0.135135135,4.456158400958756,0.10319228,0.18539326,0.06741573,0.11797753,4.428491794624643,-0.017569155,9.238527436,0.09885932,0.3878327,,70.51089385,97.99324424647367,102.45679287305121,98.65850037119525,0.33171913,0.64683301,0.45360059,0.67518248,0.85163205,0.77250409,0.38678545,0.1796585,0.28285078,32,Kyle Hendricks,12049,543294
2022,Sonny Gray,MIN,119.2,3.0835655251413314,3.25,0.2219730941704036,1.128133728710243,0.27672955974842767,0.77229299,3.404910116514012,0.198170731,0.445121951,0.356707317,0.17094017,0.094017094,3.6573047201769326,0.09241453,0.2397541,0.07377049,0.16598361,3.731327832,-0.321344591,8.800004438920455,0.05471125,0.39209726,,89.57689393939393,96.94769560557343,99.54924973204719,102.44142550911042,0.30246914,0.6300813,0.43162393,0.65889213,0.87956989,0.78589109,0.39423077,0.20192308,0.29433761,32,Sonny Gray,12768,543243
2022,Tyler Anderson,LAD,170.2,2.583984297991267,3.82352941,0.22169811320754718,1.025390594440979,0.258130081,0.7820197,3.376102868805174,0.179640718,0.393213572,0.427145708,0.116822429,0.06542056,4.165941043198275,0.11738424,0.19202363,0.05022157,0.14180207,4.129744348122349,-0.792118571,10.555592331781217,0.0513834,0.28853755,,79.95424973767051,94.62860625761881,104.55635920357581,104.84997968305568,0.39048991,0.69245107,0.52214547,0.65313653,0.8640646,0.77509728,0.43600163,0.16409423,0.28147847,32,Tyler Anderson,12880,542881
2022,Ross Stripling,TOR,123.1,2.9189190392950537,7.14285714,0.2276595744680851,0.9810811215408375,0.26740947075208915,0.74349442,3.039458025680832,0.182561307,0.427792915,0.389645776,0.111888111,0.076923076,3.596426898104589,0.10880262,0.20576132,0.02880658,0.17695473,3.687714708339598,-0.120538986,11.213709077380953,0.08648649,0.37567568,,84.22999999999998,101.95668127053666,109.0270536692223,102.73389923329684,0.38285714,0.6970475,0.51667578,0.68905473,0.86372007,0.78941799,0.4259158,0.16621104,0.27501367,32,Ross Stripling,13273,548389
2023,Martín Pérez,TEX,108.1,4.984615618643687,1.68292683,0.28440366972477066,1.523076994585571,0.3037249283667622,0.72443182,5.304271224939475,0.207756232,0.409972299,0.382271468,0.065217391,0.130434782,5.250386995133756,0.07012543,0.14435146,0.08577406,0.05857741,5.427776407999847,-0.319655606,8.785309224189083,0.07901907,0.38419619,,77.79999999999998,73.32432126696831,102.8347285067873,93.68506787330317,0.30697674,0.67011834,0.44717304,0.75757576,0.90507726,0.84291188,0.38606511,0.18244014,0.25256556,32,Martin Perez,6902,527048
2023,Jordan Lyles,KCR,177.2,6.2814262508328635,2.66666667,0.25251076040172166,1.243902510245576,0.25464684014869887,0.56264501,5.619017980778255,0.178947368,0.335087719,0.485964912,0.129963898,0.140794223,5.343099217386467,0.08720312,0.16042781,0.06016043,0.10026738,5.147212467884085,0.6624082700546081,9.448970356054007,0.09878683,0.35528596,,75.21753774680604,85.16859799713876,101.0792203147353,96.83136623748207,0.31947743,0.71315093,0.47781328,0.67657993,0.91089109,0.81723626,0.40220092,0.1506558,0.23785892,32,Jordan Lyles,7593,543475
2023,Colin Rea,MIL,113.2,4.750733244120875,3.21875,0.231651376,1.1700880027186598,0.2540192926045016,0.70342205,4.882606378316259,0.188449848,0.422492401,0.38905775,0.1171875,0.171875,4.228316256688718,0.10284464,0.21868365,0.06794055,0.1507431,4.290577989458848,-0.131873134,8.487062548027664,0.08408408,0.43243243,,82.05273224043717,88.86417582417579,104.35384615384616,99.09483516483515,0.31653992,0.70038911,0.47888097,0.65165165,0.86666667,0.78465063,0.42292924,0.18107221,0.28391685,32,Colin Rea,12317,607067
2023,Mike Clevinger,CHW,131.1,3.769035678961727,2.75,0.242,1.2258883723491678,0.2807486631016043,0.77235772,4.282959181032087,0.188144329,0.30927835,0.502577319,0.133333333,0.082051282,5.154052555023584,0.09786223,0.2003643,0.07285974,0.12750455,4.808806489451584,-0.513923502,10.18350514861665,0.07179487,0.35641026,,101.32043868394817,100.07410926365799,100.21339667458436,99.95933492,0.31783601,0.71210469,0.49,0.66223404,0.87901991,0.79980564,0.43666667,0.16532067,0.2631829,32,Mike Clevinger,12808,605182
2023,Gerrit Cole,NYY,209,2.626794258373206,4.625,0.20496083550913838,0.9808612440191388,0.26145038167938933,0.80434783,3.1641312685879797,0.211111111,0.396296296,0.392592592,0.08490566,0.094339622,3.597196205609153,0.1168594,0.27040195,0.05846529,0.21193666,3.6260404162447184,-0.53733701,10.234424417768833,0.07536765,0.39154412,,124.8781483611271,121.01563071297988,103.7006093845216,108.78089579524674,0.33103448,0.7256447,0.49893325,0.63621795,0.84501481,0.76542456,0.42548004,0.16037736,0.27723676,32,Gerrit Cole,13125,543037
2023,Steven Matz,STL,89,4.044943820224719,3.07407407,0.2676056338028169,1.3707865168539326,0.3218390804597701,0.7527881,3.940433617924037,0.228782287,0.439114391,0.332103321,0.1,0.122222222,4.005620784839888,0.10446822,0.21671018,0.07049608,0.1462141,4.273654531697508,0.10451020230068231,,0.05147059,0.37867647,,,96.27939508506616,102.50201638311277,100.8254568,0.30469645,0.69187675,0.47889099,0.67293233,0.84008097,0.78157895,0.44990548,0.16865953,0.27312775,32,Steven Matz,13361,571927
2023,Marcus Stroman,CHC,133.2,4.039900556827883,2.25490196,0.2318271119842829,1.264339248340578,0.2831168831168831,0.6587202,3.6216239285425633,0.208121827,0.568527918,0.223350253,0.045454545,0.102272727,3.834803154349409,0.09195933,0.20426288,0.09058615,0.11367673,4.265091176895899,0.4182766282853194,8.668285716663707,0.05076142,0.40862944,,58.38843930635838,101.61803357314149,99.63338129496404,98.98508393285368,0.3048048,0.67714631,0.44742937,0.65763547,0.89285714,0.79399586,0.38304771,0.16820702,0.26016636,32,Marcus Stroman,13431,573186
2023,Kevin Gausman,TOR,185,3.1621621621621623,4.30909091,0.23120567375886525,1.1783783783783783,0.3207126948775056,0.76646091,2.968553873010584,0.19047619,0.426406926,0.383116883,0.107344632,0.107344632,3.2152742,0.12927385,0.31061599,0.07208388,0.23853211,3.340367661446791,0.19360828915157846,10.028759484104741,0.0982906,0.43162393,,109.56316463805251,105.2812418300653,103.99862745098036,105.31326797385624,0.34454693,0.71346939,0.49185137,0.58110236,0.85011442,0.73691186,0.39928292,0.16672094,0.29599479,32,Kevin Gausman,14107,592332
2023,Andrew Heaney,TEX,136.2,4.082927133173287,2.49090909,0.2509505703422053,1.3682927847731268,0.2997275204359673,0.78087167,4.747723397431391,0.183462532,0.397932816,0.418604651,0.074074074,0.135802469,4.614867173932141,0.10911371,0.23220339,0.09322034,0.13898305,4.463865239616515,-0.664796264,7.813755378,0.10025707,0.38046272,,105.54572463768116,102.45694560669455,99.77025104602511,99.40778243,0.32545202,0.71953782,0.48242678,0.65384615,0.85547445,0.773634,0.39832636,0.14548495,0.25459866,32,Andrew Heaney,15423,571760
2023,Yusei Kikuchi,TOR,167.2,3.864811367683266,3.77083333,0.25462962962962965,1.270377810673666,0.31363636363636366,0.77566964,4.119851545166936,0.220302375,0.397408207,0.382289416,0.107344632,0.152542372,3.771799399492592,0.12242725,0.25857143,0.06857143,0.19,3.858016045253127,-0.255040177,9.343019881338444,0.08993576,0.42398287,,116.63962264150943,105.32879914984063,100.70977683315621,102.22858660998935,0.32938241,0.69471947,0.48667851,0.57007576,0.85985748,0.74817518,0.43055062,0.15613911,0.27856636,32,Yusei Kikuchi,20633,579328
2017,Corey Kluber,CLE,203.2,2.2536826002895824,7.36111111,0.19157608695652173,0.8690671465168978,0.26666666666666666,0.82568807,2.4997018544779106,0.220556745,0.445396145,0.334047109,0.115384615,0.134615384,2.521766254791925,0.15619694,0.34105534,0.04633205,0.2947233,2.6819544199347165,-0.246019254,8.932388053,0.05307856,0.29087049,,,,,,0.35630689,0.63681592,0.49032258,0.44890511,0.82366071,0.68144044,0.47775891,0.18981324,0.34601019,31,Corey Kluber,2429,446372
2017,Jake Arrieta,CHC,168.1,3.5287126580440313,2.96363636,0.2336448598130841,1.2178217085842196,0.27850877192982454,0.72757112,4.155659435882887,0.205450733,0.450733752,0.343815513,0.079268292,0.140243902,4.11243706,0.08713088,0.23055163,0.07779349,0.15275813,4.145481303238347,-0.626946778,9.659016927083334,0.05427975,0.33402923,,,,,,0.27932961,0.60945843,0.43711265,0.67,0.8660826,0.80066722,0.47794386,0.18556325,0.27269413,31,Jake Arrieta,4153,453562
2017,Jordan Zimmermann,DET,160,6.074999420642908,2.34090909,0.3081570996978852,1.549999852180495,0.330188679,0.67164179,5.182639501094837,0.248188405,0.331521739,0.420289855,0.120689655,0.125,5.405658613334282,0.08131619,0.14446003,0.06171108,0.08274895,5.218136906216238,0.8923599195480714,9.743314495,0.06976744,0.35599284,,,,,,0.30512249,0.68441358,0.49110859,0.69099757,0.90078918,0.83436055,0.49035187,0.16490166,0.24621785,31,Jordan Zimmermann,4505,519455
2017,Félix Hernández,SEA,86.2,4.361538973475409,3,0.25595238095238093,1.2923078439927138,0.2863070539419087,0.76433121,5.015332219953393,0.232283464,0.468503937,0.299212598,0.078947368,0.22368421,4.025208396681267,0.09623734,0.21195652,0.07065217,0.14130435,4.190350244444459,-0.653793246,8.765050167,0.09302326,0.3372093,,,,,,0.31349206,0.65974441,0.47033285,0.62869198,0.89104116,0.79538462,0.45296671,0.17366136,0.2698987,31,Felix Hernandez,4772,433587
2017,Johnny Cueto,SFG,147.1,4.520361678845044,2.56603774,0.272572402,1.445701258,0.32167832167832167,0.75709779,4.494743674292657,0.248291571,0.394077448,0.357630979,0.101910828,0.140127388,4.449082516394222,0.10619818,0.20987654,0.08179012,0.12808642,4.493029823107551,0.025618005,9.797720172676783,0.06651885,0.33259424,,,,,,0.34589947,0.69343781,0.485985,0.66539197,0.86723164,0.78147847,0.40307935,0.1444927,0.25069088,31,Johnny Cueto,6893,456501
2017,Gio González,WSN,201,2.955223880597015,2.37974684,0.21322537112010798,1.1791044776119404,0.2575187969924812,0.81547064,3.9287839728208325,0.191094619,0.458256029,0.35064935,0.089947089,0.111111111,4.243183925584774,0.08769322,0.22732769,0.095526,0.13180169,4.405685778801972,-0.973560092,9.799181555286479,0.04339964,0.27848101,,,,,,0.28093306,0.61206897,0.41795482,0.68411552,0.85915493,0.79018492,0.4137931,0.1783591,0.26605232,31,Gio Gonzalez,7448,461829
2017,Yovani Gallardo,SEA,114.2,6.2790699067020395,1.58490566,0.279826464,1.587209338,0.29745042492917845,0.68484043,5.852407196,0.203252032,0.425474254,0.371273712,0.160583941,0.175182481,5.256736801458034,0.08317025,0.1627907,0.10271318,0.06007752,5.320615120563647,0.4266627108618799,11.518012906298225,0.07692308,0.35278515,,,,,,0.26125331,0.67398463,0.44520548,0.6722973,0.88110749,0.81318681,0.44569472,0.15655577,0.23972603,31,Yovani Gallardo,8173,451596
2017,Homer Bailey,CIN,91,6.428570889603257,1.5952381,0.3027027027027027,1.6923075504254728,0.3458904109589041,0.64802183,4.904892294977829,0.27027027,0.445945945,0.283783783,0.083333333,0.13095238,4.975438763,0.09269841,0.15952381,0.1,0.05952381,5.193795033673257,1.5236785946254283,9.706933918,0.04620462,0.37293729,,,,,,0.29452852,0.67412587,0.46696315,0.67193676,0.86929461,0.80136054,0.45425667,0.15047619,0.2431746,31,Homer Bailey,8362,456701
2018,Iván Nova,PIT,161,4.192546186502001,3.25714286,0.26552795,1.279502984325055,0.2876984126984127,0.73732719,4.570369330346931,0.204633204,0.455598455,0.339768339,0.096590909,0.147727272,4.276482757385805,0.08857256,0.16691069,0.05124451,0.11566618,4.422543766135939,-0.377823144,7.616138644918444,0.07924528,0.38490566,,,,,,0.32030178,0.70093458,0.48140823,0.68094218,0.9,0.81594084,0.42325949,0.15065243,0.23922499,31,Ivan Nova,1994,467100
2018,Lance Lynn,- - -,149.1,4.9419636965863045,2.02666667,0.26440677966101694,1.5468748155981522,0.33490566037735847,0.69457222,3.9706993363265597,0.237442922,0.5,0.262557077,0.130434782,0.12173913,4.023840421176872,0.101028,0.22652757,0.11177347,0.1147541,4.345686385322743,0.9712643602597448,8.073984029592042,0.043379,0.37442922,,,,,,0.30208922,0.73809524,0.46437434,0.68224299,0.8516129,0.78244275,0.37220844,0.13470401,0.23573201,31,Lance Lynn,2520,458681
2018,Derek Holland,SFG,161.2,3.6742270353165165,2.390625,0.23709677419354838,1.3051547212993013,0.2873051224944321,0.75211864,3.958369770313582,0.239560439,0.395604395,0.364835164,0.114457831,0.108433734,4.206832299067455,0.09803922,0.22270742,0.09315866,0.12954876,4.347622935441561,-0.284142735,,0.05567452,0.34475375,,,,,,0.30111039,0.67048242,0.46514161,0.67895879,0.85121951,0.78922717,0.44408134,0.17066086,0.26870007,31,Derek Holland,4141,502706
2018,Jeremy Hellickson,WSN,91.1,3.4489047253568637,3.25,0.22807017543859648,1.0729925812221353,0.2518796992481203,0.71743929,4.222475253107261,0.211111111,0.459259259,0.329629629,0.17977528,0.123595505,4.266202369396564,0.08333333,0.17567568,0.05405405,0.12162162,4.3323217890531875,-0.773570528,8.883139103016955,0.06859206,0.31046931,,,,,,0.31794195,0.64308682,0.46449275,0.73443983,0.8725,0.82059282,0.45072464,0.18768116,0.27101449,31,Jeremy Hellickson,4371,476451
2018,Carlos Carrasco,CLE,186.2,3.326785624,5.66666667,0.23669467787114845,1.1142856839238389,0.3135593220338983,0.75297941,2.9782887235952877,0.210204081,0.465306122,0.324489795,0.081761006,0.132075471,2.922610871188566,0.15234783,0.2911726,0.0513834,0.2397892,3.041550178962986,0.3484969000427123,8.032427218240686,0.05882353,0.37728195,,,,,,0.36602871,0.67470882,0.49512874,0.4624183,0.86559803,0.69219958,0.41823243,0.17286957,0.32521739,31,Carlos Carrasco,6632,471911
2018,Tyson Ross,- - -,129.1,4.384020790966105,2.05555556,0.23577235772357724,1.3144330413831353,0.273972603,0.71798189,4.467132658091322,0.272486772,0.449735449,0.277777777,0.066666666,0.152380952,4.199758307131548,0.08592322,0.20072333,0.09764919,0.10307414,4.521712643951165,-0.083111867,7.053416848182678,0.05249344,0.34645669,,,,,,0.3,0.61097852,0.4191042,0.65679012,0.90429688,0.79498364,0.38299817,0.18921389,0.27513711,31,Tyson Ross,7872,475115
2018,Tanner Roark,WSN,180,4.25,2.92,0.2568149210903874,1.2722222222222221,0.29545454545454547,0.73017408,4.199320464664035,0.215867158,0.407749077,0.376383763,0.107843137,0.112745098,4.410039798087544,0.08412483,0.19286658,0.0660502,0.12681638,4.378977847198318,0.050679535,9.617777437073379,0.05626134,0.33212341,,,,,,0.30778032,0.66916667,0.45488467,0.69888476,0.89290162,0.81506339,0.40705563,0.17062415,0.25474898,31,Tanner Roark,8753,543699
2018,Wade Miley,MIL,80.2,2.566115783379792,1.85185185,0.23202614379084968,1.214876071358549,0.26877470355731226,0.75910931,3.5943158869746283,0.235772357,0.528455284,0.235772357,0.086206896,0.051724137,4.298369740049722,0.09140201,0.14792899,0.07988166,0.06804734,4.660522734585437,-1.028200104,9.658866774867958,0.02734375,0.28515625,,,,,,0.3190184,0.64705882,0.43996902,0.68846154,0.87987013,0.79225352,0.36870643,0.16808675,0.25948877,31,Wade Miley,8779,489119
2018,Andrew Cashner,BAL,153,5.294117119073095,1.52307692,0.28874388254486133,1.5816991886613445,0.310838446,0.7047619,5.323830052828473,0.234251968,0.403543307,0.362204724,0.092391304,0.135869565,5.185903125759544,0.06795017,0.14537445,0.09544787,0.04992658,5.324632165636671,-0.029712934,10.059343354792889,0.06809339,0.35603113,,,,,,0.26377953,0.66488889,0.43412609,0.71393035,0.9131016,0.84347826,0.42468856,0.17289543,0.2408456,31,Andrew Cashner,8782,488768
2018,Hyun Jin Ryu,LAD,82.1,1.9676110929282378,5.93333333,0.22077922077922077,1.0080970414385417,0.28095238095238095,0.85434174,3.002536858441399,0.189814814,0.458333333,0.351851851,0.092105263,0.118421052,3.106051996951727,0.11631664,0.27469136,0.0462963,0.22839506,3.1838125207238126,-1.034925766,8.189984161841688,0.06392694,0.28767123,,,,,,0.31349782,0.64116576,0.45880452,0.61111111,0.82954545,0.74647887,0.44345719,0.19628433,0.31260097,31,Hyun Jin Ryu,14444,547943
2019,Clayton Kershaw,LAD,177.1,3.0451128692946146,4.58536585,0.2196969696969697,1.0488722105348116,0.2635135135135135,0.84005376,3.8737839307218405,0.188596491,0.480263157,0.33114035,0.165562913,0.185430463,3.5149686281837402,0.12848531,0.26742532,0.05832148,0.20910384,3.774327324181581,-0.828671061,11.128633091767203,0.06144068,0.32627119,,,,,,0.34891376,0.71629956,0.50602864,0.55660377,0.8696187,0.74609084,0.42765637,0.15862849,0.28711379,31,Clayton Kershaw,2036,477132
2019,Jhoulys Chacín,- - -,102.1,6.0684037014329375,2.24444444,0.2764423076923077,1.5635178618828824,0.3103448275862069,0.70769231,5.8817618275456764,0.236245954,0.378640776,0.385113268,0.176470588,0.210084033,5.019046872847131,0.08091286,0.2167382,0.09656652,0.12017167,4.905093814,0.18664187388726106,8.074036875078756,0.07619048,0.42222222,,,,,,0.2549195,0.65679012,0.42375519,0.69473684,0.87030075,0.80905753,0.42012448,0.18620332,0.26711618,31,Jhoulys Chacin,2608,468504
2019,Brad Peacock,HOU,80.2,4.239669154164392,3.56521739,0.23452768729641693,1.1776858761567754,0.2783018867924528,0.75794621,4.317315191265408,0.188340807,0.385650224,0.426008968,0.063157894,0.136842105,4.564933672993982,0.08636364,0.24477612,0.06865672,0.1761194,4.268046340734264,-0.077646037,8.549319844850352,0.07555556,0.42222222,,,,,,0.27260813,0.66427289,0.43787879,0.64423077,0.89189189,0.80276817,0.4219697,0.1969697,0.28333333,31,Brad Peacock,5401,502748
2019,Chase Anderson,MIL,129,4.186046016480673,2.41304348,0.23434343434343435,1.255813804944202,0.26373626373626374,0.76056338,4.764396889219368,0.204244031,0.352785145,0.442970822,0.125748502,0.119760479,5.324066453144261,0.10722297,0.20218579,0.08378871,0.11839709,4.995638754,-0.578350873,9.538756866291532,0.0546875,0.31510417,,,,,,0.32579891,0.73044397,0.49753253,0.68899522,0.8422576,0.78449053,0.42440556,0.14670256,0.25392553,31,Chase Anderson,6895,502624
2019,Brett Anderson,OAK,176,3.8863639733023185,1.83673469,0.26231884057971017,1.3068182951162768,0.2775862068965517,0.74757282,4.571964138894052,0.201353637,0.544839255,0.253807106,0.066666666,0.133333333,4.790037352647001,0.07672057,0.12113055,0.06594886,0.0551817,5.173385414295361,-0.685600166,6.8794816889579105,0.065,0.4,,,,,,0.30157642,0.675,0.47010154,0.70227273,0.90987654,0.8368,0.45129748,0.16509966,0.24182023,31,Brett Anderson,8223,474463
2019,Dallas Keuchel,ATL,112.2,3.7544377003308496,2.33333333,0.2619589977220957,1.366863843619269,0.29819277108433734,0.80369844,4.722885147235773,0.202346041,0.60117302,0.196480938,0.074626865,0.23880597,4.059661456089594,0.08690987,0.18685832,0.08008214,0.10677618,4.394832476715553,-0.968447447,7.205572128295898,0.0545977,0.38505747,,,,,,0.33521809,0.66453674,0.44581545,0.71566265,0.89423077,0.80505415,0.33583691,0.16040773,0.2473176,31,Dallas Keuchel,9434,572971
2019,Mike Minor,TEX,208.1,3.5855998249218834,2.94117647,0.24111675126903553,1.238399939531253,0.2867383512544803,0.80269058,4.246009425317386,0.199312714,0.400343642,0.400343642,0.128755364,0.128755364,4.598737266470849,0.11465158,0.23174971,0.0787949,0.15295481,4.511706487560456,-0.6604096,8.809330249039746,0.06632653,0.30442177,,,,,,0.31943721,0.68450313,0.4758785,0.66884176,0.81522843,0.75907384,0.42852889,0.16885051,0.28350208,31,Mike Minor,10021,501985
2019,Kyle Gibson,MIN,154.2,4.887930391518114,2.86792453,0.27140549273021003,1.4288791223882318,0.32808988764044944,0.6693712,4.261423131033318,0.248366013,0.51416122,0.237472766,0.137614678,0.201834862,3.8141609558122536,0.13068182,0.22385862,0.07805596,0.14580265,4.274713556875115,0.6265072604847957,9.464808502521231,0.06852248,0.37687366,,,,,,0.35813149,0.6589404,0.46136364,0.55716586,0.88274707,0.71674877,0.34318182,0.14848485,0.27916667,31,Kyle Gibson,10123,502043
2019,Mike Leake,- - -,197,4.294416409968513,4.7037037,0.2844611528822055,1.2893401514562675,0.29523809523809524,0.72604066,5.193704983849521,0.193693693,0.468468468,0.337837837,0.084444444,0.182222222,4.760056862687117,0.0810084,0.15209581,0.03233533,0.11976048,4.794301589,-0.899288574,4.5397440354215455,0.08345753,0.42771982,,,,,,0.3401487,0.69287289,0.50151261,0.71766849,0.9088017,0.83847185,0.45747899,0.17747899,0.25848739,31,Mike Leake,10130,502190
2019,Jacob deGrom,NYM,204,2.426470588235294,5.79545455,0.20451527224435592,0.9705882352941176,0.2818371607515658,0.81838565,2.6747937894334983,0.210633946,0.443762781,0.345603271,0.142011834,0.112426035,3.1119300347771133,0.15407947,0.31716418,0.05472637,0.26243781,3.2874872504897974,-0.248323201,9.640565236409506,0.04618474,0.29518072,,,,,,0.37878011,0.7464684,0.52882282,0.58457375,0.7998008,0.70854848,0.40807039,0.13952078,0.29360024,31,Jacob deGrom,10954,594798
2019,Kenta Maeda,LAD,137,4.138685670428236,3.12765957,0.2054794520547945,1.109488927522208,0.2492753623188406,0.71097372,3.987732017269548,0.211699164,0.406685236,0.381615598,0.116788321,0.138686131,4.1740181704454065,0.13907889,0.26156584,0.08362989,0.17793594,4.220649611,0.15095365315868836,8.780593892,0.0467033,0.28846154,,,,,,0.33873457,0.68227425,0.47925217,0.57630979,0.80555556,0.70980019,0.40902873,0.17054264,0.30962152,31,Kenta Maeda,18498,628317
2021,Madison Bumgarner,ARI,146.1,4.674259843561606,3.17948718,0.23801065719360567,1.182232387333564,0.26506024096385544,0.67819149,4.6324487518854385,0.217090069,0.33256351,0.45034642,0.138461538,0.123076923,4.8514734612169015,0.09633827,0.20228385,0.06362153,0.13866232,4.566270428,0.041811091676167145,8.943172811676549,0.07517084,0.38268793,,77.98919631093544,87.9583479,101.66638986013989,97.67263986013991,0.30592105,0.69016698,0.48648649,0.66666667,0.86962366,0.80197133,0.46992153,0.18482999,0.28116827,31,Madison Bumgarner,5524,518516
2021,Jake Odorizzi,HOU,100.2,4.380794812658318,2.58823529,0.24358974358974358,1.2814569860156984,0.2762237762237762,0.73905109,4.590563959678242,0.201342281,0.345637583,0.453020134,0.088888888,0.118518518,4.890453574103569,0.09375,0.20608899,0.07962529,0.1264637,4.681044863772646,-0.209769147,9.563191319092292,0.09602649,0.39072848,,74.10060851926977,78.46720761052042,103.09328483491886,96.35310576385002,0.31716418,0.74166667,0.48772321,0.71176471,0.86891386,0.80778032,0.40178571,0.140625,0.234375,31,Jake Odorizzi,6397,543606
2021,Nathan Eovaldi,BOS,182.1,3.7513712198197116,5.57142857,0.2520775623268698,1.190128003948651,0.326171875,0.7044335,2.7916063239764557,0.232824427,0.419847328,0.347328244,0.115384615,0.082417582,3.4832731094819294,0.125726,0.2552356,0.04581152,0.20942408,3.6026362501294633,0.9597648958432559,8.357085564874696,0.0626186,0.36242884,,98.23508488278091,108.99767362299008,107.3990762914813,109.23790626069106,0.33833116,0.70997846,0.51520328,0.59537572,0.84024267,0.75596817,0.47591391,0.1732149,0.2989409,31,Nathan Eovaldi,9132,543135
2021,Patrick Corbin,WSN,171.2,5.8194178205719185,2.38333333,0.27906976744186046,1.4679612520361596,0.3051181102362205,0.69389764,5.406927458903094,0.218867924,0.471698113,0.309433962,0.042682926,0.225609756,4.290551016597453,0.112,0.19041278,0.07989348,0.11051931,4.609616601,0.4124903616688247,8.912132626488095,0.09174312,0.40733945,,60.62754182754182,83.67511839708558,100.0230965391621,96.43129326047355,0.34431138,0.67685185,0.47490909,0.59826087,0.89466484,0.76416539,0.39272727,0.15345455,0.26545455,31,Patrick Corbin,9323,571578
2021,Zack Wheeler,PHI,213.1,2.784375066384675,5.36956522,0.21257861635220127,1.007812524028123,0.287593985,0.75274177,2.588784108608961,0.226765799,0.498141263,0.275092936,0.128378378,0.108108108,2.837810339867204,0.12355694,0.29093051,0.05418139,0.23674912,3.1785661708982538,0.195590958,9.333145781594922,0.04562044,0.28467153,,130.8290654893304,118.09964885879107,105.1740908,109.15209430649617,0.35241801,0.72048364,0.51388456,0.64826498,0.82922014,0.75956284,0.43868955,0.15631825,0.2798752,31,Zack Wheeler,10310,554430
2021,Kyle Hendricks,CHC,181,4.773480662983426,2.97727273,0.27472527472527475,1.3480662983425415,0.29858657243816256,0.73033708,4.893791028544389,0.23089983,0.431239388,0.33786078,0.095477386,0.155778894,4.607095245,0.08899964,0.16687898,0.05605096,0.11082803,4.701095563,-0.120310366,8.872785678642714,0.08375209,0.32998325,,54.61237524950101,86.65393501805056,107.01931407942243,103.15368231046929,0.35636364,0.66781708,0.48487006,0.73469388,0.87855297,0.8164464,0.41260235,0.18618726,0.2751869,31,Kyle Hendricks,12049,543294
2021,Sonny Gray,CIN,135.1,4.189655329874549,3.1,0.22243713733075435,1.2192118684820117,0.27988338192419826,0.72404372,3.990231197627667,0.20670391,0.472067039,0.32122905,0.078260869,0.165217391,3.664381268319953,0.1059246,0.26956522,0.08695652,0.1826087,3.854439157444673,0.19942413224688194,8.878297280365565,0.04696133,0.32044199,,81.75,115.08466403162056,98.41106719367588,103.07490118577074,0.29513109,0.62933931,0.42908438,0.5786802,0.87544484,0.75313808,0.4008079,0.19479354,0.30071813,31,Sonny Gray,12768,543243
2021,Tyler Anderson,- - -,167,4.526946314597961,3.52631579,0.2560240963855422,1.2455090389370052,0.28429423459244535,0.71261682,4.3676389675987775,0.218323586,0.350877192,0.43079922,0.113122171,0.122171945,4.600717002056106,0.11529593,0.19061166,0.05405405,0.13655761,4.568363589554927,0.15930734699918325,10.641403936824151,0.08490566,0.33018868,,89.41380020597325,91.17693666713168,107.22660949009067,105.08257344416296,0.37188366,0.7417962,0.53651038,0.7150838,0.82887078,0.78510029,0.44504228,0.1518063,0.26710223,31,Tyler Anderson,12880,542881
2021,Anthony DeSclafani,SFG,167.2,3.1669982040737876,3.61904762,0.2231012658227848,1.0914513584661076,0.2646420824295011,0.78282828,3.617350252985937,0.19279661,0.44279661,0.364406779,0.098837209,0.110465116,3.9541511826045865,0.11024238,0.22485207,0.06213018,0.16272189,4.105666963154647,-0.450352049,9.401386944544798,0.08125,0.38541667,,97.36343930635839,100.84830441640375,103.42476340694009,102.08312302839116,0.31840796,0.69244136,0.48670837,0.61383929,0.86323714,0.77349398,0.44996091,0.16536357,0.27560594,31,Anthony DeSclafani,13050,543101
2021,Ross Stripling,TOR,86.1,4.691119967493475,3.23076923,0.24633431085043989,1.2741313491957587,0.27310924369747897,0.77014218,5.023316084933599,0.201581027,0.339920948,0.458498023,0.112068965,0.163793103,4.532960921113846,0.09951956,0.22826087,0.07065217,0.1576087,4.320055902176446,-0.332196117,10.840781560019842,0.10505837,0.40856031,,75.87261904761904,95.02982817869417,103.4383505154639,100.25841924398621,0.28220859,0.70625,0.46872852,0.66086957,0.85176991,0.78739003,0.43986254,0.16403569,0.26355525,31,Ross Stripling,13273,548389
2022,Martín Pérez,TEX,196.1,2.8879457454440662,2.44927536,0.2386058981233244,1.2580645487207838,0.2950530035335689,0.77020202,3.265232363856016,0.187943262,0.514184397,0.29787234,0.071428571,0.06547619,3.803612988321262,0.08392078,0.20584653,0.08404385,0.12180268,4.076584866938167,-0.377286618,8.452318923885812,0.04332756,0.34662045,,65.37552742616035,83.71118951612904,102.81713709677415,94.88081317204299,0.31220534,0.67476636,0.44243035,0.73993289,0.86842105,0.81031866,0.35918093,0.18831823,0.27223901,31,Martin Perez,6902,527048
2022,Jordan Lyles,BAL,179,4.424581005586592,2.76923077,0.27450980392156865,1.3854748603351956,0.3125,0.73770492,4.3973472027805265,0.195767195,0.402116402,0.402116402,0.105263157,0.114035087,4.394689236872689,0.09270415,0.18604651,0.06718346,0.11886305,4.358104346195347,0.027233803,9.940762068624869,0.10350877,0.38070175,,76.93645943,87.20368139,100.64896251673363,96.98329986613115,0.31853933,0.67218543,0.46151272,0.66666667,0.89162562,0.7991298,0.4042838,0.1710174,0.26372155,31,Jordan Lyles,7593,543475
2022,Drew Hutchison,DET,89.2,4.516728752639055,1.76666667,0.2833333333333333,1.4721190008601364,0.3003412969283277,0.74300699,5.030646669450658,0.22368421,0.407894736,0.368421052,0.089285714,0.125,4.849992834326928,0.08563722,0.13520408,0.07653061,0.05867347,5.076280735912924,-0.513917917,9.749242955,0.08469055,0.40390879,,70.05555555555556,79.43594066082267,99.51058664868509,97.31132838840189,0.32254464,0.70868825,0.47538773,0.73010381,0.88221154,0.81985816,0.39581929,0.1523938,0.23803102,31,Drew Hutchison,10732,571800
2022,Mike Clevinger,SDP,112.1,4.246290993451806,2.54285714,0.2255813953488372,1.1750742371816318,0.2398753894080997,0.77192982,5.044181830969375,0.185840707,0.348082595,0.466076696,0.11392405,0.126582278,4.811823059250475,0.10623679,0.18736842,0.07368421,0.11368421,4.534290110360217,-0.797890838,9.845367824570815,0.09677419,0.39002933,,96.73934191702432,92.45516146109051,99.95436739015348,100.91752249867656,0.31830986,0.69538835,0.48279513,0.66371681,0.84816754,0.77960526,0.43620963,0.15539112,0.26162791,31,Mike Clevinger,12808,605182
2022,Gerrit Cole,NYY,200.2,3.498339047775474,5.14,0.2078272604588394,1.0166113472168044,0.2682926829268293,0.78222778,3.4662516176063116,0.169772256,0.424430641,0.405797101,0.076530612,0.168367346,2.774320036894379,0.14294441,0.32408575,0.0630517,0.26103405,2.773347326279097,0.03208743,10.833417301604829,0.09504132,0.39876033,,156.67237926972902,139.13224327628353,102.2717604,110.02234107579467,0.34879032,0.68139535,0.47984117,0.54768786,0.82366325,0.70210057,0.39401344,0.17593158,0.31887599,31,Gerrit Cole,13125,543037
2022,Marcus Stroman,CHC,138.2,3.504807949418871,3.30555556,0.23251417769376181,1.1466346995012355,0.2715736040609137,0.7254623,3.761469510814851,0.199507389,0.517241379,0.283251231,0.069565217,0.139130434,3.489179693641762,0.09215956,0.20913884,0.06326889,0.14586995,3.7394718948762553,-0.256661561,7.824315086570946,0.06585366,0.40731707,,92.17891891891895,98.61609354,100.88619899128841,102.51077487391106,0.31921569,0.65011038,0.45667125,0.64127764,0.90662139,0.79819277,0.41540578,0.18752866,0.27968822,31,Marcus Stroman,13431,573186
2022,Alex Wood,SFG,130.2,5.096939172311835,4.36666667,0.2573099415204678,1.2397960148866627,0.3150684931506849,0.6391478,3.7629412563876916,0.207894736,0.481578947,0.310526315,0.059322033,0.144067796,3.4084789048160413,0.11031711,0.23603604,0.05405405,0.18198198,3.453879785315591,1.3339979159241433,,0.07068063,0.39267016,,,108.40366184448465,102.14706148282102,102.02011754068717,0.33491686,0.66495902,0.47878517,0.64775414,0.84899846,0.76958955,0.43590889,0.17820456,0.28852166,31,Alex Wood,13781,622072
2022,Kevin Gausman,TOR,174.2,3.349236836279765,7.32142857,0.27011494252873564,1.2366412933956055,0.3634453781512605,0.73979592,2.3796065315028496,0.24640657,0.392197125,0.361396303,0.073863636,0.085227272,2.754864273376801,0.15522817,0.28275862,0.03862069,0.24413793,2.9381444273265833,0.9696303047769153,10.34314090689433,0.0814664,0.38492872,,104.22643593519882,108.17915168943203,107.23400431344356,111.58705966930263,0.4269802,0.73693231,0.55695293,0.58405797,0.83139535,0.72129032,0.41933166,0.14301114,0.29823931,31,Kevin Gausman,14107,592332
2022,Yusei Kikuchi,TOR,82.1,5.246963886891964,1.85714286,0.24126984126984127,1.5182187172719803,0.2780487804878049,0.71157495,5.942390691,0.170403587,0.448430493,0.381165919,0.047058823,0.223529411,4.4707071908738225,0.12063283,0.24528302,0.13207547,0.11320755,4.453619307647919,-0.695426804,10.033684008049242,0.15625,0.46875,,111.06969696969696,106.42064643799472,94.40138522,96.06068601583111,0.30068337,0.70643642,0.47128713,0.62121212,0.81555556,0.74369748,0.42046205,0.1404087,0.26104153,31,Yusei Kikuchi,20633,579328
2023,Jameson Taillon,CHC,150.1,4.968958039512822,3.425,0.25757575757575757,1.2838137906639553,0.2930232558139535,0.63670412,4.6652399637497055,0.191208791,0.384615384,0.424175824,0.088082901,0.139896373,4.453024137361595,0.09673519,0.2143975,0.06259781,0.15179969,4.335317820861298,0.3037180757631166,9.825430836397059,0.10722101,0.38512035,,87.35235294117648,98.91894949494949,105.97232323232328,103.62723232323228,0.33666905,0.68917669,0.49032258,0.71762208,0.85637584,0.80263158,0.4358871,0.1668682,0.26360339,31,Jameson Taillon,11674,592791
2023,Michael Wacha,SDP,134.1,3.2158810150631516,2.88372093,0.22287968441814596,1.1612903665505825,0.266304348,0.79710145,3.887794725886811,0.22454308,0.344647519,0.430809399,0.109090909,0.09090909,4.466973701179314,0.10741573,0.22423146,0.07775769,0.14647378,4.425861172955724,-0.671913711,11.070770215913537,0.07310705,0.35509138,,73.40375587,88.51843172600267,102.40775123929696,101.0573231185219,0.32464455,0.68062827,0.47771274,0.63990268,0.86,0.77474081,0.42998649,0.16898876,0.27640449,31,Michael Wacha,14078,608379
2023,Michael Lorenzen,- - -,148.2,4.056053881043129,2.48837209,0.23741007194244604,1.177130064979349,0.26107226107226106,0.70469799,4.472529169561426,0.200902934,0.408577878,0.390519187,0.063583815,0.115606936,4.647617872781005,0.09403974,0.17803661,0.07154742,0.10648919,4.834567200369355,-0.416475289,9.379803161621094,0.077951,0.40089087,,97.53362500000001,101.41601471620761,100.44004188409505,100.41765888635017,0.32083001,0.7,0.49005745,0.71393035,0.86138614,0.80793508,0.44631021,0.16512141,0.25916115,31,Michael Lorenzen,14843,547179
2023,Jon Gray,TEX,157.1,4.118644200943905,2.62962963,0.25126475548060706,1.2902542789994023,0.29603729603729606,0.75607064,4.469023449590104,0.234899328,0.400447427,0.364653243,0.092024539,0.134969325,4.364127276032942,0.12156536,0.21646341,0.08231707,0.13414634,4.484306004877709,-0.350379249,7.569301748181706,0.06430155,0.3924612,,82.37209072978304,97.16045597484273,100.61540880503142,100.1902516,0.35014837,0.70526316,0.50522357,0.6059322,0.85617368,0.75847808,0.43669035,0.15362198,0.27518734,31,Jon Gray,14916,592351
2023,Trevor Williams,WSN,144.1,5.549653775244796,2.09433962,0.2961730449251248,1.6004619501642294,0.3157894736842105,0.73779193,5.984832603500129,0.193415637,0.395061728,0.411522633,0.1,0.17,5.213495514817453,0.0792381,0.16843703,0.08042489,0.08801214,5.089834490711752,-0.435178828,6.295550774348499,0.10204082,0.38163265,,80.44399293286219,81.10068886337537,104.22663605051669,95.60298507462687,0.31487243,0.71330049,0.46910755,0.73320158,0.89917127,0.83089431,0.38710908,0.14361905,0.22285714,31,Trevor Williams,16977,592866
2017,Iván Nova,PIT,187,4.139037770891466,3.63888889,0.27358490566037735,1.2780749705982695,0.29896907216494845,0.73028238,4.462452634908335,0.233502538,0.456852791,0.30964467,0.087431693,0.158469945,4.187166798069814,0.08367576,0.16687898,0.04585987,0.12101911,4.451622444986761,-0.323414864,8.701489371,0.06382979,0.35515548,,,,,,0.33237822,0.6825645,0.49981308,0.68103448,0.91294387,0.83246073,0.47813084,0.15988046,0.24355622,30,Ivan Nova,1994,467100
2017,Lance Lynn,STL,186.1,3.429338197365918,1.96153846,0.2194767441860465,1.2289803555505403,0.2440944881889764,0.79025845,4.815958165240579,0.198095238,0.44,0.361904761,0.115789473,0.142105263,4.746046876057768,0.09044748,0.19716495,0.10051546,0.09664949,4.847130981115774,-1.386619968,9.107948627,0.05420561,0.27663551,,,,,,0.27214514,0.69592476,0.44380952,0.74705882,0.82432432,0.79613734,0.40507937,0.15138051,0.24182799,30,Lance Lynn,2520,458681
2017,Derek Holland,CHW,133.2,5.9925177911365095,1.39726027,0.28544776119402987,1.6907728099835844,0.30445544554455445,0.6875,6.367115515,0.216279069,0.379069767,0.404651162,0.086206896,0.172413793,5.764963207741438,0.07063197,0.16531605,0.11831442,0.04700162,5.563413169318334,-0.374597724,9.190616257846616,0.06912442,0.39631336,,,,,,0.24877365,0.64386318,0.4109872,0.71549296,0.890625,0.8281407,0.41057414,0.18628666,0.25691863,30,Derek Holland,4141,502706
2017,Jeremy Hellickson,- - -,164,5.432926956,2.04255319,0.25,1.2621951513103196,0.2455795677799607,0.6626506,5.767395852478682,0.213207547,0.349056603,0.437735849,0.11637931,0.150862068,5.509365733,0.08326967,0.1381295,0.0676259,0.0705036,5.365464665681973,-0.334468897,9.997392746497844,0.06433824,0.34007353,,,,,,0.29965398,0.69906223,0.47860963,0.74364896,0.8695122,0.82601756,0.44805195,0.15049656,0.23376623,30,Jeremy Hellickson,4371,476451
2017,Carlos Carrasco,CLE,200,3.285,4.91304348,0.23315363881401618,1.095,0.30707070707070705,0.78156313,3.102639694213867,0.217221135,0.452054794,0.33072407,0.100591715,0.124260355,3.2407310168445114,0.13407456,0.28320802,0.05764411,0.22556391,3.345246164725816,0.18236030578613294,8.703443583504098,0.06589147,0.34302326,,,,,,0.31030228,0.68754349,0.48757358,0.48310139,0.84817814,0.72501677,0.46991498,0.16906475,0.30313931,30,Carlos Carrasco,6632,471911
2017,Jaime García,- - -,157,4.414012470730553,2.015625,0.2582236842105263,1.407643226596612,0.30151843817787416,0.69105691,4.246811602575952,0.186046511,0.54756871,0.266384778,0.071428571,0.142857142,4.183942776269786,0.11193416,0.19167905,0.09509658,0.09658247,4.536067589303494,0.1672008681546009,8.629542811310133,0.05219207,0.36951983,,,,,,0.29927536,0.66380952,0.45679012,0.57142857,0.86370158,0.75495495,0.43209877,0.16090535,0.27283951,30,Jaime Garcia,8137,448802
2017,Tanner Roark,WSN,175.1,4.568440799586028,2.57142857,0.2511013215859031,1.334600683025132,0.29979879275653926,0.66921606,4.121517965287573,0.193737769,0.485322896,0.320939334,0.060975609,0.134146341,4.154165680301812,0.10070785,0.216,0.084,0.132,4.318604003056719,0.44692283429845503,10.909967110261345,0.05202312,0.33140655,,,,,,0.29452055,0.66273063,0.45510138,0.64341085,0.85634744,0.77864215,0.43611201,0.16827542,0.26898327,30,Tanner Roark,8753,543699
2017,Wade Miley,BAL,157.1,5.605931840933342,1.52688172,0.2836767036450079,1.728813447544069,0.33189655172413796,0.71369295,5.267809049304422,0.228690228,0.503118503,0.268191268,0.100775193,0.193798449,4.660601541322108,0.08120498,0.19505495,0.12774725,0.06730769,5.072518868482548,0.338122792,11.627218063974443,0.05725971,0.3599182,,,,,,0.2906801,0.6323667,0.4102816,0.68804159,0.89940828,0.80207502,0.35003274,0.16535691,0.24656189,30,Wade Miley,8779,489119
2017,Andrew Cashner,TEX,166.2,3.4019998961792024,1.34375,0.24722662440570523,1.3199999597167982,0.2660377358490566,0.74038462,4.609639649902345,0.192236598,0.486136783,0.321626617,0.097701149,0.086206896,5.296713405060426,0.06069803,0.12215909,0.09090909,0.03125,5.517079123499248,-1.207639754,10.184963971200075,0.03486239,0.32293578,,,,,,0.25684211,0.66804294,0.44575114,0.74863388,0.91594561,0.86382979,0.45940819,0.1707132,0.23141123,30,Andrew Cashner,8782,488768
2017,Yu Darvish,- - -,186.2,3.8571433038128182,3.60344828,0.2264957264957265,1.1625001346213633,0.2832618025751073,0.75593952,3.8272826289035926,0.224279835,0.407407407,0.368312757,0.083798882,0.150837988,3.652673648946726,0.12278978,0.27284595,0.07571802,0.19712794,3.7100054186230014,0.029860674909225615,10.076877473230912,0.05679513,0.31440162,,,,,,0.30261519,0.65055249,0.4675835,0.5617284,0.82802548,0.73739496,0.47413229,0.17616241,0.29895219,30,Yu Darvish,13074,506433
2017,Hyun Jin Ryu,LAD,122.2,3.8885867952849846,2.59090909,0.2630480167014614,1.3858695077535585,0.3032069970845481,0.81005587,4.804378756368096,0.232492997,0.43977591,0.327731092,0.085470085,0.188034188,4.169490225461881,0.11073664,0.21631879,0.08349146,0.13282732,4.370091639945663,-0.915791961,9.720973165,0.06849315,0.32328767,,,,,,0.30963665,0.64734895,0.44150217,0.61734694,0.84761905,0.74918212,0.39046702,0.18199326,0.2927299,30,Hyun Jin Ryu,14444,547943
2018,Clayton Kershaw,LAD,161.1,2.7334709020270416,5.34482759,0.2245557350565428,1.041322248391254,0.27293064876957496,0.78659371,3.185224962641605,0.225165562,0.479028697,0.295805739,0.074626865,0.126865671,3.187186263021556,0.10956007,0.23846154,0.04461538,0.19384615,3.448157213191022,-0.451754061,11.386346822970864,0.04956897,0.34698276,,,,,,0.32362205,0.72669104,0.51015228,0.61800487,0.87169811,0.78524046,0.46277496,0.16539763,0.2749577,30,Clayton Kershaw,2036,477132
2018,Jhoulys Chacín,MIL,192.2,3.503460392590184,2.1971831,0.21428571428571427,1.1626298191706683,0.25,0.72449952,4.032403940153149,0.22037037,0.422222222,0.357407407,0.07253886,0.093264248,4.472343655095483,0.08444149,0.1959799,0.08919598,0.10678392,4.589398506508063,-0.528943548,7.907440417325949,0.05555556,0.37275986,,,,,,0.27064497,0.62564863,0.42985372,0.63697105,0.89218009,0.80355762,0.44847074,0.19680851,0.28125,30,Jhoulys Chacin,2608,468504
2018,Trevor Cahill,OAK,106,3.9056600962469643,2.45,0.22762148337595908,1.2169810444827498,0.28421052631578947,0.67323481,3.5377900391806505,0.194346289,0.537102473,0.268551236,0.065789473,0.105263157,3.7408348118968653,0.11852704,0.22528736,0.09195402,0.13333333,4.044404178668009,0.3678700570663138,8.672302811234086,0.05802048,0.37883959,,,,,,0.29797493,0.62947067,0.43145161,0.54045307,0.85454545,0.72496662,0.40264977,0.1703107,0.28883774,30,Trevor Cahill,6249,502239
2018,Alex Cobb,BAL,152.1,4.903719585011716,2.37209302,0.28013029315960913,1.411378461549557,0.30327868852459017,0.67961165,4.795004770779052,0.190099009,0.495049504,0.314851485,0.113207547,0.150943396,4.4707605950630915,0.0738613,0.15431165,0.06505295,0.0892587,4.618887159324405,0.10871481423266438,11.510749816894531,0.07617188,0.40234375,,,,,,0.31173506,0.64312977,0.45424703,0.72286374,0.91097923,0.83739837,0.43003693,0.18260156,0.25646286,30,Alex Cobb,6562,502171
2018,Chase Anderson,MIL,158,3.930380126410388,2.24561404,0.22586206896551725,1.1898735326330965,0.23933649289099526,0.81045752,5.223722914277218,0.213151927,0.344671201,0.44217687,0.143589743,0.153846153,4.793754164735193,0.09223674,0.19875776,0.08850932,0.11024845,4.676136303436949,-1.293342788,9.898160715,0.08628319,0.30530973,,,,,,0.30511811,0.69480519,0.46656418,0.71827957,0.85447263,0.80230643,0.41429669,0.16487317,0.25710992,30,Chase Anderson,6895,502624
2018,Brett Anderson,OAK,80.1,4.481328084562821,3.61538462,0.2830188679245283,1.2821577575276961,0.3065134099616858,0.69230769,4.1687303948017815,0.195488721,0.556390977,0.2481203,0.06060606,0.151515151,3.9074017036812814,0.07564422,0.14114114,0.03903904,0.1021021,4.130095410943021,0.31259768976103963,8.981770076,0.06642066,0.38376384,,,,,,0.34269663,0.6598778,0.47215295,0.76229508,0.89814815,0.83978873,0.4081463,0.16126351,0.23690773,30,Brett Anderson,8223,474463
2018,Dallas Keuchel,HOU,204.2,3.7377849233972773,2.63793103,0.2592137592137592,1.3143322148939447,0.3001555209953344,0.72823434,3.688118859078292,0.219512195,0.536585365,0.243902439,0.0875,0.1125,3.8359612773863034,0.08308157,0.17505721,0.06636156,0.10869565,4.150114371917832,0.049666064,7.756225586,0.0408472,0.32829047,,,,,,0.32962784,0.65350524,0.4510574,0.72580645,0.89149199,0.8158071,0.37492447,0.1694864,0.25256798,30,Dallas Keuchel,9434,572971
2018,Mike Minor,TEX,157,4.1847133757961785,3.47368421,0.23232323232323232,1.1210191082802548,0.2585812356979405,0.72483221,4.427947499342025,0.206971677,0.344226579,0.448801742,0.131067961,0.121359223,4.524971131268581,0.09952978,0.20625,0.059375,0.146875,4.268307557411194,-0.243234124,9.590858422256098,0.1038961,0.35064935,,,,,,0.32870049,0.68823001,0.48550157,0.71035941,0.84725849,0.79499596,0.43612853,0.15869906,0.25822884,30,Mike Minor,10021,501985
2018,Kyle Gibson,MIN,196.2,3.6152544242861175,2.26582278,0.23822341857335128,1.3016949825840312,0.2846580406654344,0.75504829,4.126533320661732,0.22202166,0.498194945,0.279783393,0.103225806,0.148387096,3.907890971429188,0.11532532,0.21670702,0.09564165,0.12106538,4.252189867,-0.511278896,9.576058396621846,0.05496454,0.36524823,,,,,,0.32200957,0.6764961,0.44804194,0.58098068,0.88205128,0.74260151,0.355535,0.15047795,0.26580327,30,Kyle Gibson,10123,502043
2018,Mike Leake,SEA,185.2,4.3626573305883944,3.5,0.2782258064516129,1.2980252057676582,0.30564784053156147,0.69366853,4.135296979276998,0.218649517,0.487138263,0.294212218,0.076502732,0.12568306,4.152777570660619,0.07505361,0.15178571,0.04336735,0.10841837,4.3599738399851145,0.22736035131139687,4.789164225260417,0.064,0.3952,,,,,,0.34025974,0.68441971,0.49499643,0.72900763,0.92102207,0.84837545,0.44960686,0.18120086,0.25625447,30,Mike Leake,10130,502190
2018,Jacob deGrom,NYM,217,1.7004608294930876,5.84782609,0.19387755102040816,0.9124423963133641,0.2811881188118812,0.82010582,1.9853163684018753,0.219367588,0.464426877,0.316205533,0.1625,0.0625,2.6040187448949865,0.15099626,0.32215569,0.05508982,0.26706587,2.783694352050858,-0.284855539,9.245670857214337,0.03883495,0.28737864,,,,,,0.37851519,0.68806699,0.51666148,0.57652303,0.79716024,0.70765521,0.44627842,0.16407223,0.31506849,30,Jacob deGrom,10954,594798
2018,Kenta Maeda,LAD,107.2,3.845200511788192,3.175,0.23317307692307693,1.27244558,0.30935251798561153,0.72006472,3.2997504348979074,0.247349823,0.402826855,0.349823321,0.06060606,0.111111111,3.4902447770478338,0.13669881,0.27729258,0.08733624,0.18995633,3.6548654229918283,0.5454500768902846,9.608801496557582,0.05190311,0.32179931,,,,,,0.32520325,0.68766067,0.48524404,0.51875,0.83738318,0.71812865,0.4415437,0.17016449,0.3068633,30,Kenta Maeda,18498,628317
2019,Rick Porcello,BOS,174.1,5.523899767800943,3.17777778,0.27615062761506276,1.3938812498189295,0.30755064456721914,0.65661479,4.762766419951263,0.203866432,0.381370826,0.414762741,0.097457627,0.131355932,5.143947558270729,0.08006757,0.18619792,0.05859375,0.12760417,4.858729371225873,0.7611333478496798,9.809583948711063,0.08188153,0.37630662,,,,,,0.32238066,0.69116555,0.4902027,0.75769231,0.88077336,0.83666437,0.45506757,0.17635135,0.25641892,30,Rick Porcello,2717,519144
2019,Danny Duffy,KCR,130.2,4.3392855453769315,2.5,0.249500998,1.308673418447011,0.28493150684931506,0.73529412,4.782886965659103,0.219321148,0.360313315,0.420365535,0.086956521,0.130434782,5.144587056,0.10273022,0.20720721,0.08288288,0.12432433,4.893370445384128,-0.44360142,10.02244357184885,0.06994819,0.37823834,,,,,,0.28704488,0.7,0.47431745,0.62536873,0.86151603,0.78341463,0.45349375,0.16103656,0.26376677,30,Danny Duffy,3542,518633
2019,Michael Pineda,MIN,146,4.006849315068493,5,0.24867724867724866,1.1575342465753424,0.29207920792079206,0.74753173,4.022228654,0.232779097,0.36104513,0.406175771,0.052631578,0.134502923,4.304106775803925,0.12510975,0.23333333,0.04666667,0.18666667,4.177214790661685,-0.015379339,8.081562797430204,0.07025761,0.36065574,,,,,,0.35582329,0.7184466,0.52,0.59593679,0.85675676,0.75908707,0.45274725,0.15100966,0.2761194,30,Michael Pineda,5372,501381
2019,Chris Archer,PIT,119.2,5.189414821213966,2.6,0.24411134903640258,1.412256207383511,0.2976588628762542,0.72463768,5.019023327,0.242038216,0.363057324,0.394904458,0.072580645,0.201612903,4.364384323990119,0.12917064,0.27186312,0.10456274,0.16730038,4.383969867,0.17039149464892667,10.293794891320697,0.09876543,0.39506173,,,,,,0.31788618,0.65092166,0.45567207,0.57544757,0.81415929,0.7165272,0.41372736,0.17159199,0.30076263,30,Chris Archer,6345,502042
2019,Miles Mikolas,STL,184,4.157608695652174,4.5,0.26805555555555555,1.2228260869565217,0.302367942,0.73795181,4.273792084,0.230633802,0.473591549,0.295774647,0.059523809,0.160714285,4.1824148461870525,0.09626788,0.18848168,0.04188482,0.14659686,4.391164854326781,-0.116183389,8.757516629,0.05555556,0.35416667,,,,,,0.35356696,0.65930599,0.48883461,0.68495575,0.88277512,0.80299786,0.44242847,0.17125916,0.26752703,30,Miles Mikolas,9803,571945
2019,Stephen Strasburg,WSN,209,3.315789231603213,4.48214286,0.20774193548387096,1.0382774361585818,0.274,0.76525336,3.252286984875145,0.203094777,0.510638297,0.286266924,0.074324324,0.162162162,3.1680882854198797,0.13445626,0.29845422,0.0665874,0.23186683,3.486928343645011,0.063502247,8.743391826,0.05343511,0.33778626,,,,,,0.37177616,0.62829195,0.47251773,0.57329843,0.84550898,0.71544715,0.3927305,0.17671395,0.31117021,30,Stephen Strasburg,10131,544931
2019,Chris Sale,BOS,147.1,4.398189741578961,5.89189189,0.2188612099644128,1.085972775698509,0.309375,0.66714491,3.390480051759016,0.211143695,0.428152492,0.360703812,0.089430894,0.195121951,2.9335049033122287,0.14233577,0.35620915,0.06045752,0.29575163,2.999147223111435,1.0077096898199454,6.904754742355606,0.07848837,0.36337209,,,,,,0.35121234,0.62137681,0.47221095,0.56485356,0.79154519,0.69845361,0.44787018,0.19140308,0.33373885,30,Chris Sale,10603,519242
2019,Asher Wojciechowski,BAL,81.2,4.959184754485875,2.78571429,0.24610591900311526,1.3102043672345398,0.2743362831858407,0.75921909,5.369111986299401,0.182572614,0.302904564,0.514522821,0.137096774,0.137096774,5.683334863311307,0.11440386,0.21787709,0.07821229,0.1396648,4.8823839969105025,-0.409927232,9.88713023,0.09876543,0.36213992,,,,,,0.33916084,0.69814503,0.48587181,0.63230241,0.85748792,0.76453901,0.40868367,0.14541695,0.25982081,30,Asher Wojciechowski,10836,592879
2019,Merrill Kelly,ARI,183.1,4.418181573032361,2.77192982,0.2562674094707521,1.3145453816059247,0.2919020715630885,0.7312253,4.512191221858258,0.223636363,0.42,0.356363636,0.06632653,0.147959183,4.582469506301496,0.09790682,0.2033462,0.07335907,0.12998713,4.733714487482891,-0.094009649,8.875749639749095,0.08214286,0.39821429,,,,,,0.30817972,0.69526144,0.46824324,0.67850467,0.8613396,0.79076479,0.41351351,0.16914247,0.26704929,30,Merrill Kelly,11156,518876
2019,Jose Quintana,CHC,167,4.796407185628743,3.34883721,0.2735294117647059,1.3712574850299402,0.32170542635658916,0.65517241,3.854728038582259,0.246183206,0.442748091,0.311068702,0.079754601,0.122699386,4.2394020431234445,0.08196721,0.19862069,0.05931034,0.13931035,4.5452963369985735,0.941679147,9.068004448,0.05597015,0.36380597,,,,,,0.29509202,0.65919283,0.44298725,0.67983368,0.90340136,0.81496711,0.40619308,0.17996357,0.26193078,30,Jose Quintana,11423,500779
2019,Drew Smyly,- - -,98,5.6938775510204085,2.33333333,0.2713178294573643,1.530612244897959,0.311284047,0.74358974,5.826254373667192,0.222222222,0.358422939,0.419354838,0.068376068,0.213675213,4.884796089876671,0.11007667,0.24193548,0.10368664,0.13824885,4.728319563,-0.132376823,,0.08510638,0.37943262,,,,,,0.29361296,0.64736165,0.4441402,0.61038961,0.8389662,0.75215783,0.42552026,0.17415115,0.28422782,30,Drew Smyly,11760,592767
2019,James Paxton,NYY,150.2,3.8230083333232057,3.38181818,0.23958333333333334,1.280973278353088,0.3133514986376022,0.76167076,3.864451865752581,0.190600522,0.38381201,0.425587467,0.141104294,0.141104294,4.031977675598091,0.14071295,0.29383886,0.08688784,0.20695103,3.933434192791215,-0.041443532,9.056737914121241,0.06666667,0.38461538,,,,,,0.33978079,0.71813285,0.49793621,0.57874763,0.80875,0.71740769,0.41801126,0.14484053,0.28555347,30,James Paxton,11828,572020
2019,Chris Bassitt,OAK,139,3.9496398541962487,2.93333333,0.23134328358208955,1.2158272046615046,0.2689295039164491,0.7585752,4.508973362329729,0.20906801,0.413098236,0.377833753,0.146666666,0.14,4.691569617774248,0.08823529,0.22259696,0.07588533,0.14671164,4.563344896070573,-0.559333508,8.099208442810824,0.0470297,0.31435644,,,,,,0.2934519,0.65915239,0.46632566,0.71625344,0.85772914,0.81078611,0.47271952,0.17817562,0.26641091,30,Chris Bassitt,12304,605135
2019,Masahiro Tanaka,NYY,179,4.4748603351955305,3.76923077,0.2574679943100996,1.229050279329609,0.2897727272727273,0.70568928,4.292221766210801,0.197463768,0.478260869,0.324275362,0.117318435,0.156424581,4.2479080950914145,0.10790051,0.19758065,0.05241935,0.14516129,4.441354475251998,0.1826385689847294,10.742545877548462,0.05935252,0.3794964,,,,,,0.37048377,0.70118074,0.50365764,0.6661157,0.87953368,0.78576616,0.40270666,0.16825165,0.27615216,30,Masahiro Tanaka,15764,547888
2020,Kyle Hendricks,CHC,81.1,2.8770493602470872,8,0.238562092,0.9959017016239917,0.27155172413793105,0.82352941,3.547976714684996,0.210743801,0.47107438,0.318181818,0.129870129,0.129870129,3.775161462115457,0.116179,0.2031746,0.02539683,0.17777778,3.998078262064918,-0.670927354,8.533344363378099,0.04545455,0.30991736,,58.809090909090905,87.96826087,110.19234782608697,102.7493043478261,0.34775641,0.66914498,0.49655766,0.64976959,0.83611111,0.7660312,0.46299484,0.19018933,0.30636833,30,Kyle Hendricks,12049,543294
2021,Martín Pérez,BOS,100,4.770000363922147,2.57575758,0.29455445544554454,1.5200001159668057,0.33774834437086093,0.74155653,4.910034255218516,0.251592356,0.420382165,0.328025477,0.077669902,0.165048543,4.517327215643833,0.08046683,0.19101124,0.0741573,0.11685393,4.624868338767074,-0.140033891,9.057034380008012,0.09404389,0.4200627,,80.89999999999999,86.15805059,101.10900678593464,96.85496607032694,0.29479167,0.67814371,0.45208845,0.72791519,0.8807947,0.82201087,0.41031941,0.18427518,0.26474201,30,Martin Perez,6902,527048
2021,Jordan Lyles,TEX,167,5.389221556886228,2.64150943,0.2818181818181818,1.4311377245508983,0.3070539419087137,0.75207469,5.529315559592789,0.229411764,0.376470588,0.394117647,0.074626865,0.189054726,4.694805304768556,0.1046595,0.19444444,0.07361111,0.12083333,4.673627967672301,-0.140094003,10.58433201002038,0.09615385,0.43653846,,85.42427536231884,94.30883009244502,101.70436722983737,100.99231750079693,0.31533742,0.7112069,0.47992832,0.6459144,0.86666667,0.78192681,0.41577061,0.15878136,0.26344086,30,Jordan Lyles,7593,543475
2021,Trevor Bauer,LAD,107.2,2.5913313305581704,3.7027027,0.18112244897959184,1.0030959989257435,0.22033898305084745,0.88862559,4.033811232653098,0.191235059,0.334661354,0.474103585,0.109243697,0.159663865,3.689778033171501,0.12646894,0.31712963,0.08564815,0.23148148,3.484621903558506,-1.442479902,11.773913506023044,0.10588235,0.42352941,,141.92898330804252,125.99525492175673,99.15916203937408,107.7409893992933,0.31439394,0.65116279,0.45215445,0.55120482,0.83823529,0.72029703,0.40906547,0.17739228,0.30386122,30,Trevor Bauer,12703,545333
2021,Gerrit Cole,NYY,181.1,3.2261030316662236,5.92682927,0.22108345534407028,1.0588235591109656,0.30528846153846156,0.77930175,2.9218723508004087,0.164009111,0.430523917,0.40546697,0.095505617,0.13483146,2.933213115086212,0.14516672,0.33471074,0.05647383,0.27823691,2.933583572,0.30423068086581484,10.49257813,0.09772727,0.38636364,,151.2047142857143,137.3826702629805,104.05869858395147,112.57545515846259,0.35399768,0.67578439,0.48871674,0.57446809,0.79642857,0.70296347,0.41865948,0.17581677,0.3209835,30,Gerrit Cole,13125,543037
2021,Steven Matz,TOR,150.2,3.8230091076747326,3.34883721,0.26421404682274247,1.3340708865323285,0.3211009174311927,0.75357536,3.7872908013103572,0.22172949,0.454545454,0.323725055,0.109589041,0.123287671,3.9439072088888025,0.09425108,0.22256569,0.06646059,0.1561051,4.123205140449313,0.035718306,,0.07048458,0.37885463,,,93.80818004,101.29808219178086,100.32900195694711,0.28528975,0.66942149,0.46713615,0.65364583,0.86666667,0.79815745,0.47339593,0.18420023,0.27845131,30,Steven Matz,13361,571927
2021,Marcus Stroman,NYM,179,3.016759776536313,3.59090909,0.23711340206185566,1.1452513966480447,0.2857142857142857,0.75451647,3.4940564688357565,0.228174603,0.507936507,0.263888888,0.045112781,0.127819548,3.5703702276978415,0.11638088,0.21643836,0.06027397,0.15616438,3.954133556,-0.477296692,7.4239391750759545,0.06525912,0.4184261,,87.79166666666667,103.9095597484277,101.61735849056605,103.96405660377363,0.34420063,0.67626527,0.48303539,0.60291439,0.86967742,0.75906344,0.41809559,0.16818679,0.28456768,30,Marcus Stroman,13431,573186
2021,Alex Wood,SFG,138.2,3.8293272039946924,3.8974359,0.2358490566037736,1.1826923944541046,0.30494505494505497,0.72942643,3.480130299061715,0.22459893,0.50802139,0.267379679,0.05,0.14,3.4400068297159825,0.12482916,0.25982906,0.06666667,0.19316239,3.602516818582668,0.3491969049329775,,0.05291005,0.4047619,,,105.72142857142855,100.91535250463821,100.07189239332094,0.32178218,0.65106816,0.46924829,0.57692308,0.8296875,0.73398058,0.44783599,0.1977221,0.32255125,30,Alex Wood,13781,622072
2021,Kevin Gausman,SFG,192,2.8125,4.54,0.20804438280166435,1.0416666666666667,0.2742616033755274,0.78409091,3.003367455800375,0.216494845,0.418556701,0.364948453,0.073446327,0.11299435,3.275722124582778,0.15289807,0.29290323,0.06451613,0.2283871,3.420783308889135,-0.190867456,9.746460192277322,0.0708502,0.40890688,,97.93468098547064,101.1715676401477,103.63048002685471,105.64068479355488,0.35575758,0.72337278,0.52131912,0.53151618,0.81186094,0.70670927,0.45036642,0.15722851,0.31012658,30,Kevin Gausman,14107,592332
2021,Andrew Heaney,- - -,120,5.475,3.5,0.2413793103448276,1.2666666666666666,0.2909698996655518,0.68032787,4.670034122467041,0.224299065,0.330218068,0.445482866,0.076923076,0.174825174,4.064232323,0.12698413,0.27504912,0.07858546,0.19646365,3.852826741542014,0.8049658775329585,8.652761961284437,0.09259259,0.39506173,,99.10847039473684,98.22960369494676,101.54149876421226,101.25603007210249,0.35670262,0.68127962,0.48459384,0.6587473,0.80173913,0.73795761,0.39402428,0.15639589,0.28338002,30,Andrew Heaney,15423,571760
2021,Yusei Kikuchi,SEA,157,4.414012738853503,2.62903226,0.24207011686143573,1.3184713375796178,0.2885085574572127,0.74626866,4.609524568326914,0.212962962,0.483796296,0.30324074,0.038167938,0.20610687,3.8460305465634463,0.1245121,0.24474474,0.09309309,0.15165165,4.159408893640354,-0.195511829,9.519939844605695,0.11009174,0.47018349,,109.27371303395401,101.67008980866846,98.82647403358061,99.27317454119489,0.32648725,0.67362924,0.4822335,0.56399132,0.84754522,0.7417004,0.44865287,0.16393443,0.28844653,30,Yusei Kikuchi,20633,579328
2022,Robbie Ray,SEA,189,3.7142857142857144,3.41935484,0.23087818696883852,1.1904761904761905,0.28354978354978355,0.81196581,4.165341054573261,0.18902439,0.392276422,0.418699186,0.106796116,0.155339805,3.5778071774061395,0.13455858,0.27354839,0.08,0.19354839,3.4988711910596746,-0.45105534,10.570160753446116,0.07894737,0.39068826,,97.96248955722639,90.82291735265069,98.38607178136317,96.73671386,0.35155823,0.75533662,0.51296357,0.58631415,0.84347826,0.73768394,0.39973745,0.1299639,0.26452248,30,Robbie Ray,11486,592662
2022,José Ureña,COL,89.1,5.138059994031991,1.57894737,0.2857142857142857,1.5671642683321978,0.3205574912891986,0.66141732,4.534072873650273,0.216216216,0.503378378,0.280405405,0.072289156,0.120481927,4.454266830246834,0.08327781,0.15151515,0.0959596,0.05555556,4.828873714806159,0.60398712,7.127837378131456,0.06397306,0.39393939,,90.88760330578513,89.14923384410392,98.37061958694203,95.48600933,0.34178499,0.70873786,0.46768821,0.72997033,0.90684932,0.82193732,0.3431046,0.13790806,0.22118588,30,Jose Urena,11589,570632
2022,Jameson Taillon,NYY,177.1,3.9078948489280885,4.71875,0.24312590448625182,1.1278195812202276,0.27626459143968873,0.75326216,3.941378393860075,0.205992509,0.400749063,0.393258426,0.123809523,0.123809523,3.788432382882577,0.09910873,0.20741758,0.04395604,0.16346154,3.844629317543326,-0.033483545,10.384810727284137,0.08333333,0.35740741,,97.98413654618476,97.38808586762073,105.87552772808579,103.94171735241504,0.34043813,0.71210762,0.4882311,0.66434783,0.8929471,0.79693207,0.39764622,0.16399287,0.2631016,30,Jameson Taillon,11674,592791
2022,Adrian Sampson,CHC,98.2,3.2837838684232525,2.51851852,0.25857519788918204,1.2668919245460077,0.292358804,0.78761062,3.933376968769022,0.196774193,0.4,0.403225806,0.08,0.08,4.491277410460957,0.09012346,0.16666667,0.06617647,0.1004902,4.5912359586251625,-0.6495931,8.558167880639099,0.07073955,0.35048232,,72.52112676056338,74.30287018917154,101.67573385518592,94.33144161774301,0.33398821,0.71760797,0.47654321,0.70294118,0.89583333,0.81088083,0.37160494,0.14259259,0.23271605,30,Adrian Sampson,13339,592716
2022,Michael Wacha,BOS,127.1,3.321989661490941,3.35483871,0.23125,1.1151832906187085,0.25977653631284914,0.80298013,4.141226854276242,0.204787234,0.409574468,0.385638297,0.144827586,0.124137931,3.9892914836048274,0.09543356,0.20194175,0.06019417,0.14174757,4.066931175681924,-0.819237193,11.448687943477838,0.09574468,0.3537234,,89.08398133748057,92.56680348896874,103.93324781939455,97.07742432016417,0.33686067,0.73865031,0.50487429,0.71465969,0.87209302,0.81097561,0.41816316,0.15135967,0.24679323,30,Michael Wacha,14078,608379
2022,Michael Lorenzen,LAA,97.2,4.238907960205806,1.93181818,0.2231404958677686,1.2798635145548931,0.26217228464419473,0.71302817,4.310383251286588,0.176895306,0.501805054,0.321299638,0.11235955,0.123595505,4.195224991826806,0.11245466,0.20681265,0.10705596,0.09975669,4.426722710533721,-0.071475291,8.634926772,0.06834532,0.3705036,,95.56515580736544,98.74824029126216,97.7839199,97.34490291262136,0.32562814,0.70015221,0.47457627,0.65432099,0.83913043,0.7627551,0.39769976,0.14207981,0.25453446,30,Michael Lorenzen,14843,547179
2022,Jon Gray,TEX,127.1,3.9581153413509087,3.43589744,0.22058823529411764,1.130890097528831,0.27076923076923076,0.70522979,3.803530505708605,0.205882352,0.44117647,0.352941176,0.1,0.141666666,3.463040925157654,0.11639185,0.2571977,0.07485605,0.18234165,3.555689335186873,0.15458483564230363,7.406997885676583,0.06140351,0.38011696,,79.86679462571973,101.56561590688649,102.03462657613964,99.98540252182346,0.34804754,0.66628959,0.48448109,0.63414634,0.84719864,0.75975976,0.42870999,0.17652764,0.2929195,30,Jon Gray,14916,592351
2022,Marco Gonzales,SEA,183,4.131147540983607,2.06,0.26721763085399447,1.3333333333333333,0.2765598650927487,0.73684211,5.052321712045722,0.185783521,0.42003231,0.394184168,0.118852459,0.122950819,4.895000043006543,0.08350951,0.13154534,0.06385696,0.06768838,4.993081144729815,-0.921174171,8.385600929664898,0.07223114,0.34510433,,63.715139826422366,83.63757511,103.39335454224106,94.8340403,0.3733562,0.72150735,0.50687346,0.77641654,0.88407643,0.83518776,0.3835037,0.15116279,0.2346723,30,Marco Gonzales,15467,594835
2022,Sean Manaea,SDP,153,5.0588235294117645,3.02,0.25333333333333335,1.3202614379084967,0.29285714285714287,0.67319461,4.622234923231836,0.194130925,0.379232505,0.426636568,0.084656084,0.153439153,3.986874252304532,0.11933472,0.23159509,0.07668712,0.15490798,3.950211537967581,0.4365886061799289,7.319976267806982,0.09131403,0.42316258,,,86.35786189683864,101.01888519134778,98.14039101497505,0.3213466,0.74293528,0.51372712,0.63095238,0.83803681,0.76761134,0.4563228,0.15259875,0.27193347,30,Sean Manaea,15873,640455
2023,Noah Syndergaard,- - -,88.2,6.496240787828511,2.94736842,0.287292818,1.387218085,0.2887323943661972,0.66536204,6.198649466481865,0.233552631,0.371710526,0.394736842,0.083333333,0.183333333,5.210704443491716,0.08161817,0.14322251,0.04859335,0.09462916,5.067321985523531,0.2975913213466459,9.347891295189951,0.11111111,0.42156863,,64.84705882352941,79.94142638,104.31783777977118,98.79369977578772,0.29585007,0.71646341,0.49251604,0.73755656,0.8787234,0.83357453,0.46756949,0.16678495,0.24840312,30,Noah Syndergaard,11762,592789
2023,Taijuan Walker,PHI,172.2,4.378378636327243,1.94366197,0.23700305810397554,1.3088803859920066,0.2721774193548387,0.71359223,4.534963214825536,0.18590998,0.446183953,0.367906066,0.117021276,0.106382978,4.829346222956277,0.08418457,0.18826739,0.09686221,0.09140518,4.966566373471493,-0.156584578,9.801364638240463,0.06782946,0.40697674,,78.72289156626506,93.86355108,99.02804031,97.00031271716472,0.30558723,0.65281625,0.43813888,0.69216418,0.89533239,0.80772325,0.38174128,0.16555125,0.24973582,30,Taijuan Walker,11836,592836
2023,Adrian Houser,MIL,106.1,4.231975124058984,2.9375,0.27230046948356806,1.3918495963571769,0.325,0.71860817,3.8851344335236306,0.18237082,0.458966565,0.358662613,0.084745762,0.101694915,4.252803796,0.07146909,0.20479303,0.06971678,0.13507625,4.407765723437038,0.34684069053535316,9.053957924,0.07228916,0.46385542,,80.33146853146853,82.84229675952247,102.38300170551454,97.07822626492323,0.27623762,0.67066667,0.44431818,0.74193548,0.89264414,0.83887468,0.42613636,0.1894498,0.26091889,30,Adrian Houser,12718,605288
2023,Joe Musgrove,SDP,97.1,3.051370022466478,4.61904762,0.24390243902439024,1.1404110184975724,0.3053435114503817,0.80188679,3.5221636611271325,0.221402214,0.450184501,0.328413284,0.056179775,0.11235955,3.6983448974045094,0.11368015,0.24310777,0.05263158,0.19047619,3.7671661868381183,-0.470793639,7.480600161,0.05147059,0.33088235,,79.72796833773087,106.26614886731396,104.43728155339807,102.46938511326854,0.38546256,0.64330218,0.49225806,0.61142857,0.90072639,0.76802097,0.41419355,0.1701991,0.28387925,30,Joe Musgrove,12970,605397
2023,Eduardo Rodriguez,DET,152.2,3.301310263641908,2.97916667,0.22456140350877193,1.152838504763841,0.27427184466019416,0.75949367,3.6611539236752417,0.218225419,0.410071942,0.371702637,0.116129032,0.096774193,4.062482696239407,0.10412413,0.23027375,0.07729469,0.15297907,4.2620299217383035,-0.35984366,8.522288496166357,0.07494145,0.37002342,,72.94544609665428,83.15063398,103.20803043110735,97.33254437869829,0.30967742,0.69685415,0.47585925,0.67592593,0.84268126,0.78073947,0.4292144,0.17558187,0.279706,30,Eduardo Rodriguez,13164,593958
2023,Zach Davies,ARI,82.1,6.995951849189286,1.84615385,0.2916666666666667,1.6639677141300906,0.3464566929133858,0.576,4.578927080958238,0.217557251,0.442748091,0.339694656,0.08988764,0.11235955,4.7872061153014265,0.08061292,0.19098143,0.10344828,0.08753316,4.995413037387087,2.417024768231048,8.266813199195637,0.07954545,0.42424242,,71.61183431952662,75.21132323897301,99.62909809084924,92.38953258722847,0.26826722,0.64007421,0.40213761,0.67315175,0.89275362,0.79900332,0.36005344,0.18321119,0.26382412,30,Zach Davies,13183,605200
2023,Blake Snell,SDP,180,2.25,2.36363636,0.1796875,1.1888888888888889,0.2557544757033248,0.86734694,3.4383736928304036,0.214814814,0.444444444,0.34074074,0.072463768,0.108695652,3.622610037525495,0.1533123,0.31536388,0.13342318,0.1819407,4.057019763956012,-1.188373693,11.303148827871512,0.07389163,0.33743842,,120.47027903958465,106.87674565560822,95.40094786729858,100.25178515007902,0.30834114,0.67601547,0.42834596,0.46504559,0.80829757,0.64185704,0.32638889,0.15457413,0.30788644,30,Blake Snell,13543,605483
2023,Nick Pivetta,BOS,87,4.655172413793103,3.62068966,0.2319277108433735,1.2183908045977012,0.2890995260663507,0.72234763,4.404465646853392,0.221238938,0.371681415,0.407079646,0.054347826,0.173913043,3.762033018846622,0.12466125,0.28688525,0.07923497,0.20765027,3.6921884398490894,0.25070676693971095,11.817510017384668,0.1277533,0.44052863,,120.78385345997286,115.67359693877557,101.04540816326528,105.13475765306123,0.34192037,0.66720257,0.47899729,0.56849315,0.86024096,0.7397454,0.42140921,0.16869919,0.29336043,30,Nick Pivetta,15454,601713
2023,Luis Castillo,SEA,197,3.335025381,3.91071429,0.21592442645074225,1.0964467005076142,0.26720647773279355,0.77007701,3.8083398518828577,0.18689788,0.389210019,0.4238921,0.113636363,0.127272727,3.807006785228168,0.14708632,0.27306733,0.06982544,0.2032419,3.7367733762074966,-0.473314471,7.723369284741743,0.09386973,0.41762452,,95.45453267744202,96.02040816326533,103.4849921507064,101.68593406593406,0.35456017,0.74667651,0.52011225,0.57838661,0.80712166,0.71702638,0.42220143,0.14334684,0.29043316,30,Luis Castillo,15689,622491
2023,Aaron Nola,PHI,193.2,4.461273900425602,4.48888889,0.23828647925033467,1.151463055318182,0.28460038986354774,0.6640625,4.029567078,0.195571955,0.426199261,0.378228782,0.121951219,0.15609756,3.631651960482608,0.11797027,0.25472888,0.05674653,0.19798235,3.7511549588771955,0.4317068221046423,8.643070698832418,0.08256881,0.3853211,,95.46307692307691,101.23109815354712,107.18156786524133,105.78973113054742,0.37402453,0.65661253,0.49238743,0.61698957,0.87279152,0.75986842,0.41885326,0.17840983,0.29638009,30,Aaron Nola,16149,605400
2023,Kyle Freeland,COL,155.2,5.029978915,2.23809524,0.2949526813880126,1.4710921732209215,0.30919765166340507,0.70749736,5.297867045454508,0.202626641,0.399624765,0.397748592,0.075471698,0.136792452,5.127699401598343,0.07771807,0.13884786,0.0620384,0.07680945,5.244464356323585,-0.26788813,8.127966529,0.08703704,0.43333333,,67.90855855855854,69.84349627174812,102.87572493786242,93.71839270919642,0.33357879,0.73175355,0.5076668,0.71302428,0.92487047,0.84653061,0.43721508,0.14634146,0.22405953,30,Kyle Freeland,16256,607536
2023,Jordan Montgomery,- - -,188.2,3.1961131172869397,3.45833333,0.24413793103448275,1.1925795213757238,0.29390018484288355,0.75564279,3.5624608583405903,0.219819819,0.432432432,0.347747747,0.103626943,0.093264248,4.013504443107919,0.11358194,0.21364221,0.06177606,0.15186615,4.232065658820195,-0.366347741,9.362254678049394,0.07513417,0.37745975,,74.69451612903227,96.57966787,101.25123232289128,96.15777213340733,0.33736327,0.6737109,0.47363014,0.63822526,0.84943538,0.75994215,0.40513699,0.16592542,0.27950736,30,Jordan Montgomery,16511,656756
2023,Domingo Germán,NYY,103.2,4.774919731285358,3.4375,0.20876288659793815,1.090032181081304,0.2364341085271318,0.63736264,4.740570942563627,0.209386281,0.379061371,0.411552346,0.122807017,0.175438596,4.050687645417482,0.1488959,0.25821596,0.07511737,0.18309859,3.957311806635786,0.034348789,9.317145868764172,0.09352518,0.39928058,,88.36213151927437,92.83405063291137,100.24556962025316,98.13873417721516,0.36550976,0.70953101,0.50915982,0.53412463,0.8315565,0.70719603,0.41756159,0.15646688,0.30536278,30,Domingo German,17149,593334
2023,Kodai Senga,NYM,166.1,2.9759519948084643,2.62337662,0.20588235294117646,1.2204409190830672,0.27735369,0.80347448,3.6337978861090567,0.190123456,0.44691358,0.362962962,0.136054421,0.115646258,3.7663191797245217,0.12522298,0.29106628,0.11095101,0.18011527,3.9984644972884564,-0.657845891,9.800616597,0.06829268,0.4,,109.3457364341085,97.39797297297294,94.91475818,96.67123044,0.29861111,0.69634489,0.45044723,0.53100775,0.85329744,0.72120731,0.38175313,0.15483411,0.28005708,30,Kodai Senga,31838,673540
2017,Clayton Kershaw,LAD,175,2.3142859160754323,6.73333333,0.20955315870570107,0.9485715112803006,0.2665094339622642,0.87443946,3.0719254010258883,0.189497716,0.479452054,0.331050228,0.096551724,0.158620689,2.837222028280353,0.1412138,0.29749632,0.04418262,0.2533137,3.0366064576813687,-0.757639485,13.40636347381162,0.05592841,0.2639821,,,,,,0.32311321,0.70616493,0.51289171,0.51094891,0.82426304,0.72467131,0.49543832,0.16898056,0.31019437,29,Clayton Kershaw,2036,477132
2017,Jhoulys Chacín,SDP,180.1,3.8927915667229973,2.125,0.23122238586156113,1.2698707532472455,0.27218934911242604,0.74399261,4.261151833498592,0.185686653,0.491295938,0.323017408,0.119760479,0.113772455,4.538752522459702,0.07899217,0.2,0.09411765,0.10588235,4.628877582355251,-0.368360267,9.187703191348195,0.05323194,0.28326996,,,,,,0.25409836,0.61213916,0.41879469,0.63771712,0.89600967,0.81138211,0.45999319,0.20190671,0.28089888,29,Jhoulys Chacin,2608,468504
2017,Chris Tillman,BAL,85.1,8.121095686220094,1.20833333,0.3268698060941828,1.9453129637987527,0.3392857142857143,0.63328424,7.0599843746053415,0.235880398,0.392026578,0.372093023,0.098214285,0.205357142,5.890761113240462,0.07138536,0.14111922,0.11678832,0.0243309,5.827544466679367,1.061111311614753,9.846771873379149,0.08250825,0.40594059,,,,,,0.25204082,0.74145617,0.45130067,0.69635628,0.91382766,0.84182306,0.40713854,0.12099214,0.1923775,29,Chris Tillman,5279,501957
2017,Brad Peacock,HOU,111.2,3.2238804501716065,2.93478261,0.21634615384615385,1.2179103922870513,0.2977941176470588,0.76555024,3.0770426829595774,0.197132616,0.437275985,0.365591397,0.107843137,0.088235294,3.6541015446908025,0.11490031,0.29094828,0.09913793,0.19181034,3.7872979995140263,0.14683776721202912,8.705029651558716,0.04270463,0.26690391,,,,,,0.29551954,0.60981308,0.43674541,0.59354839,0.82183908,0.73677885,0.44934383,0.204617,0.31951731,29,Brad Peacock,5401,502748
2017,Alex Cobb,TBR,179.1,3.6635688771405666,2.90909091,0.25289017341040465,1.2211896257135222,0.2822878228782288,0.7569516,4.161357194800324,0.220035778,0.47763864,0.302325581,0.071005917,0.130177514,4.242871683317421,0.06704107,0.17250674,0.05929919,0.11320755,4.483212441814183,-0.497788318,10.468110055634469,0.05496454,0.35106383,,,,,,0.28710305,0.62145594,0.44030899,0.73363431,0.90998767,0.8476874,0.45821629,0.1962092,0.26325026,29,Alex Cobb,6562,502171
2017,Chase Anderson,MIL,141.1,2.738207645711634,3.24390244,0.21689059500959693,1.0896226807224592,0.2647058823529412,0.80622348,3.582168011378462,0.179894179,0.391534391,0.428571428,0.098765432,0.086419753,4.333346956572029,0.10204082,0.23374341,0.07205624,0.16168717,4.144414188469945,-0.843960366,11.098181319563356,0.03865979,0.26804124,,,,,,0.30256822,0.66765873,0.46583851,0.65782493,0.84992571,0.78095238,0.44720497,0.16814552,0.27018634,29,Chase Anderson,6895,502624
2017,Dallas Keuchel,HOU,145.2,2.903889754600996,2.65957447,0.21682242990654205,1.118992978723315,0.25569620253164554,0.79861111,3.789218553370585,0.154613466,0.668329177,0.177057356,0.028169014,0.211267605,3.317561277554878,0.10893345,0.2140411,0.08047945,0.13356164,3.611435602,-0.885328799,7.931664218421743,0.04878049,0.32195122,,,,,,0.32633864,0.66133005,0.45031905,0.63636364,0.8603352,0.75809717,0.37010027,0.16499544,0.2739289,29,Dallas Keuchel,9434,572971
2017,Kyle Gibson,MIN,158,5.069619763567983,2.01666667,0.2902711323763955,1.5316454217021873,0.3278008298755187,0.72294776,4.853842062049347,0.231075697,0.507968127,0.260956175,0.053435114,0.183206106,4.353991636684388,0.10038314,0.17460317,0.08658009,0.08802309,4.6736365201860375,0.21577770151863618,11.491760045595136,0.06521739,0.37549407,,,,,,0.31158029,0.67048711,0.45555556,0.61806982,0.89173789,0.77964676,0.40114943,0.15708812,0.25747126,29,Kyle Gibson,10123,502043
2017,Mike Leake,- - -,186,3.919354677944607,3.51351351,0.27309782608695654,1.2795698399874025,0.30887372013651876,0.70319635,3.8995751476519405,0.218333333,0.536666666,0.245,0.06802721,0.136054421,3.9075564696297374,0.08420295,0.16624041,0.04731458,0.11892583,4.150662644590402,0.019779530292666436,5.589213526526163,0.04785479,0.35478548,,,,,,0.31233062,0.66948501,0.4796543,0.68329718,0.8989667,0.82432432,0.46849118,0.17560273,0.25980569,29,Mike Leake,10130,502190
2017,Jacob deGrom,NYM,201.1,3.5314567752127353,4.05084746,0.2349869451697128,1.1870860327367703,0.3046092184368738,0.76313181,3.5003549086859898,0.210831721,0.452611218,0.336557059,0.097701149,0.16091954,3.229720631073501,0.13257576,0.28899637,0.0713422,0.21765417,3.4445258999878146,0.031101866526745514,9.954086719,0.0512334,0.28652751,,,,,,0.32541568,0.68396226,0.49337121,0.60948905,0.79704433,0.73128599,0.46843434,0.17392677,0.30650253,29,Jacob deGrom,10954,594798
2017,Tim Adleman,CIN,105.1,5.468354694,2.11363636,0.26715686274509803,1.4525317157084654,0.2920962199312715,0.72347267,5.7494119712623055,0.205211726,0.355048859,0.439739413,0.088888888,0.177777777,5.067185834152754,0.10720268,0.20350109,0.09628009,0.10722101,4.834274302396634,-0.281057277,11.368931292061315,0.07619048,0.32380952,,,,,,0.26574173,0.693302,0.46923937,0.63052209,0.83050847,0.77115614,0.47595078,0.15522055,0.26242323,29,Tim Adleman,10968,534947
2017,Kenta Maeda,LAD,126.1,4.345646612953312,3.93939394,0.2336065573770492,1.1635884373481544,0.27596439169139464,0.70723684,4.139170076738841,0.227665706,0.374639769,0.397694524,0.130434782,0.152173913,3.9212962098511777,0.1234208,0.24761905,0.06285714,0.18476191,3.874889250123231,0.20647653621447049,11.27493748,0.04189944,0.29608939,,,,,,0.29581395,0.66598778,0.47253281,0.55974843,0.82568807,0.73868313,0.47739426,0.17638484,0.29980564,29,Kenta Maeda,18498,628317
2018,Rick Porcello,BOS,191.1,4.280487577299453,3.95833333,0.23790322580645162,1.1759581256317178,0.2846299810246679,0.70866142,4.012347906788346,0.202185792,0.440801457,0.35701275,0.091836734,0.137755102,3.8697515340453843,0.08656331,0.23514851,0.05940594,0.17574257,3.7670558225677544,0.26813967051110676,9.148417089529742,0.06859206,0.35559567,,,,,,0.30907998,0.6559665,0.46963824,0.68287938,0.88829787,0.81568088,0.4628553,0.19121447,0.27777778,29,Rick Porcello,2717,519144
2018,Danny Duffy,KCR,155,4.877419354838709,2.01428571,0.2605177993527508,1.4903225806451612,0.3039647577092511,0.734714,4.7023670596461145,0.220338983,0.353813559,0.425847457,0.089552238,0.11442786,4.915106638496922,0.0962298,0.20375723,0.10115607,0.10260116,4.745250028837074,0.1750522951925948,10.48695209120983,0.06708595,0.36687631,,,,,,0.28580563,0.68058968,0.45888689,0.64653244,0.86762936,0.79029734,0.43842011,0.15942549,0.2556553,29,Danny Duffy,3542,518633
2018,Chris Archer,- - -,148.1,4.307865316253501,3.30612245,0.2658662092624357,1.3752809460339817,0.3383084577114428,0.72519084,3.753690023083923,0.230215827,0.446043165,0.323741007,0.103703703,0.14074074,3.591676792220959,0.13133733,0.2539185,0.07680251,0.17711599,3.727408624,0.5541752931695783,10.400730438734907,0.05700713,0.3871734,,,,,,0.33474278,0.67771639,0.48343313,0.55368421,0.84103261,0.7283237,0.43353293,0.16367265,0.29500998,29,Chris Archer,6345,502042
2018,Dan Straily,MIA,122.1,4.119890665588324,1.90384615,0.23311546840958605,1.2997274123582212,0.25588235294117645,0.75362319,5.114109887433102,0.255014326,0.320916905,0.424068767,0.114864864,0.135135135,4.986908545325789,0.09831461,0.19111969,0.1003861,0.09073359,4.922891570956349,-0.994219222,10.44670608108108,0.075,0.41111111,,,,,,0.30024213,0.68861607,0.46323185,0.63709677,0.87844408,0.78766431,0.41967213,0.16292135,0.26123596,29,Dan Straily,9460,573185
2018,Miles Mikolas,STL,200.2,2.825581109,5.03448276,0.24093264248704663,1.0714284627993296,0.2786885245901639,0.76152305,3.2800328925527467,0.222039473,0.493421052,0.284539473,0.098265895,0.092485549,3.6673887269071055,0.09687084,0.18069307,0.03589109,0.14480198,3.926492542689939,-0.454451784,8.208835398,0.04472843,0.29233227,,,,,,0.36643177,0.68745669,0.52063915,0.7027972,0.87802419,0.81393862,0.48035952,0.16711052,0.26398136,29,Miles Mikolas,9803,571945
2018,Stephen Strasburg,WSN,130,3.7384610996585437,4.10526316,0.23694779116465864,1.199999859149656,0.30864197530864196,0.75648415,3.621969983140399,0.222551928,0.43620178,0.34124629,0.069565217,0.156521739,3.2830141481843644,0.11938917,0.28676471,0.06985294,0.21691176,3.3287377583702606,0.11649111651814481,9.014585594356486,0.07309942,0.38888889,,,,,,0.324412,0.64439655,0.46182323,0.61,0.82943144,0.74148297,0.42943082,0.17584452,0.29523369,29,Stephen Strasburg,10131,544931
2018,Chad Bettis,COL,109,5.284403299845893,1.68888889,0.2589073634204275,1.412843938,0.2804878048780488,0.69299553,5.142082813217357,0.198224852,0.4852071,0.316568047,0.046728971,0.158878504,4.735870139803287,0.08553387,0.16170213,0.09574468,0.06595745,4.956507792498246,0.14232048662853636,7.133969027077538,0.06956522,0.37681159,,,,,,0.26995074,0.6519945,0.4293915,0.6459854,0.89029536,0.80080214,0.41733639,0.17967853,0.2652124,29,Chad Bettis,10587,518452
2018,Chris Sale,BOS,158,2.107594936708861,6.97058824,0.17926186291739896,0.8607594936708861,0.2834890965732087,0.82466568,1.9768872719776782,0.196319018,0.441717791,0.36196319,0.152542372,0.093220338,2.3053086743701865,0.15762376,0.38411669,0.05510535,0.32901135,2.2716661459929055,0.13070766473118267,6.668381109470275,0.07228916,0.26807229,,,,,,0.36402266,0.62803235,0.48039604,0.54474708,0.76537911,0.67188788,0.44079208,0.19643564,0.35405941,29,Chris Sale,10603,519242
2018,Jose Quintana,CHC,174.1,4.02676876,2.32352941,0.24251497005988024,1.3193117019715086,0.2824742268041237,0.76767677,4.433854175069385,0.224242424,0.432323232,0.343434343,0.076470588,0.147058823,4.1801709937494635,0.08046768,0.21380244,0.09201624,0.1217862,4.393045999878086,-0.407085415,9.287956726584262,0.05882353,0.3745098,,,,,,0.27619624,0.61734288,0.42365887,0.67763158,0.8878866,0.81006494,0.43225585,0.18878955,0.26925722,29,Jose Quintana,11423,500779
2018,Matt Harvey,- - -,149,4.7114093959731544,4,0.2651006711409396,1.2751677852348993,0.3002257336343115,0.72049689,4.388619495238234,0.199561403,0.429824561,0.370614035,0.124260355,0.147928994,4.080719841426651,0.09584533,0.20189274,0.05047319,0.15141956,4.0735279475557675,0.32278990073492064,9.002125876290458,0.06837607,0.39529915,,,,,,0.27687296,0.7063228,0.48930041,0.67058824,0.85747939,0.80403701,0.49465021,0.16865487,0.26450021,29,Matt Harvey,11713,518774
2018,James Paxton,SEA,160.1,3.7609145222993705,4.95238095,0.22259136212624583,1.097713028067478,0.2991913746630728,0.75966851,3.2352756458706566,0.192802056,0.395886889,0.411311053,0.09375,0.14375,3.018592181649596,0.14291202,0.32248062,0.06511628,0.25736434,2.9621041304164635,0.5256388764287139,9.310047348484849,0.08883249,0.4213198,,,,,,0.36032689,0.70007955,0.52439493,0.55876289,0.82045455,0.72747253,0.48290434,0.15251633,0.29542835,29,James Paxton,11828,572020
2018,Masahiro Tanaka,NYY,156,3.750000367,4.54285714,0.23777403035413153,1.1282052385579857,0.28361858190709044,0.77702703,4.012995761730897,0.197183098,0.471830985,0.330985915,0.09929078,0.177304964,3.422468325,0.14095079,0.2503937,0.05511811,0.19527559,3.4967825541161512,-0.262995395,9.512137534658041,0.07142857,0.38018433,,,,,,0.37603878,0.69601677,0.50333611,0.57642726,0.8373494,0.71996686,0.39783153,0.16889074,0.30984153,29,Masahiro Tanaka,15764,547888
2019,Madison Bumgarner,SFG,207.2,3.900481445398678,4.72093023,0.24146649810366624,1.1268057508929514,0.2885304659498208,0.71782178,3.9026129901425897,0.226086956,0.358260869,0.415652173,0.079497907,0.125523012,4.313946234,0.11621455,0.24052133,0.05094787,0.18957346,4.145015523659113,-0.002131545,9.051430414113193,0.08503401,0.41666667,,,,,,0.34768568,0.71428571,0.50431566,0.63931889,0.85454545,0.7695599,0.42725031,0.16245376,0.27866831,29,Madison Bumgarner,5524,518516
2019,Jake Odorizzi,MIN,159,3.509433962264151,3.35849057,0.23128119800332778,1.2075471698113207,0.3022113022113022,0.75460829,3.3586635637583226,0.206812652,0.350364963,0.442822384,0.109890109,0.087912087,4.327440107880898,0.12737711,0.27051672,0.08054711,0.18996961,4.144023235514545,0.1507703985058284,9.490946968963112,0.06855792,0.36170213,,,,,,0.31812577,0.72703863,0.48905633,0.66085271,0.78748524,0.73954512,0.4180122,0.14459993,0.27197704,29,Jake Odorizzi,6397,543606
2019,Patrick Corbin,WSN,202,3.2524752475247523,3.4,0.22178477690288714,1.183168316831683,0.29,0.77255278,3.486286703430781,0.179337231,0.495126705,0.325536062,0.047904191,0.143712574,3.5862737444515282,0.14277054,0.28502994,0.08383234,0.20119761,3.8786264536955697,-0.233811456,9.052636871099844,0.08778626,0.38740458,,,,,,0.35809524,0.66388657,0.4692331,0.51994681,0.86180905,0.69573643,0.36344347,0.15004547,0.292816,29,Patrick Corbin,9323,571578
2019,Zack Wheeler,NYM,195.1,3.9624574410619493,3.9,0.25257731958762886,1.2593856983220149,0.3112701252236136,0.71362799,3.4802210867354257,0.214411247,0.432337434,0.353251318,0.109452736,0.109452736,4.0629704992095785,0.10446344,0.23550725,0.06038647,0.17512077,4.203260700379582,0.48223635432652356,9.265537346554911,0.04991394,0.32358003,,,,,,0.34094903,0.69903581,0.50553973,0.69243986,0.85123153,0.79336255,0.45963913,0.16239316,0.2668566,29,Zack Wheeler,10310,554430
2019,Kyle Hendricks,CHC,177,3.457627118644068,4.6875,0.24383164005805516,1.1299435028248588,0.2865384615384615,0.71820175,3.6094897016967082,0.239005736,0.413001912,0.347992351,0.098901098,0.104395604,4.259407614213599,0.10266864,0.20547945,0.04383562,0.16164384,4.382316332510717,-0.151862583,8.257175611413043,0.04638219,0.3135436,,,,,,0.3509712,0.66141079,0.48962194,0.6870229,0.85821832,0.79031037,0.44662713,0.18902891,0.29169755,29,Kyle Hendricks,12049,543294
2019,Aaron Brooks,- - -,82,6.585365700480631,2.10714286,0.29673590504451036,1.5609755734472606,0.31800766283524906,0.64428312,5.714009417557136,0.186131386,0.437956204,0.375912408,0.08737864,0.165048543,5.517524127507741,0.08338983,0.15902965,0.0754717,0.08355795,5.298768840880953,0.8713562829234949,8.774163448449338,0.07553957,0.4352518,,,,,,0.2926009,0.70325901,0.45491525,0.69348659,0.89512195,0.81669151,0.39525424,0.16338983,0.24677966,29,Aaron Brooks,12272,605156
2019,Sonny Gray,CIN,175.1,2.8745247982162883,3.01470588,0.19273301737756715,1.0836502215497912,0.25547445255474455,0.79676674,3.419332676,0.178997613,0.508353221,0.312649164,0.099236641,0.129770992,3.645108179483041,0.11344105,0.28954802,0.0960452,0.19350283,3.968440714823827,-0.544807877,8.649242735745615,0.06542056,0.32009346,,,,,,0.30299667,0.60433604,0.4176693,0.54029304,0.8819133,0.72839506,0.38054314,0.18803713,0.30147817,29,Sonny Gray,12768,543243
2019,Anthony DeSclafani,CIN,166.2,3.887999881,3.40816327,0.23483670295489892,1.1999999633789074,0.27293064876957496,0.77723378,4.426009438720704,0.188034188,0.429487179,0.382478632,0.106145251,0.162011173,4.300416559771273,0.1011994,0.23994253,0.0704023,0.16954023,4.2922570705784135,-0.538009557,9.308871608904465,0.05672269,0.37605042,,,,,,0.31764706,0.69595782,0.47901049,0.62139918,0.89141414,0.78873239,0.42653673,0.16041979,0.26161919,29,Anthony DeSclafani,13050,543101
2021,Mike Foltynewicz,TEX,130,5.538461538461538,2.75757576,0.2618110236220472,1.2769230769230768,0.2584856396866841,0.7299843,6.1392648916978105,0.211165048,0.361650485,0.427184466,0.107954545,0.193181818,5.127939770771907,0.07952381,0.16545455,0.06,0.10545455,4.938728326966599,-0.600803353,8.964842204806171,0.09592326,0.43645084,,84.5625,92.33071054,101.07167381974247,98.33810205054839,0.27413793,0.71382979,0.47095238,0.72327044,0.88226528,0.83114257,0.44761905,0.17142857,0.25095238,29,Mike Foltynewicz,10811,592314
2021,Vince Velasquez,- - -,89,6.269663324441588,2.17073171,0.2543352601156069,1.4494382954354208,0.2777777777777778,0.68452381,6.046438801780745,0.228346456,0.311023622,0.460629921,0.111111111,0.196581196,5.006330519301472,0.11358025,0.22762148,0.10485934,0.12276215,4.753239146777608,0.2232245226608427,10.602771606445312,0.12451362,0.43190661,,104.197375,101.03611111111115,99.25944444444444,99.68037037037038,0.28258488,0.70579915,0.46728395,0.65891473,0.80761523,0.75693527,0.43641975,0.15555556,0.2691358,29,Vince Velasquez,11189,592826
2021,Robbie Ray,TOR,193.1,2.8396552471201733,4.76923077,0.20920502092050208,1.0448276136944898,0.268348624,0.90112641,3.692447929314286,0.185897435,0.371794871,0.442307692,0.111111111,0.159420289,3.362566680310958,0.15536453,0.32082794,0.06727038,0.25355757,3.2114522736318776,-0.852792682,10.099694384739388,0.09808102,0.42857143,,101.87302525523913,99.08543194134526,101.65176920624802,102.61153968759959,0.34088335,0.74545455,0.5179879,0.5166113,0.80780488,0.70006146,0.43775868,0.14103789,0.29640242,29,Robbie Ray,11486,592662
2021,José Ureña,DET,83,5.963855969886869,1.45945946,0.28994082840236685,1.6265061736055098,0.3161764705882353,0.64648118,5.230275275700687,0.201413427,0.526501766,0.272084805,0.064935064,0.155844155,4.987575057576392,0.07991513,0.14248021,0.09762533,0.04485488,5.230046333780025,0.7335806941861822,8.222181592668806,0.08098592,0.48943662,,73.46607142857142,94.81887864,96.8469127,93.49474804826114,0.29216152,0.69055944,0.4533239,0.71138211,0.89367089,0.82371295,0.40452617,0.15487977,0.23479491,29,Jose Urena,11589,570632
2021,Jameson Taillon,NYY,144.1,4.302540567324616,3.18181818,0.23508137432188064,1.2055427676561727,0.27249357326478146,0.73087432,4.431004143808555,0.185365853,0.331707317,0.482926829,0.121212121,0.121212121,4.689736492865604,0.1222597,0.23217247,0.07296849,0.15920398,4.334580125,-0.128463576,10.428212284940527,0.08232446,0.40193705,,104.68640611724724,101.14557335581787,105.3238617200674,106.73680438448572,0.33704529,0.72753906,0.5056938,0.63215859,0.83489933,0.75813178,0.43188528,0.14755481,0.2698145,29,Jameson Taillon,11674,592791
2021,Carlos Martinez,STL,82.1,6.230769615684207,1.58333333,0.24367088607594936,1.3724697204138703,0.2749003984063745,0.58510638,4.761127338168077,0.207843137,0.501960784,0.290196078,0.108108108,0.108108108,5.083752427340492,0.08274785,0.15702479,0.09917355,0.05785124,5.184554578892971,1.4696422775161304,7.004746176979759,0.08494208,0.42471042,,71.70511363636362,90.23581504702197,99.02884012539184,95.37147335,0.28792135,0.67135325,0.45823575,0.69268293,0.88743455,0.81942078,0.44418423,0.17408275,0.2568306,29,Carlos Martinez,11682,593372
2021,Alec Mills,CHC,99.1,4.802013668701052,3,0.28535353535353536,1.379194701492755,0.3215434083601286,0.66775244,4.267349614895584,0.213836477,0.509433962,0.276729559,0.079545454,0.147727272,4.129066391101672,0.07379135,0.16981132,0.05660377,0.11320755,4.422862047458322,0.5346640538054688,8.004155776079964,0.04938272,0.39814815,,83.27647058823531,77.20885350318471,104.43783439490446,98.83777070063694,0.31938326,0.65662651,0.46183206,0.73103448,0.91284404,0.84022039,0.42239186,0.1851145,0.25890585,29,Alec Mills,13834,621219
2021,Michael Wacha,TBR,107.1,4.527950525127459,3.92307692,0.25952380952380955,1.2577640347576275,0.3079470198675497,0.70325901,4.045810561483464,0.25236593,0.394321766,0.353312302,0.133928571,0.142857142,3.9489958815349206,0.11509102,0.22666667,0.05777778,0.16888889,4.070389686680542,0.4821399636439958,11.047853150406505,0.09748428,0.42767296,,95.68471544715447,90.33341176470589,105.5345294117647,101.06894117647066,0.36334405,0.74902471,0.53760282,0.66076696,0.859375,0.78579235,0.45182139,0.13916618,0.25425719,29,Michael Wacha,14078,608379
2021,Chi Chi González,COL,87,6.620689655172414,2.08695652,0.30704225352112674,1.5172413793103448,0.31724137931034485,0.64798599,5.606815731662444,0.26821192,0.400662251,0.331125827,0.08,0.17,5.094588291,0.07101865,0.125,0.05989583,0.06510417,5.308003685641544,1.013873924,6.870579176682693,0.09771987,0.45276873,,78.11800000000001,83.56909221902016,99.96059077809795,97.28760806916425,0.26301736,0.7379845,0.48278336,0.76649746,0.88865546,0.85289747,0.46269727,0.16427547,0.23529412,29,Chi Chi Gonzalez,14663,592346
2021,Jon Gray,COL,149,4.590604026845638,2.70689655,0.2422145328719723,1.3288590604026846,0.2975,0.69648924,4.223725397634826,0.180722891,0.484337349,0.334939759,0.057553956,0.151079136,4.037459193580103,0.10997241,0.24378882,0.09006211,0.15372671,4.165934511,0.36687862921081127,6.452518188173157,0.06888361,0.37767221,,91.34904722,99.81589116719246,100.46987381703475,99.43706624605679,0.25811103,0.68,0.44934963,0.53631285,0.85549872,0.75526316,0.45329129,0.17776902,0.28774143,29,Jon Gray,14916,592351
2021,Marco Gonzales,SEA,143.1,3.9558140938626343,2.57142857,0.23234200743494424,1.1651163204145678,0.23940149625935161,0.82191781,5.277010941420332,0.199530516,0.321596244,0.478873239,0.156862745,0.142156862,5.157917033641564,0.09122203,0.18461538,0.07179487,0.11282051,4.941941340770413,-1.321196848,10.08611057229238,0.11395349,0.36976744,,82.60933219178081,92.70376073437964,103.77213503109263,98.35244299674268,0.32391304,0.70762712,0.47977625,0.72259508,0.86826347,0.80986547,0.40619621,0.16609294,0.25731497,29,Marco Gonzales,15467,594835
2021,Sean Manaea,OAK,179.1,3.9144982522871805,4.73170732,0.25426136363636365,1.2267658340501135,0.31752577319587627,0.77319588,3.6551642477504953,0.221782178,0.41980198,0.358415841,0.099447513,0.138121546,3.623656133,0.12315436,0.25729443,0.05437666,0.20291777,3.679380563810525,0.2593340045366852,7.633540941321331,0.08039216,0.41176471,,52.88695652173914,90.08552903035658,102.6350132625995,99.93710580607134,0.32532468,0.71527778,0.51375839,0.64271457,0.81747573,0.76028739,0.48322148,0.16241611,0.28557047,29,Sean Manaea,15873,640455
2021,Ryan Yarbrough,TBR,117,5.461538461538462,4.57894737,0.2727272727272727,1.264957264957265,0.29395604395604397,0.59900166,4.6914016438345625,0.257217847,0.35695538,0.385826771,0.142857142,0.149659863,4.4637198712581245,0.09599561,0.17575758,0.03838384,0.13737374,4.543232928849916,0.7701368177038992,6.551267972905585,0.07772021,0.26943005,,87.93235294117646,83.25608815426997,105.48000000000002,99.81146005509642,0.37150838,0.66889186,0.49369172,0.73934837,0.85828343,0.80555556,0.41086122,0.18486012,0.28085573,29,Ryan Yarbrough,16502,642232
2022,Noah Syndergaard,- - -,132.2,4.002512869716078,3,0.25862068965517243,1.2512563773500358,0.29156626506024097,0.71808511,3.8737375927014828,0.191037735,0.424528301,0.384433962,0.110429447,0.08588957,4.320724155959186,0.09059059,0.16696589,0.0556553,0.11131059,4.428032665623618,0.12877527701459535,8.463305257161458,0.07925408,0.34032634,,52.05200000000001,81.47329000448555,105.47799960724325,100.7153308468401,0.33152174,0.70191226,0.49673859,0.72131148,0.87339744,0.81717172,0.44606121,0.17167167,0.26226226,29,Noah Syndergaard,11762,592789
2022,Taijuan Walker,NYM,157.1,3.4894068924663637,2.93333333,0.2391304347826087,1.1949152928664415,0.2838137472283814,0.75722543,3.6463293240077883,0.2,0.462365591,0.337634408,0.140127388,0.095541401,3.8841555801376817,0.1004,0.20338983,0.06933744,0.13405239,4.046995166463233,-0.156922432,10.308872674101142,0.07296137,0.39914163,,84.40806451612903,109.6822302446852,100.71688728439628,101.7888086642599,0.32956811,0.68643216,0.4716,0.66733871,0.87408492,0.78710772,0.398,0.166,0.2664,29,Taijuan Walker,11836,592836
2022,Adrian Houser,MIL,100.2,4.827814691501003,1.42553191,0.2556390977443609,1.4801324877235587,0.29012345679012347,0.60801144,4.274682686654191,0.234042553,0.465045592,0.300911854,0.131313131,0.08080808,4.6974300912930245,0.06487081,0.14955357,0.10491071,0.04464286,5.090099604,0.5531320048468125,9.039297485351563,0.05421687,0.4126506,,66.78281249999999,91.51427783902979,100.42927232635061,96.52899669239251,0.2978355,0.66214178,0.43069307,0.78197674,0.90205011,0.84929757,0.36468647,0.16877405,0.23364486,29,Adrian Houser,12718,605288
2022,Dylan Bundy,MIN,140,4.885714285714286,3.35714286,0.26773049645390073,1.2785714285714285,0.28475336322869954,0.69407008,4.662431001663208,0.201284796,0.340471092,0.458244111,0.102803738,0.112149532,4.696709947713784,0.09724771,0.15798319,0.04705882,0.11092437,4.652994371799377,0.2232832840510781,11.24882925397399,0.0893617,0.38297872,,98.78936416184972,96.59243119266058,105.95646788990824,102.69412844036698,0.37468354,0.68542714,0.51651376,0.69594595,0.88709677,0.81172291,0.45642202,0.16926606,0.26651376,29,Dylan Bundy,12917,605164
2022,Joe Musgrove,SDP,181,2.9337016574585637,4.38095238,0.22514619883040934,1.0828729281767955,0.27615062761506276,0.79799107,3.5875691232101694,0.191919191,0.446464646,0.361616161,0.117318435,0.122905027,3.471470356959006,0.11005291,0.24864865,0.05675676,0.19189189,3.4473112538806556,-0.653867466,7.941134423324742,0.06,0.324,,91.56170839469807,106.73843981644902,103.66918460995417,104.71013060360042,0.3554878,0.61441744,0.46452524,0.62092624,0.87585266,0.76291793,0.42110837,0.1978836,0.30793651,29,Joe Musgrove,12970,605397
2022,Eduardo Rodriguez,DET,91,4.054945394909651,2.11764706,0.24507042253521127,1.329670441149235,0.2767527675276753,0.69679849,4.431112430902119,0.193548387,0.433691756,0.372759856,0.086538461,0.115384615,4.408677462116406,0.07488087,0.18414322,0.08695652,0.0971867,4.564283780349462,-0.376167036,8.397355840773809,0.07067138,0.36042403,,61.84761904761904,78.27513623978203,100.77261580381472,94.97125340599452,0.32685714,0.68013468,0.46970728,0.7972028,0.87128713,0.84057971,0.40435671,0.16337645,0.23825732,29,Eduardo Rodriguez,13164,593958
2022,Zach Davies,ARI,134.1,4.086848789976089,1.96153846,0.2364341085271318,1.2952854088448804,0.25699745547073793,0.75034106,4.832034044440032,0.174876847,0.428571428,0.396551724,0.105590062,0.130434782,4.574015230978032,0.08507853,0.17894737,0.09122807,0.0877193,4.708217115978448,-0.745185254,8.192395361784463,0.07971014,0.34299517,,,80.25419580419586,101.64842657342656,96.79755244755246,0.27751196,0.67270531,0.42034046,0.72413793,0.85098743,0.79750779,0.36141423,0.18237347,0.26745201,29,Zach Davies,13183,605200
2022,Blake Snell,SDP,128,3.375,3.35294118,0.21369294605809128,1.203125,0.30666666666666664,0.74679943,2.799931001663208,0.207119741,0.365695792,0.427184466,0.09090909,0.083333333,3.2093744494952263,0.14737292,0.31962617,0.0953271,0.22429907,3.2033613667253467,0.5750689983367918,11.210102914663462,0.07395498,0.38906752,,110.81723076923076,116.6227777777778,99.09606837606832,105.8225641025641,0.3390411,0.70828604,0.47800085,0.52525253,0.82371795,0.69168901,0.3763349,0.1422469,0.28961982,29,Blake Snell,13543,605483
2022,Jakob Junis,SFG,84,4.821428571428571,3.73684211,0.2719298245614035,1.3333333333333333,0.3127413127413127,0.69556452,4.100526239758446,0.237918215,0.416356877,0.345724907,0.075268817,0.129032258,3.882363794140873,0.09136691,0.19452055,0.05205479,0.14246575,4.020820572747551,0.7209023316701249,6.074816131591797,0.07380074,0.37638376,,41,98.73030303030303,103.92222222222222,103.91176046176047,0.32194481,0.60890302,0.45179856,0.66530612,0.88250653,0.7977707,0.45251799,0.20215827,0.29352518,29,Jakob Junis,13619,596001
2022,Frankie Montas,- - -,144.1,4.0531179257405805,3.30232558,0.24508050089445438,1.2471132079201788,0.2982456140350877,0.70895522,3.784486452597972,0.2,0.45609756,0.343902439,0.141843971,0.127659574,3.609420067385659,0.12591319,0.23355263,0.07072368,0.16282895,3.7409685475251027,0.2686314731426087,9.916445268244901,0.07913669,0.3381295,,94.68942598187311,106.04769104825213,100.74298258626311,103.52391052494156,0.35789474,0.75166297,0.51052858,0.6254902,0.84955752,0.753367,0.38762355,0.13021057,0.25612376,29,Frankie Montas,14309,593423
2022,Chad Kuhl,COL,137,5.7153284671532845,1.89655172,0.27978339350180503,1.5547445255474452,0.31026252983293556,0.69398907,5.2584164031230625,0.236363636,0.36590909,0.397727272,0.097142857,0.142857142,4.777136444675661,0.09852632,0.17828201,0.09400324,0.08427877,4.800842512125459,0.456912064,7.765567585573358,0.09684685,0.44594595,,77.84406779661016,96.73426160337554,95.42810126582282,94.52949367088605,0.28221742,0.69786368,0.4544688,0.62755102,0.87172012,0.78293135,0.41441821,0.16,0.25852632,29,Chad Kuhl,14975,641771
2022,Nick Pivetta,BOS,179.2,4.558441816535444,2.39726027,0.2517985611510791,1.3803340299154947,0.3002028397565923,0.7527881,4.420408812268617,0.196153846,0.384615384,0.419230769,0.128440366,0.123853211,4.263009156211632,0.09961064,0.22639069,0.09443726,0.13195343,4.21344753,0.13803300426682696,12.184965410305344,0.09038462,0.45384615,,111.44306615776081,102.90418831168834,97.81194805194804,100.89097402597409,0.30184332,0.69985141,0.47566515,0.68320611,0.85031847,0.79058663,0.4367294,0.16774822,0.26735886,29,Nick Pivetta,15454,601713
2022,Luis Castillo,- - -,150.1,2.993348216573989,3.71111111,0.2099644128113879,1.084257242892356,0.27486910994764396,0.7526178,3.072519692108888,0.195876288,0.469072164,0.335051546,0.107692307,0.1,3.2284932396115766,0.12569832,0.27154472,0.07317073,0.19837398,3.3488716695894816,-0.079171476,7.862782611,0.06835443,0.3721519,,112.97963636363636,104.33282536027251,102.01756668089172,103.86697984386345,0.33143264,0.69900272,0.49321628,0.61075269,0.82619974,0.74514563,0.44014366,0.15841979,0.28411812,29,Luis Castillo,15689,622491
2022,Carlos Rodón,SFG,178,2.8820224719101124,4.55769231,0.2,1.0280898876404494,0.29310344827586204,0.75059102,2.2528804398654554,0.21307506,0.341404358,0.445520581,0.130434782,0.065217391,2.9067454417100116,0.14103853,0.33380282,0.07323944,0.26056338,2.826217413757532,0.629142032,10.695593809898686,0.0645933,0.39712919,,116.5550930996714,117.99506380120891,102.97602417730022,107.60735392881129,0.34432019,0.69828927,0.49681742,0.57606838,0.80734967,0.71611598,0.43082077,0.16448911,0.30552764,29,Carlos Rodon,16137,607074
2022,Aaron Nola,PHI,205,3.2487804878048783,8.10344828,0.21846553966189858,0.9609756097560975,0.28932038834951457,0.73021182,2.5807236845900374,0.198863636,0.43560606,0.365530303,0.062176165,0.098445595,2.769559269780066,0.12635735,0.29120198,0.03593556,0.25526642,2.8024568154976937,0.6680568032148408,8.803620497229064,0.07116105,0.3164794,,102.41201970443349,103.82642316551502,109.35886804870022,107.90526488976636,0.37022016,0.65422696,0.4929253,0.60406886,0.84749709,0.74365821,0.43205002,0.19743337,0.32379072,29,Aaron Nola,16149,605400
2022,Brandon Woodruff,MIL,153.1,3.0521740142879987,4.52380952,0.21291448516579406,1.0695652528701534,0.28493150684931506,0.78581363,3.079822304929362,0.19047619,0.375661375,0.433862433,0.079268292,0.109756097,3.1370869736712823,0.14066194,0.30645161,0.06774194,0.23870968,3.0255992759600376,-0.027648291,10.261675769255374,0.07049608,0.36814621,,123.59549641760492,115.53312252964425,106.98209486166004,108.55699604743081,0.3385989,0.69778189,0.49172577,0.59026369,0.79470199,0.71394231,0.42631994,0.16903073,0.30969267,29,Brandon Woodruff,16162,605540
2022,Kyle Freeland,COL,174.2,4.534351409,2.47169811,0.2769010043041607,1.4083970285894396,0.3180987202925046,0.70518267,4.2116677069037465,0.225,0.419642857,0.355357142,0.100502512,0.095477386,4.484149658198797,0.09263825,0.17101828,0.0691906,0.10182768,4.5055671984724475,0.32268370221347364,7.5765329996744795,0.09717314,0.4204947,,61.2375,70.01342967923864,99.03235812477972,92.58843849,0.31253679,0.71578947,0.47446284,0.6779661,0.8872549,0.8047513,0.40154984,0.1563931,0.24903135,29,Kyle Freeland,16256,607536
2022,Jordan Montgomery,- - -,178.1,3.482243089971613,4.38888889,0.2338235294117647,1.093457975111859,0.2754491017964072,0.75460829,3.6114964364578515,0.208576998,0.475633528,0.315789473,0.074074074,0.129629629,3.4254394784854028,0.12928177,0.21823204,0.04972376,0.16850829,3.609444700947351,-0.129253346,8.77288647,0.07088123,0.37356322,,77.66133909287258,99.92350186089742,102.1988308875923,101.16051513347445,0.36289819,0.70915619,0.50497238,0.64027539,0.82025316,0.74398249,0.41031308,0.15690608,0.28618785,29,Jordan Montgomery,16511,656756
2022,Erick Fedde,WSN,127,5.811023971,1.62068966,0.28932038834951457,1.6299213577583709,0.32,0.69256757,5.1518012029164355,0.224880382,0.418660287,0.35645933,0.114093959,0.140939597,4.739006226856704,0.07272727,0.16404887,0.10122164,0.06282723,4.9965324008990795,0.6592227682221043,,0.0783848,0.43467933,,,79.93462809917355,100.51070247933885,93.29214876033058,0.25194072,0.67298106,0.42644628,0.71708683,0.88888889,0.82945736,0.41446281,0.17272727,0.24545455,29,Erick Fedde,17425,607200
2022,Spenser Watkins,BAL,95,4.168421387395067,2.23076923,0.25994695,1.3052632627196674,0.284789644,0.70175439,4.207167931686155,0.205696202,0.430379746,0.36392405,0.095652173,0.086956521,4.630773034,0.08835616,0.14250614,0.06388206,0.07862408,4.798366774698353,-0.038746544,9.744000494373886,0.07836991,0.37931034,,87.06185383244205,97.95824706694273,101.3216011042098,100.05341614906833,0.3202454,0.67286822,0.4760274,0.67816092,0.89631336,0.81438849,0.44178082,0.16849315,0.25684932,29,Spenser Watkins,17489,657093
2022,Jeffrey Springs,TBR,125,2.664000162597666,4.75,0.22727272727272727,1.1040000673828165,0.284866469,0.81239531,3.136431003128052,0.195965417,0.403458213,0.400576368,0.100719424,0.100719424,3.3266017919368083,0.13073852,0.25925926,0.0545809,0.20467836,3.3643252170075075,-0.472430841,10.20933487391708,0.06267806,0.37891738,,87.16138613861385,93.36045931103351,103.73849226160756,103.2312031952072,0.38507209,0.66424242,0.5,0.64977974,0.8120438,0.73852295,0.41167665,0.16367265,0.29441118,29,Jeffrey Springs,17677,605488
2023,Zach Eflin,TBR,177.2,3.495309468416154,7.75,0.23372781065088757,1.0243902145760708,0.2951167728237792,0.73232323,3.0073855823468114,0.165975103,0.497925311,0.336099585,0.11728395,0.11728395,3.124700686717677,0.11128344,0.26458037,0.0341394,0.23044097,3.301576529589442,0.48792388606934267,8.143272159984276,0.08979592,0.34897959,,82.97169811320755,98.05367079,108.43311437403396,105.73856259659972,0.37183099,0.64822818,0.49592549,0.65909091,0.85733333,0.77543036,0.44897167,0.19038387,0.30166731,29,Zach Eflin,13774,621107
2023,José Berríos,TOR,189.2,3.6537787548409115,3.53846154,0.23994452149791956,1.1862918035197765,0.2890625,0.7638191,3.9931774816871535,0.213483146,0.415730337,0.370786516,0.065656565,0.126262626,4.005639594563576,0.10956108,0.23529412,0.06649616,0.16879795,4.075960536691994,-0.339398727,9.189457200803423,0.08566108,0.3575419,,95.88497495826375,99.60657356948232,103.55156675749318,102.6388623978202,0.33255269,0.64768104,0.46441948,0.62676056,0.86180905,0.76392962,0.4184542,0.18441647,0.29397754,29,Jose Berrios,14168,621244
2023,Tyler Glasnow,TBR,120,3.525,4.37837838,0.2080536912751678,1.0833333333333333,0.29411764705882354,0.70035461,2.9133736928304037,0.171929824,0.512280701,0.315789473,0.044444444,0.144444444,2.7450541749596598,0.16447714,0.33402062,0.07628866,0.25773196,3.0758008365609246,0.6116263071695962,9.959660457,0.11578947,0.44561404,,128.25665445665447,121.12645195353745,100.68912354804648,108.66869060190074,0.32398453,0.67674419,0.48416051,0.37313433,0.82302405,0.65866957,0.45406547,0.16920652,0.33368366,29,Tyler Glasnow,14374,607192
2023,Paul Blackburn,OAK,102.2,4.295454651856228,2.45238095,0.2766990291262136,1.5194805571192098,0.34782608695652173,0.73793103,3.829715698407541,0.237785016,0.420195439,0.342019543,0.038095238,0.095238095,4.254409872870031,0.10234077,0.22538293,0.09190372,0.13347921,4.465581927913543,0.4657389534486871,9.405404897836538,0.05501618,0.3236246,,77.37846153846154,86.74414168937328,100.55569482288827,96.64490463215259,0.33388704,0.68621236,0.45504087,0.67164179,0.87066975,0.7748503,0.34386921,0.15677735,0.25911813,29,Paul Blackburn,14739,621112
2023,Luis Severino,NYY,87.1,6.389313349210629,2.33333333,0.29427792915531337,1.6145039108220405,0.3208955223880597,0.66840278,6.071834417,0.198606271,0.428571428,0.372822299,0.093457943,0.205607476,4.822696607354033,0.08930818,0.19012346,0.08148148,0.10864198,4.7708925564633775,0.3174789325346792,9.423205701,0.10344828,0.44137931,,103.15480769230768,104.12377666248432,103.40520702634879,101.3263488080301,0.32346241,0.74929577,0.5138539,0.74295775,0.87030075,0.82598039,0.44710327,0.14842767,0.23773585,29,Luis Severino,15890,622663
2023,Austin Gomber,COL,139,5.503597122302159,2.02325581,0.29443447037701975,1.4892086330935252,0.3108108108108108,0.70276498,5.427702230000667,0.203904555,0.4164859,0.379609544,0.108571428,0.148571428,5.077605517,0.08090615,0.14427861,0.07131012,0.07296849,5.243363777,0.075894892,10.109224759615385,0.0893617,0.44255319,,68.28893572181242,77.89958353,98.53771402128646,93.74807959278115,0.27955134,0.7002997,0.47453704,0.69753086,0.89015692,0.82926829,0.46342593,0.16319926,0.24410541,29,Austin Gomber,16561,596295
2023,Luke Weaver,- - -,114,6.473684697930539,2.72972973,0.3029045643153527,1.6052632787551337,0.33238636363636365,0.70151307,5.842759852572286,0.244736842,0.352631578,0.402631578,0.117647058,0.189542483,4.754714317621396,0.08778626,0.19348659,0.07088123,0.12260536,4.691154094,0.630924845,9.333304486,0.10498688,0.42782152,,87.76133909287257,95.16064635214614,102.4771124,99.42363035,0.27001704,0.72391304,0.46943649,0.71293375,0.86036036,0.8128179,0.43935053,0.16125954,0.2490458,29,Luke Weaver,16918,596133
2023,Framber Valdez,HOU,198,3.4545454545454546,3.50877193,0.22402159244264508,1.1262626262626263,0.28160919540229884,0.7122093,3.4974646019213127,0.203738317,0.542056074,0.254205607,0.06617647,0.139705882,3.3856254026143238,0.11613774,0.24752475,0.07054455,0.1769802,3.6990487334250277,-0.042919147,9.171414057413736,0.07948244,0.45101664,,98.2,105.68949694085659,97.77097213,99.60200543847726,0.31459988,0.6651446,0.4706879,0.52427184,0.88672769,0.75233981,0.44527279,0.16475354,0.28089129,29,Framber Valdez,17295,664285
2023,Tony Gonsolin,LAD,103,4.980582524271845,2.05,0.22164948453608246,1.2233009708737863,0.23344947735191637,0.67669173,5.4297976410504685,0.184818481,0.359735973,0.455445544,0.101449275,0.137681159,5.246909699740919,0.09663866,0.18850575,0.09195402,0.09655173,5.0479335786455035,-0.449215117,9.353599606402208,0.11437908,0.41503268,,79.71202435312024,96.69579326923079,96.92710336538461,97.85480769,0.34282908,0.72755418,0.4921875,0.67335244,0.9,0.8034188,0.38822115,0.14585834,0.242497,29,Tony Gonsolin,19388,664062
2017,Matt Moore,SFG,172.1,5.588008396644034,2.19402985,0.28067700987306066,1.5435204917002212,0.32149532710280376,0.66751701,4.776595397914475,0.204379562,0.374087591,0.421532846,0.095238095,0.116883116,5.124202334864705,0.08540427,0.18773946,0.08556833,0.10217114,4.8697562719695595,0.8114129987295593,10.139135990466102,0.08718861,0.40213523,,,,,,0.27604512,0.67925926,0.46657333,0.67067308,0.88331516,0.81695424,0.47252363,0.16835842,0.25376269,28,Matt Moore,1890,519043
2017,Rick Porcello,BOS,203.1,4.647541448628555,3.77083333,0.28399518652226236,1.3967214512280526,0.3235294117647059,0.69679054,4.603541478231641,0.208978328,0.391640866,0.399380804,0.104651162,0.147286821,4.431076011,0.09370381,0.20451977,0.05423729,0.15028249,4.277166723105987,0.04399997,9.652259398653161,0.07076923,0.35384615,,,,,,0.30512378,0.69300912,0.49379066,0.69811321,0.8622807,0.81017964,0.48639858,0.17647059,0.2701744,28,Rick Porcello,2717,519144
2017,Danny Duffy,KCR,146.1,3.8132119776423625,3.17073171,0.25354609929078015,1.2574032327709583,0.3087885985748218,0.71260306,3.4583230759634445,0.19858156,0.394799054,0.406619385,0.122093023,0.075581395,4.394232106828969,0.11374616,0.2134647,0.06732348,0.14614122,4.314390401117966,0.35488890167891807,10.575352570340302,0.0483871,0.30645161,,,,,,0.3057041,0.69350649,0.50241546,0.57434402,0.85892634,0.7736014,0.50724638,0.16249451,0.27624067,28,Danny Duffy,3542,518633
2017,Michael Pineda,NYY,96.1,4.391002996530183,4.38095238,0.2661498708010336,1.2871970959095573,0.3018181818181818,0.7244898,4.662829846688753,0.18556701,0.508591065,0.305841924,0.078651685,0.224719101,3.607263459279181,0.12105602,0.22439024,0.05121951,0.17317073,3.772141927110515,-0.27182685,8.079708936737806,0.06101695,0.33220339,,,,,,0.3495935,0.68650218,0.49935484,0.56810631,0.87737844,0.75710594,0.44451613,0.15840309,0.27945911,28,Michael Pineda,5372,501381
2017,Chris Archer,TBR,201,4.074626556,4.15,0.24523506988564167,1.258706372107786,0.324853229,0.71298819,3.3964456462343176,0.219512195,0.420262664,0.36022514,0.09375,0.140625,3.3493352488279164,0.13417499,0.29225352,0.07042254,0.22183099,3.436984588823488,0.6781809101146026,10.569423390858208,0.05390335,0.39776952,,,,,,0.31226766,0.68023638,0.47680564,0.54761905,0.81563707,0.71859606,0.44715208,0.16500294,0.29917792,28,Chris Archer,6345,502042
2017,JC Ramírez,LAA,142.1,4.110069963865618,2.17021277,0.26151012891344383,1.3278687575565842,0.28978622327790976,0.75449102,4.668178227942256,0.18119266,0.513761467,0.305045871,0.075187969,0.150375939,4.503643610402906,0.08898876,0.17114094,0.07885906,0.09228188,4.684405070181506,-0.558108264,8.347801208496094,0.05668934,0.34240363,,,,,,0.25786713,0.66759259,0.45683453,0.63050847,0.87656033,0.80511811,0.48561151,0.17573034,0.2647191,28,JC Ramirez,8302,500724
2017,Dan Straily,MIA,181.2,4.260550697287503,2.83333333,0.25,1.2990826415501946,0.2882703777335984,0.76417004,4.577823259976368,0.199616122,0.341650671,0.458733205,0.158995815,0.129707112,4.699665682142733,0.12188006,0.22106632,0.07802341,0.14304291,4.433564995158603,-0.317272563,11.970393014839766,0.05805243,0.29400749,,,,,,0.32140727,0.69957386,0.49400324,0.59183673,0.84162437,0.75328084,0.45640194,0.15170178,0.27358185,28,Dan Straily,9460,573185
2017,Stephen Strasburg,WSN,175.1,2.515208979547364,4.34042553,0.20247295208655333,1.015209066574673,0.2744186046511628,0.7793765,2.718476221594486,0.190366972,0.467889908,0.341743119,0.114093959,0.087248322,3.266245040840756,0.12983224,0.29101284,0.06704708,0.22396576,3.3682017020408446,-0.203267242,10.473132876800411,0.05417607,0.31151242,,,,,,0.33429812,0.65367647,0.49270605,0.53030303,0.84364454,0.73649149,0.49598833,0.1754194,0.30525164,28,Stephen Strasburg,10131,544931
2017,Jimmy Nelson,MIL,175.1,3.490494094,4.14583333,0.2548435171385991,1.2490493571901875,0.3399122807017544,0.74416342,3.0492746814896043,0.223655913,0.503225806,0.273118279,0.078740157,0.125984251,3.151413838886902,0.11373547,0.27335165,0.06593407,0.20741758,3.4198433269270145,0.4412194125761255,9.582820385287267,0.04025424,0.31567797,,,,,,0.31767181,0.65912519,0.48219477,0.59161148,0.85354691,0.76412962,0.4818314,0.18277616,0.29651163,28,Jimmy Nelson,10547,519076
2017,Chris Sale,BOS,214.1,2.8973562118353766,7.1627907,0.20625,0.970451034,0.30128205128205127,0.78399123,2.453129568630708,0.203703703,0.386831275,0.40946502,0.105527638,0.120603015,2.6490041619038047,0.14906651,0.36192714,0.05052879,0.31139836,2.5767450620489223,0.44422664320466865,7.585048379308637,0.05487805,0.30284553,,,,,,0.36179529,0.6558401,0.49912485,0.55673222,0.79238095,0.70134424,0.46703617,0.18290548,0.331972,28,Chris Sale,10603,519242
2017,Jose Quintana,- - -,188.2,4.150176734387519,3.39344262,0.2364394993045897,1.2243816419457432,0.3006134969325153,0.71360153,3.677074330190849,0.207920792,0.447524752,0.344554455,0.097701149,0.132183908,3.7327932144453637,0.08469773,0.26202532,0.07721519,0.18481013,3.8014921634129433,0.4731024041966698,10.526903597567397,0.0546875,0.35546875,,,,,,0.28408443,0.62543921,0.43702771,0.66666667,0.88426966,0.80619597,0.44804786,0.18230479,0.26700252,28,Jose Quintana,11423,500779
2017,Drew Pomeranz,BOS,173.2,3.316699142119123,2.52173913,0.24887556221889057,1.3531671847187394,0.310126582,0.80037665,3.8371023656896597,0.219008264,0.431818181,0.349173553,0.106508875,0.112426035,4.145844817001686,0.09935065,0.23513514,0.09324324,0.14189189,4.307654980509511,-0.520403224,10.679247956060136,0.06288032,0.35294118,,,,,,0.28718535,0.6478979,0.44318182,0.64143426,0.85399768,0.77582418,0.43246753,0.1788961,0.27824675,28,Drew Pomeranz,11426,519141
2017,Matt Harvey,NYM,88.2,6.699248888890419,1.44444444,0.29201101928374656,1.7030077141792141,0.3118279569892473,0.69018405,6.2027528255276945,0.237931034,0.424137931,0.337931034,0.091836734,0.193877551,5.383087513058993,0.0765878,0.15700483,0.10869565,0.04830918,5.443186718461665,0.49649606336272445,10.398529243867433,0.06711409,0.33892617,,,,,,0.27865169,0.69090909,0.4623053,0.72177419,0.89068826,0.83423181,0.44548287,0.16625156,0.24283935,28,Matt Harvey,11713,518774
2017,James Paxton,SEA,136,2.9779415105866276,4.21621622,0.220703125,1.1029413002172694,0.29971181556195964,0.75498575,2.6061690441052328,0.224431818,0.448863636,0.326704545,0.130434782,0.078260869,3.2500126779725815,0.12522046,0.2826087,0.06702899,0.21557971,3.4544183702166573,0.37177246648139484,10.610975293893775,0.0252809,0.31460674,,,,,,0.29800174,0.66965085,0.48104056,0.55393586,0.82486631,0.73968836,0.49250441,0.16975309,0.29497354,28,James Paxton,11828,572020
2017,Masahiro Tanaka,NYY,178.1,4.743924963040933,4.73170732,0.2556818181818182,1.239252266,0.30526315789473685,0.7150838,4.340817196816275,0.181818181,0.492094861,0.326086956,0.121212121,0.212121212,3.435226814810962,0.15088968,0.25797872,0.05452128,0.20345745,3.517267685677815,0.40310776622465827,9.197765116788903,0.08235294,0.35882353,,,,,,0.37829552,0.68956743,0.5088968,0.52836305,0.83640836,0.7034965,0.41957295,0.15480427,0.30569395,28,Masahiro Tanaka,15764,547888
2017,Aríel Miranda,SEA,158,4.898734177,2.17741935,0.2270450751252087,1.2531645569620253,0.23543123543123542,0.74675325,5.600677668897411,0.162637362,0.314285714,0.523076923,0.142857142,0.147058823,5.4003985496261455,0.10635042,0.2027027,0.09309309,0.10960961,4.961015773665009,-0.701943492,11.387844214108911,0.0862069,0.34051724,,,,,,0.25471698,0.71682848,0.47322112,0.62393162,0.83521445,0.77526273,0.47283856,0.14919663,0.25554705,28,Ariel Miranda,17526,664641
2018,Tyler Chatwood,CHC,96,5.15624959,0.93181818,0.23661971830985915,1.7916665242778043,0.2840909090909091,0.7376058,5.608348047898891,0.181818181,0.541666666,0.276515151,0.09589041,0.123287671,5.645513692473054,0.07811634,0.18262806,0.19599109,-0.01336303,6.226736283495153,-0.452098458,8.822301515758546,0.05494505,0.32600733,,,,,,0.23306233,0.63323782,0.38781163,0.65116279,0.88461538,0.79857143,0.3867036,0.16066482,0.23878116,28,Tyler Chatwood,4338,543022
2018,Mike Montgomery,CHC,97.2,3.6860072098566996,2.5,0.2694300518134715,1.3515359769474566,0.3116883116883117,0.74921136,3.836199564248875,0.242718446,0.482200647,0.275080906,0.047058823,0.094117647,4.208765644078581,0.09717663,0.16666667,0.06666667,0.1,4.449315838581885,-0.150192354,7.171764470880682,0.03797468,0.41772152,,,,,,0.30558859,0.63782991,0.45436638,0.64980545,0.86666667,0.78612717,0.44780039,0.17399869,0.27117531,28,Mike Montgomery,4869,543557
2018,Madison Bumgarner,SFG,129.2,3.262211052840053,2.53488372,0.2345924453280318,1.241645341624701,0.2736842105263158,0.78551913,3.993336525436437,0.223650385,0.426735218,0.349614395,0.080882352,0.102941176,4.322022823799349,0.0920604,0.19782214,0.07803993,0.11978221,4.415070581094399,-0.731125473,7.7505621155046365,0.08121827,0.35279188,,,,,,0.3134715,0.66145251,0.46517292,0.6584022,0.8902027,0.80209424,0.43594739,0.17291768,0.26497808,28,Madison Bumgarner,5524,518516
2018,Jake Odorizzi,MIN,164.1,4.4908723499498455,2.31428571,0.23854660347551343,1.3448276278305094,0.29046563192904656,0.69651741,4.194914366,0.227765726,0.284164859,0.488069414,0.128888888,0.088888888,4.874103416299965,0.10237244,0.2278481,0.09845288,0.12939522,4.5463916508515485,0.29595798353584524,9.454902332,0.07218684,0.37367304,,,,,,0.31689402,0.72245944,0.47123822,0.6986755,0.8427896,0.78275862,0.38056549,0.13942151,0.24179396,28,Jake Odorizzi,6397,543606
2018,Nathan Eovaldi,- - -,107.1,3.773292104272883,5.38888889,0.24343675417661098,1.1180124753401135,0.2857142857142857,0.67698259,3.6355868777946942,0.190625,0.4625,0.346875,0.153153153,0.126126126,3.6479714363739735,0.10743322,0.22045455,0.04090909,0.17954546,3.692184065,0.1377052264781886,7.999606702454697,0.05279503,0.34782609,,,,,,0.34392736,0.7431629,0.53890825,0.66006601,0.8688,0.80064655,0.4883856,0.1533101,0.26074332,28,Nathan Eovaldi,9132,543135
2018,Patrick Corbin,ARI,200,3.150000240325946,5.125,0.21686746987951808,1.0500000801086486,0.30246913580246915,0.74742268,2.470431523,0.243460764,0.484909456,0.271629778,0.059259259,0.111111111,2.610271725031459,0.15626989,0.3075,0.06,0.2475,2.9103841385360742,0.679568717,9.069956962937201,0.05189621,0.35528942,,,,,,0.37991266,0.64292322,0.47040102,0.52618135,0.82733813,0.66779432,0.34404838,0.16709102,0.32336092,28,Patrick Corbin,9323,571578
2018,Zack Wheeler,NYM,182.1,3.3071296143956372,3.25454545,0.22058823529411764,1.1243143796867423,0.2792607802874743,0.74588477,3.2481829419945996,0.203703703,0.442386831,0.353909465,0.13372093,0.081395348,3.8080245755307622,0.1064863,0.2405914,0.07392473,0.16666667,3.8695730133036665,0.058946672,9.551636423057769,0.04191617,0.26946108,,,,,,0.33476132,0.68054444,0.48456469,0.67641682,0.84705882,0.78024338,0.43322928,0.16475893,0.27124523,28,Zack Wheeler,10310,554430
2018,Kyle Hendricks,CHC,199,3.437185666094015,3.65909091,0.24242424242424243,1.1457285553646717,0.28125,0.75169738,3.778521981,0.214408233,0.469982847,0.315608919,0.097826086,0.119565217,3.8684575418567397,0.09210095,0.19827586,0.05418719,0.14408867,4.034262466323403,-0.341336315,9.559468971,0.05183946,0.30602007,,,,,,0.32822628,0.58197932,0.44083907,0.70556553,0.85152284,0.79107807,0.44378892,0.21566699,0.30776794,28,Kyle Hendricks,12049,543294
2018,Sonny Gray,NYY,113,5.256637168141593,2.16,0.2650334075723831,1.4955752212389382,0.3231707317073171,0.68441065,4.257776708518509,0.223880597,0.486567164,0.289552238,0.082474226,0.134020618,4.179959580354986,0.1008273,0.21343874,0.09881423,0.11462451,4.366011287731855,0.9988604596230832,8.162227609461645,0.05865103,0.41348974,,,,,,0.28321678,0.62991128,0.4247284,0.57098765,0.88732394,0.76248477,0.40817382,0.19027921,0.29110651,28,Sonny Gray,12768,543243
2018,Sam Gaviglio,TOR,119.1,5.430167829211691,2.67567568,0.2816326530612245,1.4664805094321698,0.3162162162162162,0.68640646,4.794509858,0.190600522,0.493472584,0.315926892,0.049586776,0.173553719,4.1814826824710165,0.0885947,0.18679245,0.06981132,0.11698113,4.309102114,0.6356579714978414,,0.06649616,0.40664962,,,,,,0.28670121,0.65422886,0.43730887,0.63554217,0.89923954,0.7972028,0.40978593,0.19501018,0.28360489,28,Sam Gaviglio,12778,543208
2018,Tyler Anderson,COL,176,4.551136758209294,2.77966102,0.24444444444444444,1.2727273830697652,0.2806652806652807,0.71891892,4.569522607030958,0.240079365,0.367063492,0.392857142,0.111111111,0.151515151,4.2116804704814195,0.11847178,0.22252374,0.08005427,0.14246947,4.2241916296820445,-0.018385849,9.663074682790336,0.05283757,0.30919765,,,,,,0.30072226,0.70150376,0.48755696,0.58515284,0.84137192,0.75700935,0.46617596,0.16473887,0.28321066,28,Tyler Anderson,12880,542881
2018,Anthony DeSclafani,CIN,115,4.930434782608696,3.6,0.2610619469026549,1.2869565217391303,0.29375,0.70446735,4.829996793166451,0.223880597,0.414925373,0.361194029,0.074380165,0.198347107,3.8547396355349086,0.09486607,0.2231405,0.06198347,0.16115702,3.9576459884605844,0.10043798944224491,9.250379390210178,0.06976744,0.33139535,,,,,,0.30484037,0.65567766,0.46536313,0.64864865,0.87709497,0.79591837,0.4575419,0.18136161,0.27622768,28,Anthony DeSclafani,13050,543101
2018,Ross Stripling,LAD,106.1,3.385580099247187,7.4375,0.26128266033254155,1.1849530347365154,0.323943662,0.84479371,3.6024378665101966,0.216949152,0.464406779,0.318644067,0.106382978,0.191489361,2.8618593284825002,0.1108545,0.2716895,0.03652968,0.23515982,3.0752352822608606,-0.216857767,10.25427098129735,0.05960265,0.31125828,,,,,,0.32776618,0.65374677,0.47344111,0.61146497,0.86166008,0.76585366,0.44688222,0.18764434,0.29849885,28,Ross Stripling,13273,548389
2018,Félix Peña,LAA,90,4.000000339,2.96428571,0.23837209302325582,1.2222223258312925,0.2868525896414343,0.72,3.8270982989558515,0.25096525,0.424710424,0.324324324,0.083333333,0.119047619,3.924161287650402,0.10572687,0.22074468,0.07446809,0.1462766,4.084269019654066,0.1729020401283785,9.881537186,0.03448276,0.38314176,,,,,,0.32237674,0.61646235,0.44566814,0.61568627,0.86931818,0.76276771,0.41923642,0.18649046,0.29221733,28,Felix Pena,13403,570240
2018,Brent Suter,MIL,94.2,4.563380036508263,4.33333333,0.2553191489361702,1.2042252874119026,0.28368794326241137,0.67653277,4.375220242901189,0.284210526,0.333333333,0.38245614,0.137614678,0.14678899,4.079720741470929,0.1021611,0.19647355,0.04534005,0.1511335,4.18128726,0.18815979360707402,8.301182322,0.0738255,0.24832215,,,,,,0.32311321,0.66715758,0.47609692,0.66058394,0.86092715,0.78541953,0.44466274,0.17747217,0.27963327,28,Brent Suter,13942,608718
2018,Zack Godley,ARI,177.1,4.770676418064868,2.2875,0.25360230547550433,1.4436089397453973,0.32323232323232326,0.6718241,3.8258450714390406,0.228915662,0.489959839,0.281124497,0.1,0.114285714,3.956819389508344,0.11490787,0.23282443,0.10178117,0.13104326,4.185172257,0.9448313466258274,5.693652629852295,0.05870841,0.38747554,,,,,,0.31363887,0.62404092,0.43565684,0.53873239,0.88934426,0.73615385,0.39309651,0.17654941,0.29145729,28,Zack Godley,14862,643327
2019,Julio Teheran,ATL,174.2,3.8129769882034132,1.95180723,0.2252663622526636,1.3225190454579405,0.266384778,0.76563959,4.662482715971467,0.206185567,0.389690721,0.404123711,0.091836734,0.112244897,5.257240444050135,0.09255599,0.21485411,0.11007958,0.10477454,5.109263926894286,-0.849505728,6.857484405879447,0.06060606,0.35353535,,,,,,0.29069767,0.71678322,0.45125165,0.70545455,0.85487805,0.79489051,0.37681159,0.16633729,0.25889328,28,Julio Teheran,6797,527054
2019,Martín Pérez,MIN,157,4.987260661786252,2.12068966,0.27416798732171155,1.4713374366189327,0.30927835051546393,0.68384539,4.7171940429896875,0.226452905,0.478957915,0.294589178,0.102040816,0.156462585,4.6752403187049065,0.09479409,0.17774566,0.08381503,0.09393064,5.005508315,0.27006661879656413,8.831087239583333,0.04724409,0.2992126,,,,,,0.35944409,0.68819374,0.48601399,0.69947276,0.89296188,0.80495604,0.38500389,0.16006216,0.25485625,28,Martin Perez,6902,527048
2019,Jordan Lyles,- - -,141,4.148936058,2.65454545,0.24125230202578268,1.3191489004811794,0.2849462365591398,0.75657895,4.639541352034444,0.184615384,0.402564102,0.412820512,0.099378881,0.155279503,4.6059395585780765,0.10138436,0.24373957,0.0918197,0.15191987,4.532938349294864,-0.490605294,9.631289994896356,0.07556675,0.40050378,,,,,,0.33032616,0.67159763,0.4712831,0.6407563,0.88546256,0.78478825,0.41303462,0.16449511,0.26587948,28,Jordan Lyles,7593,543475
2019,Trevor Bauer,- - -,213,4.478872918581328,3.08536585,0.2271604938271605,1.248826201617016,0.28680688336520077,0.70345409,4.3360751230255525,0.22,0.376363636,0.403636363,0.121621621,0.153153153,4.334214586978645,0.12177922,0.27771679,0.09001098,0.18770582,4.138298152008476,0.14279779555577576,9.729162993653032,0.07899461,0.37701975,,,,,,0.31278332,0.6563133,0.45077299,0.56231884,0.84876543,0.72984356,0.40168158,0.17602387,0.29780309,28,Trevor Bauer,12703,545333
2019,Mike Clevinger,CLE,126,2.7142855499336878,4.56756757,0.20869565217391303,1.0555554916408787,0.30604982206405695,0.80165289,2.4917872972168804,0.235294117,0.408304498,0.356401384,0.097087378,0.097087378,3.0861381012378875,0.15215311,0.33867735,0.0741483,0.26452906,3.3139623413218344,0.22249825271680734,10.140851064608716,0.05498282,0.34020619,,,,,,0.31523501,0.66004673,0.45645933,0.52956298,0.76106195,0.66666667,0.40956938,0.17703349,0.3291866,28,Mike Clevinger,12808,605182
2019,Gerrit Cole,HOU,212.1,2.500784989260519,6.79166667,0.18537859,0.8948194876826716,0.2749391727493917,0.83333333,2.639441173090714,0.203661327,0.402745995,0.393592677,0.110465116,0.168604651,2.475281412624454,0.16805473,0.39902081,0.05875153,0.34026928,2.6170789869916513,-0.138656184,10.664211266589728,0.05681818,0.35454545,,,,,,0.35032538,0.67918314,0.49881023,0.49071207,0.77109602,0.66308885,0.45151695,0.17073171,0.33878644,28,Gerrit Cole,13125,543037
2019,Steven Matz,NYM,159.1,4.236401403170061,2.94230769,0.25559105431309903,1.330543848106745,0.2982062780269058,0.75055188,4.607314826,0.196544276,0.468682505,0.334773218,0.064516129,0.174193548,4.339492113283849,0.09642591,0.22335766,0.07591241,0.14744526,4.463096611,-0.370913423,,0.0845666,0.38900634,,,,,,0.27962085,0.67963576,0.45959032,0.6779661,0.84652862,0.79011345,0.44990689,0.17833209,0.274758,28,Steven Matz,13361,571927
2019,Marcus Stroman,- - -,184.1,3.2224231687026563,2.74137931,0.25594405594405595,1.307414113901246,0.3066914498141264,0.76107011,3.718530274848323,0.201096892,0.537477148,0.261425959,0.097902097,0.125874125,3.9922541887761955,0.10108303,0.20542636,0.0749354,0.13049096,4.414173124437614,-0.496107106,8.012453167255108,0.03776978,0.35431655,,,,,,0.31138694,0.65716681,0.4468155,0.6152513,0.89030612,0.77369581,0.3916612,0.16737775,0.26846078,28,Marcus Stroman,13431,573186
2019,Kevin Gausman,- - -,82,6.365853658536586,3.22222222,0.28106508875739644,1.4878048780487805,0.3445378151260504,0.58441558,4.287180207415325,0.252066115,0.367768595,0.380165289,0.119565217,0.141304347,4.457996562777495,0.13588589,0.23577236,0.07317073,0.16260163,4.407152453147296,2.0786734511212606,8.996457264685507,0.0876494,0.37051793,,,,,,0.36513995,0.74725275,0.52177177,0.64808362,0.80392157,0.73956835,0.40990991,0.14414414,0.28003003,28,Kevin Gausman,14107,592332
2019,Andrew Heaney,LAA,95.1,4.909091171002751,3.93333333,0.25,1.2902098590455946,0.31196581196581197,0.75490196,4.630093467343417,0.228,0.336,0.436,0.091743119,0.183486238,4.177192476042678,0.14150385,0.28850856,0.07334963,0.21515892,3.8683292545895944,0.27899770365933385,,0.09448819,0.3976378,,,,,,0.33122363,0.68016194,0.48431024,0.53184713,0.81746032,0.70782396,0.43872114,0.16044997,0.30195382,28,Andrew Heaney,15423,571760
2019,Matthew Boyd,DET,185.1,4.564748326713187,4.76,0.24383561643835616,1.2302158611000078,0.3068432671081678,0.74421169,4.320124613977752,0.194968553,0.356394129,0.448637316,0.121495327,0.18224299,3.881401897286389,0.14047466,0.30203046,0.06345178,0.23857868,3.6132660633136497,0.24462371273543493,10.566537807642487,0.08536585,0.3495935,,,,,,0.34731544,0.70068545,0.49693647,0.56199678,0.82173913,0.71706684,0.4234118,0.1619628,0.30243746,28,Matthew Boyd,15440,571510
2019,Yusei Kikuchi,SEA,161.2,5.455670446,2.32,0.2932330827067669,1.515464012883075,0.30994152046783624,0.70787637,5.7129787051152014,0.20626151,0.440147329,0.35359116,0.119791666,0.1875,5.180571636573534,0.08820287,0.16088766,0.06934813,0.09153953,5.171740037671419,-0.257308259,9.158844302,0.07468124,0.38069217,,,,,,0.28180575,0.70111288,0.47573529,0.64563107,0.89342404,0.81452859,0.4625,0.1631753,0.25137817,28,Yusei Kikuchi,20633,579328
2021,Taijuan Walker,NYM,154.1,4.431965588825978,2.54545455,0.2198952879581152,1.172786215756582,0.2457002457002457,0.69783198,4.673273912829069,0.168618266,0.421545667,0.409836065,0.091428571,0.148571428,4.483835713193073,0.09521864,0.22187005,0.08716323,0.13470682,4.484790762507965,-0.241308324,10.275951750072844,0.10161663,0.39030023,,89.82144522144523,99.27721311475409,101.44028688524587,100.99196721311473,0.28775357,0.65232975,0.45402534,0.68407311,0.84615385,0.79027903,0.45606866,0.18921128,0.28442991,28,Taijuan Walker,11836,592836
2021,Adrian Houser,MIL,135.1,3.3251232776782134,1.59016393,0.22289156626506024,1.270936008357006,0.2564102564102564,0.73067633,4.344911013913343,0.206632653,0.576530612,0.216836734,0.094117647,0.129411764,4.396419248066306,0.06963163,0.17077465,0.10739437,0.06338028,4.844991278038979,-1.019787736,9.043439007,0.04987531,0.35162095,,72.06744966442953,92.76431143114311,99.35909090909094,95.10787578757875,0.29394387,0.65481651,0.43530997,0.73115578,0.91593695,0.84004128,0.39173405,0.16082659,0.23045822,28,Adrian Houser,12718,605288
2021,Dylan Bundy,LAA,85.2,6.093385394898215,2.4516129,0.2522255192878338,1.3540856433107145,0.2757201646090535,0.64049587,5.422952477,0.205426356,0.410852713,0.38372093,0.08080808,0.181818181,4.730405964885611,0.0971831,0.20320856,0.0828877,0.12032086,4.643346401961477,0.6704329176124855,11.372926275414157,0.09961686,0.37547893,,107.34979919678715,98.09828937990021,101.80106913756238,98.47441197434068,0.31099874,0.61881978,0.4471086,0.61382114,0.88917526,0.78233438,0.44217207,0.2056338,0.3028169,28,Dylan Bundy,12917,605164
2021,Joe Musgrove,SDP,176.1,3.2665407369441515,3.7037037,0.21482602118003025,1.1115312229879404,0.2733485193621868,0.79582876,3.7314708116293174,0.234135667,0.435448577,0.330415754,0.079470198,0.145695364,3.620423631,0.12712747,0.27322404,0.07377049,0.19945355,3.695719552509617,-0.464930075,7.6175274637372015,0.07375271,0.38611714,,99.83242320819114,124.63863557257224,99.71340062652281,103.1836059867734,0.34140436,0.62673187,0.46300799,0.55319149,0.85175553,0.72543136,0.42618965,0.18825981,0.31538729,28,Joe Musgrove,12970,605397
2021,Joe Ross,WSN,103,4.019417475728155,3.24242424,0.23232323232323232,1.2135922330097086,0.2757352941176471,0.73260073,4.432170044797139,0.200704225,0.429577464,0.369718309,0.085714285,0.161904761,4.085160562,0.11124845,0.24485126,0.07551487,0.16933638,4.053554711328828,-0.412752569,8.324931751598012,0.0899654,0.37716263,,83.10265152,89.89340796019903,104.17282338308465,98.21579601990055,0.30415264,0.63823934,0.45426452,0.65313653,0.81465517,0.75510204,0.44932015,0.19283066,0.30407911,28,Joe Ross,12972,605452
2021,Eduardo Rodriguez,BOS,156.2,4.768085415979615,3.91489362,0.27608346709470305,1.3978724311908108,0.36428571428571427,0.68930041,3.3359915800513384,0.225287356,0.434482758,0.340229885,0.114864864,0.128378378,3.4261549565556035,0.11684482,0.27380952,0.06994048,0.20386905,3.6504729478712172,1.4320938359282769,8.461291796155617,0.06833713,0.33712984,,67.69548802946592,82.71624216,105.97419712070877,101.72425249169433,0.3374613,0.70491803,0.48617766,0.65137615,0.83591731,0.75966641,0.40471802,0.16328787,0.28013269,28,Eduardo Rodriguez,13164,593958
2021,Zach Davies,CHC,148,5.777027027027027,1.52,0.2755102040816326,1.6013513513513513,0.3051224944320713,0.69082126,5.447061149494068,0.250544662,0.424836601,0.324618736,0.067114093,0.167785234,5.027398695857139,0.08963912,0.17065868,0.11227545,0.05838323,5.361119674,0.3299658775329588,7.9944840494791665,0.0907173,0.42827004,,,76.99320388349518,99.18532038834954,92.32038834951454,0.28562874,0.68798236,0.42724098,0.68553459,0.87019231,0.79019074,0.35195964,0.16996508,0.25960419,28,Zach Davies,13183,605200
2021,Blake Snell,SDP,128.2,4.196891523520635,2.46376812,0.2112970711297071,1.3212436277750146,0.2910958904109589,0.7436919,3.8228839150146956,0.23,0.396666666,0.373333333,0.071428571,0.142857142,3.742121407421866,0.12910098,0.30909091,0.12545455,0.18363636,4.016330851495613,0.37400760850593917,11.274254736962256,0.11038961,0.40909091,,115.57321428571427,115.7979086641058,97.36338028169011,102.84169867690994,0.28611898,0.67700535,0.44184065,0.50990099,0.83412322,0.70781099,0.39838091,0.16318705,0.29228803,28,Blake Snell,13543,605483
2021,John Gant,- - -,89.2,4.416357096523155,1.19672131,0.23668639053254437,1.572490784368093,0.27734375,0.7326284,5.021335329595434,0.236434108,0.476744186,0.286821705,0.081081081,0.121621621,5.172593300310044,0.09302326,0.18114144,0.15136476,0.02977668,5.726329251697471,-0.604978233,9.456532943651872,0.06792453,0.37358491,,78.60724638,73.18644153,95.77614721264048,93.70048180705464,0.26226226,0.68188976,0.4253366,0.64503817,0.86374134,0.78129496,0.38861689,0.1627907,0.25581395,28,John Gant,13684,607231
2021,Frankie Montas,OAK,187,3.3689839572192515,3.63157895,0.22969187675070027,1.1818181818181819,0.29568788501026694,0.745,3.3732426786167733,0.22,0.428,0.352,0.09090909,0.113636363,3.6434444662083916,0.13705416,0.26606684,0.07326478,0.19280206,3.785165658313694,-0.004258721,10.319317593232045,0.08678501,0.42209073,,107.77259668508289,109.88874172185434,102.8497350993377,105.6735099337748,0.3588597,0.708636,0.50198151,0.58411215,0.83143508,0.72697368,0.40918098,0.15521797,0.29227213,28,Frankie Montas,14309,593423
2021,Jorge López,BAL,113.1,6.3529414615829225,1.88888889,0.29694323144104806,1.6764706634732713,0.34718100890207715,0.68627451,5.2435636272892445,0.220338983,0.494350282,0.285310734,0.04950495,0.188118811,4.636509848152502,0.08178257,0.1954023,0.10344828,0.09195402,4.801188696,1.109377834293678,8.902259218394077,0.09269663,0.44101124,,78.90364464692482,100.4377266046056,99.44301812836846,97.79706026457622,0.27886323,0.62991266,0.43633692,0.6910828,0.87868284,0.81257015,0.44857982,0.18070519,0.26248776,28,Jorge Lopez,14527,605347
2021,Nick Pivetta,BOS,154,4.558441558441558,2.67692308,0.23299319727891157,1.3116883116883118,0.28974358974358977,0.73241061,4.299904252337171,0.187804878,0.382926829,0.429268292,0.136363636,0.136363636,4.290344085321799,0.10618821,0.26443769,0.09878419,0.1656535,4.166286313571375,0.25853730610438674,11.719534293112606,0.0821256,0.40338164,,123.09171388101983,113.60900768949101,99.79392164042476,104.46133284511167,0.30221932,0.70642202,0.47967777,0.62850972,0.86068477,0.77862595,0.43903332,0.16440864,0.27059685,28,Nick Pivetta,15454,601713
2021,Luis Castillo,CIN,187.2,3.9804620274850104,2.56,0.2510402219140083,1.3641208554700972,0.3176470588235294,0.71489002,3.750851205460168,0.187984496,0.565891472,0.246124031,0.078740157,0.149606299,3.6286877356594713,0.13116308,0.23910336,0.09339975,0.14570361,4.0268814125422026,0.2296108220248425,7.270810416955377,0.04536862,0.36672968,,113.83248337028823,106.47349206349212,103.21882539682538,103.54015873015872,0.33874346,0.71770335,0.48893805,0.60587326,0.82222222,0.73173885,0.39633375,0.14506953,0.27623262,28,Luis Castillo,15689,622491
2021,Carlos Rodón,CHW,132.2,2.3743717682662364,5.13888889,0.18571428571428572,0.9572863954597206,0.2671232876712329,0.82191781,2.649933639894437,0.173333333,0.376666666,0.45,0.133333333,0.096296296,3.171457894443794,0.14961694,0.34644195,0.06741573,0.27902622,2.957450895530984,-0.275561872,10.44832019249232,0.06557377,0.36065574,,107.35337941628262,115.1709066305819,102.13784393324312,104.61434370771313,0.34265176,0.71502591,0.50473613,0.54778555,0.8,0.70330652,0.43527289,0.15367283,0.30328977,28,Carlos Rodon,16137,607074
2021,Aaron Nola,PHI,180.2,4.632841589267722,5.71794872,0.23537803138373753,1.1291513550903407,0.3075221238938053,0.66817667,3.369296126306513,0.189873417,0.405063291,0.405063291,0.109375,0.135416666,3.3734890876406833,0.12790306,0.29773031,0.05206943,0.24566088,3.2625293290080317,1.2635454629612086,8.090988927607913,0.07112971,0.37238494,,97.98624100719425,109.03120161561762,106.54769437899698,105.90541905082466,0.3414345,0.68068536,0.48805116,0.61631944,0.8180778,0.73793103,0.43217772,0.18377651,0.31167957,28,Aaron Nola,16149,605400
2021,Brandon Woodruff,MIL,179.1,2.559479626495464,4.90697674,0.19756838905775076,0.9646840422303166,0.26107226107226106,0.81395349,2.9581382056765673,0.261958997,0.414578587,0.323462414,0.042253521,0.126760563,3.0503654683793817,0.12882562,0.2980226,0.06073446,0.23728814,3.3060710892670673,-0.398658579,9.736429184266104,0.05816555,0.32438479,,125.9118268215417,118.35482487491062,107.50543245175123,109.72044317369553,0.34816754,0.69578783,0.50676157,0.64097744,0.80829596,0.74578652,0.45622776,0.17153025,0.30035587,28,Brandon Woodruff,16162,605540
2021,Kyle Freeland,COL,120.2,4.325966942001405,2.76315789,0.28118393234672306,1.4171271016901155,0.32471264367816094,0.78911565,4.628597689118855,0.212707182,0.450276243,0.337016574,0.122950819,0.163934426,4.257759389401278,0.08536585,0.2038835,0.07378641,0.13009709,4.442807193823023,-0.302630747,7.417828292527458,0.08152174,0.35326087,,65.60397489539749,84.41410880141532,100.96191950464399,98.05342769,0.30673759,0.66886544,0.45227996,0.69075145,0.89349112,0.8112544,0.4019088,0.18080594,0.26617179,28,Kyle Freeland,16256,607536
2021,John Means,BAL,146.2,3.6204547965625276,5.15384615,0.22321428571428573,1.0295455259528092,0.2398989898989899,0.80530973,4.615488768175621,0.196682464,0.329383886,0.473933649,0.17,0.15,4.362346195966518,0.11898625,0.22711864,0.0440678,0.18305085,4.101062814939487,-0.995033972,11.910080995183693,0.10093897,0.37558685,,98.95080645161288,111.60460017196904,104.34174548581251,108.24527085124674,0.32164634,0.73622047,0.50257732,0.70616114,0.79545455,0.76324786,0.43642612,0.14862543,0.26761168,28,John Means,16269,607644
2021,Jordan Montgomery,NYY,157.1,3.8326272425450227,3.17647059,0.24671052631578946,1.2775424141816742,0.30679156908665106,0.73696145,3.6912205799938933,0.209932279,0.426636568,0.363431151,0.099378881,0.118012422,3.926786068843141,0.13696498,0.24508321,0.07715582,0.16792738,4.0658677189942685,0.14140666255112944,9.823558513934795,0.07399103,0.36547085,,81.60024038461538,95.23198285936888,104.41897156213481,101.3295286326451,0.35430464,0.71199245,0.50175165,0.60747664,0.81167109,0.72692009,0.41222265,0.14747082,0.2844358,28,Jordan Montgomery,16511,656756
2021,Domingo Germán,NYY,91,4.252747252747253,3.52,0.23011363636363635,1.164835164835165,0.2620967741935484,0.73598131,4.411792364225283,0.14068441,0.414448669,0.44486692,0.102564102,0.136752136,4.394543669839481,0.13940649,0.23218997,0.06596306,0.16622691,4.144334094,-0.159045111,9.124533175,0.07954545,0.36742424,,108.4562945368171,103.67354570637117,100.52008310249306,102.26585872576175,0.37195829,0.68900344,0.49965398,0.60747664,0.81047382,0.72022161,0.40276817,0.1573499,0.29675638,28,Domingo German,17149,593334
2021,Erick Fedde,WSN,131.2,5.263291545880787,2.68085106,0.26325757575757575,1.4126583369896486,0.30606860158311344,0.6590621,4.6890215815956955,0.18556701,0.49742268,0.317010309,0.06504065,0.186991869,4.066362355543097,0.08868243,0.21761658,0.08117444,0.13644214,4.299258570827849,0.5742699642850919,5.512058258056641,0.08955224,0.39552239,,54.89166666666666,86.01783466219055,102.58153587914391,98.13495593789342,0.28801682,0.6712766,0.44021969,0.67883212,0.87638669,0.79846449,0.39712717,0.16258446,0.25126689,28,Erick Fedde,17425,607200
2022,Max Fried,ATL,185.1,2.476618773003963,5.3125,0.22381635581061693,1.0143885170473748,0.2796116504854369,0.78196347,2.7023590479632054,0.192307692,0.511538461,0.296153846,0.09090909,0.077922077,3.090723563349386,0.11994322,0.2319236,0.04365621,0.18826739,3.308323987671246,-0.225740275,7.271553672557315,0.0398482,0.31878558,,66.56441048034934,89.41604543840963,100.05715299964503,100.21629392971248,0.3680276,0.70064875,0.4953868,0.6359375,0.86111111,0.75787966,0.38289567,0.15471966,0.27466288,28,Max Fried,13743,608331
2022,José Berríos,TOR,172,5.232558139534884,3.31111111,0.2855093256814921,1.4186046511627908,0.32755298651252407,0.70895522,4.548477513291115,0.199630314,0.402957486,0.397412199,0.079069767,0.13488372,4.207078803122736,0.09298052,0.19787517,0.05976096,0.13811421,4.126712778752756,0.6840806262437695,8.395526568,0.09489051,0.43430657,,82.75019867549669,95.42096358955499,103.48087532180945,100.51033468186833,0.34063104,0.67465753,0.48401323,0.68241966,0.89213198,0.80789674,0.42925395,0.18375597,0.27673649,28,Jose Berrios,14168,621244
2022,Paul Blackburn,OAK,111.1,4.284431333458785,2.96666667,0.25462962962962965,1.2574850873883225,0.2896341463414634,0.74193548,4.208239434958747,0.208823529,0.473529411,0.317647058,0.092592592,0.138888888,3.8927893812734475,0.09648127,0.19057816,0.06423983,0.12633833,4.088893617500241,0.076191899,9.326048608,0.06997085,0.40524781,,70.15490196078431,85.57447413303017,102.0329164297897,96.88567368,0.30558097,0.66816143,0.44324631,0.66167665,0.87248322,0.78233035,0.37968218,0.17763905,0.27412032,28,Paul Blackburn,14739,621112
2022,Luis Severino,NYY,102,3.176470588235294,3.73333333,0.1940700808625337,1,0.23673469387755103,0.79861111,3.7006662957808554,0.160784313,0.443137254,0.396078431,0.04950495,0.138613861,3.3822085487199764,0.12324588,0.27654321,0.07407407,0.20246914,3.3684221558903302,-0.524195708,10.261170679209183,0.06949807,0.41312741,,117.14846938775511,111.20724009900994,101.79387376237625,102.63316831683173,0.31461864,0.72805755,0.48993289,0.60606061,0.83201581,0.74844334,0.42403905,0.15802318,0.28126907,28,Luis Severino,15890,622663
2022,Zach Thompson,PIT,102.1,5.188925339337841,1.85365854,0.27602905569007263,1.5146580557389178,0.29874213836477986,0.71319018,5.301356191892354,0.214925373,0.450746268,0.334328358,0.133928571,0.169642857,4.5078842297509025,0.09738041,0.16666667,0.08991228,0.07675439,4.7481587123791815,-0.112430853,8.187188806668134,0.0652819,0.39169139,,35.50598591549296,85.46145952109462,101.88101482326113,96.60769669327252,0.32422243,0.68731988,0.46780627,0.65697674,0.88888889,0.79171742,0.3954416,0.16059226,0.25797267,28,Zach Thompson,16094,605507
2022,Austin Gomber,COL,87.2,5.7490495964325765,2.72,0.2885714285714286,1.4372623991081441,0.3271375464684015,0.6284153,4.412811267522958,0.215827338,0.410071942,0.374100719,0.048076923,0.125,4.241234281690135,0.09606082,0.18037135,0.066313,0.11405836,4.385150169890237,1.3362383289096185,10.168165803535251,0.08156028,0.36879433,,72.55186385737439,80.26210235131398,100.17026279391423,95.97676348547719,0.30992736,0.72785829,0.48928818,0.66796875,0.88053097,0.80367232,0.42916379,0.14720111,0.24326192,28,Austin Gomber,16561,596295
2022,Framber Valdez,HOU,201.1,2.8162252367089184,2.89552239,0.22162883845126835,1.1572847974482858,0.2849264705882353,0.7567804,3.0577952386935467,0.174545454,0.665454545,0.16,0.09090909,0.125,2.994579214985594,0.11265739,0.23458283,0.08101572,0.15356711,3.138250230696959,-0.241570002,5.119379726024943,0.05765766,0.41441441,,57.785321100917436,102.63635157545599,96.86066334991709,98.58703150912103,0.3058104,0.65604634,0.46618037,0.526,0.88631347,0.75817923,0.45789125,0.17561299,0.28827038,28,Framber Valdez,17295,664285
2022,JT Brubaker,PIT,144,4.6875,2.72222222,0.2692967409948542,1.4652777777777777,0.3341288782816229,0.68807339,3.9179865572187635,0.22706422,0.440366972,0.332568807,0.089655172,0.117241379,3.873914082037906,0.11838791,0.22755418,0.08359133,0.14396285,3.9688520861044756,0.7695134427812365,9.158117061038668,0.07568807,0.41055046,,73.74604316546763,85.37302521008408,101.22109243697479,98.54046218487397,0.32373596,0.66701461,0.46179681,0.54880694,0.88419405,0.74363636,0.40218304,0.17800168,0.29638959,28,JT Brubaker,17578,664141
2022,James Kaprielian,OAK,134,4.231343283582089,1.66101695,0.23586744639376217,1.3432835820895523,0.2631578947368421,0.7195572,4.634819061,0.187347931,0.377128953,0.435523114,0.072625698,0.089385474,5.060088638294099,0.09506726,0.16984402,0.10225303,0.06759099,5.038942323553703,-0.403475778,9.174669526237397,0.07951807,0.35903614,,77.77827681026581,88.41230907457326,99.08418688230007,94.66334231805932,0.29783951,0.72269807,0.47578475,0.67357513,0.87259259,0.8001885,0.41883408,0.15426009,0.24932735,28,James Kaprielian,18331,621076
2022,Cole Irvin,OAK,181,3.977900552486188,3.55555556,0.2492836676217765,1.160220994475138,0.27339449541284405,0.71428571,4.206353654,0.202486678,0.376554174,0.420959147,0.071729957,0.105485232,4.349157790271617,0.09578544,0.17273954,0.048583,0.12415655,4.367872736346362,-0.228453101,9.44892648,0.09649123,0.39473684,,60.61961184882532,70.19473886328726,104.42085253456224,95.69592933947773,0.35799023,0.71452846,0.51877395,0.72709552,0.86920333,0.81536189,0.45095785,0.16168582,0.25747126,28,Cole Irvin,19244,608344
2022,Tony Gonsolin,LAD,130.1,2.140665045176359,3.4,0.1721132897603486,0.8746803410398026,0.2066869300911854,0.83820663,3.2812289622147492,0.17699115,0.430678466,0.392330383,0.052631578,0.082706766,3.694700569602079,0.12307692,0.23895582,0.07028112,0.1686747,3.7394343736298086,-1.140563917,10.290420899675222,0.05588235,0.34411765,,76.93624842,101.50968703427718,100.10973671137607,101.87307501241926,0.3359443,0.70323326,0.49379653,0.5880829,0.85385878,0.75075377,0.42977667,0.16426799,0.28734491,28,Tony Gonsolin,19388,664062
2023,Lucas Giolito,- - -,184.1,4.8824593970393515,2.79452055,0.23735955056179775,1.3128390823150256,0.2740899357601713,0.72830579,5.267698622054403,0.181818181,0.361660079,0.456521739,0.142857142,0.177489177,4.448119522002536,0.12253829,0.25692695,0.09193955,0.16498741,4.206640095772654,-0.385239225,10.650617431275691,0.11023622,0.41338583,,83.73572496,94.52491613272669,101.12071600908425,100.68484795846526,0.30235043,0.70030349,0.46677116,0.55123675,0.85048754,0.73673606,0.41316614,0.16567677,0.28821507,28,Lucas Giolito,15474,608337
2023,Cal Quantrill,CLE,99.2,5.237458327620856,1.65714286,0.27611940298507465,1.4648829805223083,0.3003003003003003,0.68313953,4.7901574555238735,0.227405247,0.408163265,0.364431486,0.104,0.088,5.428976561226541,0.07934656,0.13063063,0.07882883,0.0518018,5.502828485197727,0.44730087209698244,9.773997587316176,0.08430233,0.39244186,,74.95294117647059,95.01475218658891,97.59527696793008,94.90740524781341,0.31244065,0.71993912,0.46900585,0.75379939,0.88372093,0.83042394,0.38421053,0.1470245,0.22637106,28,Cal Quantrill,19312,615698
2023,Corbin Burnes,MIL,193.2,3.392427028448635,3.03030303,0.19859154929577466,1.0688468719769673,0.24385245901639344,0.74918567,3.812699597050271,0.22047244,0.440944881,0.338582677,0.075581395,0.127906976,3.8043166448685737,0.1220383,0.25510204,0.08418367,0.17091837,4.021431088589101,-0.420272569,,0.05294118,0.32156863,,,127.36887133925637,102.16587693320176,106.59480092135564,0.33158722,0.67521368,0.46216304,0.57977883,0.86075949,0.7357695,0.3799935,0.16975008,0.29178838,28,Corbin Burnes,19361,669203
2023,Dane Dunning,TEX,147,3.5510204081632653,2.60416667,0.2504472271914132,1.2789115646258504,0.2949640287769784,0.79558653,4.200618590789587,0.224018475,0.454965357,0.321016166,0.093525179,0.122302158,4.260590657449904,0.09965187,0.20325203,0.07804878,0.12520325,4.487255866502129,-0.649598183,7.129644775390625,0.07834101,0.40322581,,68.84461538,84.00596430126254,102.10174140182849,96.28976926425776,0.32886905,0.68100735,0.47496735,0.66063348,0.87827427,0.79010082,0.41488899,0.17319408,0.27284595,28,Dane Dunning,19409,641540
2023,Shane Bieber,CLE,128,3.796875,3.14705882,0.25,1.234375,0.29333333333333333,0.74257426,3.8722278594970705,0.225388601,0.47150259,0.303108808,0.094017094,0.119658119,3.961619697092101,0.10475217,0.20075047,0.06378987,0.1369606,4.291109389,-0.075352859,9.971091902065139,0.07712082,0.47557841,,80.50727802037845,100.31898669396107,101.2115148413511,99.38981576,0.30626655,0.6638246,0.45649949,0.56195965,0.90275229,0.77017937,0.42016377,0.19213081,0.29688298,28,Shane Bieber,19427,669456
2023,Aaron Civale,- - -,122.1,3.457765703515884,3.51515152,0.23390557939914164,1.1607629548445757,0.2869822485207101,0.76804916,3.565667065723084,0.220930232,0.389534883,0.389534883,0.126865671,0.089552238,4.1014910633578365,0.1,0.23015873,0.06547619,0.16468254,4.1527538359789204,-0.107901362,10.640184463993196,0.06571429,0.36,,75.76088709677418,104.63776653815323,105.56299953769094,103.69375513735669,0.33757422,0.65259349,0.46762948,0.67336683,0.86876155,0.78594249,0.41284861,0.18855721,0.28855721,28,Aaron Civale,19479,650644
2023,Shohei Ohtani,LAA,132,3.1363636363636362,3.03636364,0.1827956989247312,1.0606060606060606,0.2392857142857143,0.80286169,3.9974646019213127,0.181818181,0.454545454,0.363636363,0.111111111,0.166666666,3.5774796733350467,0.12923224,0.31450094,0.10357815,0.21092279,3.663227650638675,-0.861100966,8.359350869821947,0.10067114,0.34899329,,113.66889534883721,120.51824259789872,95.50487106017191,102.86585482330474,0.29199648,0.67084639,0.46513849,0.51807229,0.8271028,0.72176591,0.45702006,0.17119695,0.30042918,28,Shohei Ohtani,19755,660271
2023,Tyler Wells,BAL,108.2,3.9754602157372836,3.3030303,0.20698254364089774,1.0674846875590853,0.21722846441947566,0.82352941,5.261175375771904,0.137931034,0.310344827,0.551724137,0.125,0.15625,4.704760767339237,0.10987172,0.24885845,0.07534247,0.17351598,4.282367024016005,-1.28571516,11.207824066482384,0.12671233,0.40410959,,83.58125937031485,92.69529938444322,102.77845551203136,100.86737548964747,0.31693472,0.6852861,0.46789503,0.65970149,0.83499006,0.76491647,0.40982691,0.16899052,0.27886224,28,Tyler Wells,20000,669330
2023,J.P. France,HOU,133,3.924812030075188,2.20454545,0.2606177606177606,1.3458646616541354,0.2885572139303483,0.7642487,4.691130585,0.195238095,0.43095238,0.373809523,0.070063694,0.121019108,4.785688670550971,0.08895131,0.17198582,0.07801418,0.09397163,4.948907575903581,-0.766318555,8.980962350217865,0.0807601,0.38004751,,101.0760348583878,103.39122036874451,100.36312554872693,102.18125548726954,0.28399312,0.64742268,0.44934334,0.65757576,0.87738854,0.80167015,0.45497186,0.17602996,0.26498127,28,J.P. France,21212,641585
2017,Tyler Chatwood,COL,136.1,4.753056944018517,1.53521127,0.24950884086444008,1.452322955116769,0.28346456692913385,0.7266436,4.976710870319719,0.21025641,0.571794871,0.217948717,0.035294117,0.223529411,4.2740105362078005,0.09546854,0.18728522,0.12199313,0.0652921,4.856047660969569,-0.223653926,9.790889356090764,0.0525,0.3225,,,,,,0.25959368,0.67266949,0.43114826,0.59130435,0.88031496,0.77857143,0.41531016,0.14606247,0.24153102,27,Tyler Chatwood,4338,543022
2017,Madison Bumgarner,SFG,111,3.324324324324324,5.05,0.23653395784543327,1.09009009,0.27184466019417475,0.82834331,3.9504324870066605,0.180685358,0.408099688,0.411214953,0.113636363,0.128787878,4.074778716413825,0.10264106,0.22444444,0.04444444,0.18,3.9382862764292583,-0.626108163,9.671890818,0.07361963,0.3404908,,,,,,0.34509372,0.70092227,0.50720288,0.68690096,0.86278195,0.79763314,0.45558223,0.15786315,0.2605042,27,Madison Bumgarner,5524,518516
2017,Danny Salazar,CLE,97.1,4.438355700521004,3.20930233,0.24119241192411925,1.3561642418258624,0.3456221198156682,0.73656846,3.6096944414891547,0.244541484,0.3930131,0.362445414,0.096385542,0.168674698,3.2566902607242767,0.16055846,0.33253012,0.10361446,0.22891566,3.4396197323322277,0.8286612590318496,11.016543579101562,0.07792208,0.32034632,,,,,,0.32707182,0.69410319,0.5008726,0.46959459,0.78938053,0.67944251,0.47353112,0.14659686,0.30715532,27,Danny Salazar,5867,517593
2017,Jake Odorizzi,TBR,143.1,4.144185752394157,2.08196721,0.21626617375231053,1.2418603769800673,0.2265625,0.72463768,5.425081393756125,0.220588235,0.306372549,0.473039215,0.093264248,0.155440414,5.099334549675464,0.11229539,0.2102649,0.10099338,0.10927152,4.898032726,-1.280895641,10.501652238175677,0.07729469,0.34782609,,,,,,0.30387794,0.74144487,0.4792381,0.68410042,0.81538462,0.76550079,0.4007619,0.13132851,0.24362391,27,Jake Odorizzi,6397,543606
2017,Patrick Corbin,ARI,187,4.0909087570999265,2.98305085,0.2735723771580345,1.4171121838320007,0.32667876588021777,0.73834197,4.077425715418034,0.197183098,0.50528169,0.297535211,0.100591715,0.153846153,3.877523402992344,0.11008873,0.21595092,0.07239264,0.14355828,4.1081243889288075,0.013483041681892516,8.876276861380145,0.06412478,0.35008666,,,,,,0.31868132,0.65981735,0.46598751,0.57350272,0.88465975,0.76375176,0.43181071,0.16989813,0.27998686,27,Patrick Corbin,9323,571578
2017,Zack Wheeler,NYM,86.1,5.212354598191356,2.025,0.282798834,1.586872399893813,0.3319838056680162,0.73109244,5.034087349562755,0.225680933,0.474708171,0.299610894,0.064935064,0.194805194,4.361903085376568,0.09096733,0.20984456,0.10362694,0.10621762,4.635784761629388,0.17826724862860122,9.755586679915936,0.06870229,0.35496183,,,,,,0.24814815,0.69107856,0.46124279,0.65174129,0.86127168,0.80277778,0.48110186,0.16591928,0.25688661,27,Zack Wheeler,10310,554430
2017,Erasmo Ramírez,- - -,100.2,4.738410895291442,3.44,0.2581453634085213,1.2715232591138461,0.2857142857142857,0.68665377,4.707308666258867,0.2,0.39032258,0.409677419,0.039370078,0.149606299,4.497789447423623,0.10253165,0.20187793,0.05868545,0.14319249,4.364315499687832,0.031102229,9.822344773815525,0.07028754,0.36421725,,,,,,0.32638889,0.69413408,0.49303797,0.68085106,0.85513078,0.79204108,0.45316456,0.16455696,0.26708861,27,Erasmo Ramirez,10314,541640
2017,Matt Andriese,TBR,83,4.662650602409639,2.81481481,0.2680722891566265,1.3975903614457832,0.30416666666666664,0.73770492,4.952820417105434,0.205533596,0.442687747,0.351778656,0.146067415,0.17977528,4.354191027,0.11198288,0.20936639,0.07438017,0.13498623,4.360974107716423,-0.290169815,9.897303221859707,0.06640625,0.3828125,,,,,,0.29506008,0.68865031,0.47822984,0.63800905,0.8285078,0.76567164,0.46538187,0.16547789,0.27746077,27,Matt Andriese,12022,542882
2017,Kyle Hendricks,CHC,139.2,3.0286395078439825,3.075,0.23863636363636365,1.188544109461232,0.2809278350515464,0.82524272,3.8807900258740142,0.207594936,0.501265822,0.29113924,0.095652173,0.147826086,3.7631007059237813,0.08304042,0.21578947,0.07017544,0.14561404,4.080099148568978,-0.852150518,9.547062020931603,0.04197531,0.29135802,,,,,,0.31722054,0.57097792,0.4232967,0.72380952,0.86556169,0.80373832,0.41802198,0.21001757,0.293058,27,Kyle Hendricks,12049,543294
2017,Seth Lugo,NYM,98.1,4.759321172287551,3.41666667,0.2814070351758794,1.3830505970750149,0.32894736842105265,0.67656766,3.8695039721201248,0.24437299,0.41800643,0.337620578,0.104761904,0.114285714,4.182466573685936,0.08526646,0.19339623,0.05660377,0.13679245,4.352096459838564,0.8898172001674265,9.943296615686794,0.05379747,0.35443038,,,,,,0.30151339,0.65896739,0.46645768,0.71428571,0.87216495,0.8172043,0.46144201,0.17868339,0.26394984,27,Seth Lugo,12447,607625
2017,Sonny Gray,- - -,162.1,3.5482543977738588,2.68421053,0.22491909385113268,1.2073921214647159,0.26905829596412556,0.69605568,3.9030195243017785,0.19650655,0.528384279,0.27510917,0.055555555,0.15079365,3.7621340731941553,0.11899399,0.22566372,0.0840708,0.14159292,4.084056704670327,-0.354765127,8.363286537121816,0.06021505,0.3827957,,,,,,0.3155527,0.66847335,0.46226061,0.55804481,0.86486486,0.74248578,0.41569658,0.15352853,0.27252252,27,Sonny Gray,12768,543243
2017,Tyler Anderson,COL,81,5.111110629695315,2.96,0.27129337539432175,1.3703702412951206,0.30837004405286345,0.71743929,4.8983802709941555,0.234042553,0.429787234,0.336170212,0.139240506,0.202531645,4.065364270674781,0.11809235,0.21511628,0.07267442,0.14244186,4.273241237269791,0.21273035870115908,11.44343474727349,0.06584362,0.30041152,,,,,,0.29339478,0.69402985,0.49659349,0.60209424,0.82795699,0.76219512,0.50719152,0.15972748,0.27781983,27,Tyler Anderson,12880,542881
2017,Joe Biagini,TOR,88,5.727273223813944,2.33333333,0.2770083102493075,1.4772728553488346,0.3154121863799283,0.59187279,4.362185253190609,0.164335664,0.552447552,0.283216783,0.086419753,0.148148148,4.226768312,0.08396421,0.17902813,0.07672634,0.10230179,4.443282827518246,1.3650879706233345,9.908630371,0.05154639,0.32302405,,,,,,0.29639175,0.65828402,0.46487603,0.7,0.88089888,0.81925926,0.46556474,0.18031659,0.2642808,27,Joe Biagini,13194,607352
2017,Adam Conley,MIA,100.2,6.168873860498195,1.69047619,0.2765432098765432,1.5298012472088922,0.2974683544303797,0.64801178,5.531811759687408,0.186915887,0.398753894,0.414330218,0.150375939,0.135338345,5.557453193125296,0.09669811,0.15638767,0.09251101,0.06387665,5.329840020165846,0.6370621008107866,8.240359714,0.0748503,0.37125749,,,,,,0.27783903,0.69708492,0.47287736,0.66269841,0.85636364,0.79551122,0.46521226,0.15271226,0.24941038,27,Adam Conley,14457,543045
2017,Zack Godley,ARI,153.1,3.4043476002338178,3.0754717,0.2198581560283688,1.1543477495045704,0.2823834196891192,0.7515528,3.4380744582178027,0.186528497,0.551813471,0.261658031,0.07920792,0.148514851,3.338027309612287,0.13258984,0.26205788,0.085209,0.17684887,3.6952238172469865,-0.033726858,5.544552146186059,0.05985037,0.38902743,,,,,,0.32988268,0.60968074,0.44214876,0.46861925,0.88682432,0.7,0.40123967,0.16728625,0.29987608,27,Zack Godley,14862,643327
2018,Julio Teheran,ATL,175.2,3.9449714227789623,1.92857143,0.19334389857369255,1.1726754878679166,0.21670428893905191,0.75587906,4.828363216286309,0.201735357,0.379609544,0.418655097,0.103626943,0.134715025,4.718847359515634,0.11277659,0.22375691,0.1160221,0.10773481,4.668483664309504,-0.883391794,7.7117671241018595,0.05970149,0.36460554,,,,,,0.29259897,0.65595463,0.42984648,0.6,0.83861671,0.73754153,0.37772224,0.18022841,0.293005,27,Julio Teheran,6797,527054
2018,Trevor Bauer,CLE,171.1,2.258754729704817,3.84210526,0.20722135007849293,1.1031127749721201,0.30073349633251834,0.79288026,2.442532785713925,0.209756097,0.441463414,0.348780487,0.111888111,0.062937062,3.138141454711329,0.13276231,0.31152205,0.08108108,0.23044097,3.2130582726298624,-0.183778056,9.448846905048077,0.03827751,0.29425837,,,,,,0.31384615,0.63551402,0.44896502,0.50392157,0.84090909,0.70429253,0.4200571,0.18486795,0.31763026,27,Trevor Bauer,12703,545333
2018,Mike Clevinger,CLE,200,3.0149997699737723,3.08955224,0.2219215155615697,1.1549999118804999,0.27984344422700586,0.79766537,3.5204315483093285,0.202290076,0.404580152,0.39312977,0.111650485,0.101941747,3.8565950737244323,0.11975498,0.25555556,0.08271605,0.17283951,3.856425863859462,-0.505431778,9.354794887927289,0.05075188,0.31390977,,,,,,0.30441899,0.66317261,0.46170343,0.59856631,0.82402529,0.74054413,0.43841912,0.17825421,0.29800919,27,Mike Clevinger,12808,605182
2018,Gerrit Cole,HOU,200.1,2.8752078406915476,4.3125,0.19642857142857142,1.033277817748525,0.2863741339491917,0.77908218,2.7011969901091355,0.213483146,0.359550561,0.426966292,0.121052631,0.1,3.0346755188125445,0.14092723,0.34543179,0.08010013,0.26533166,2.913007067976264,0.17401085058241206,9.926412232,0.0619469,0.39823009,,,,,,0.32076566,0.68819309,0.49370586,0.55153707,0.8,0.71455224,0.47067854,0.17684986,0.3177771,27,Gerrit Cole,13125,543037
2018,Steven Matz,NYM,154,3.974026367784611,2.62068966,0.22866894197952217,1.2467533702853681,0.2665036674816626,0.74850299,4.621470681578312,0.154028436,0.488151658,0.357819905,0.066225165,0.165562913,4.130521801,0.09246194,0.2324159,0.08868502,0.14373089,4.1031941563011385,-0.647444314,9.582463582356771,0.06912442,0.359447,,,,,,0.23435226,0.63305534,0.42963238,0.63664596,0.84191617,0.78478825,0.48978834,0.19606387,0.28852581,27,Steven Matz,13361,571927
2018,Marcus Stroman,TOR,102.1,5.540716061598582,2.13888889,0.2798053527980535,1.4755698858930968,0.3261538461538461,0.60541311,3.912874497720633,0.178787878,0.621212121,0.2,0.03030303,0.136363636,3.834763070395846,0.09080258,0.1714922,0.08017817,0.09131403,4.037511982346446,1.6278415638779489,7.793893837067018,0.05988024,0.40419162,,,,,,0.28828829,0.64548023,0.4364382,0.62847222,0.89496718,0.79194631,0.41476274,0.1827768,0.27357938,27,Marcus Stroman,13431,573186
2018,Chris Stratton,SFG,141.2,4.701176301801747,2.1372549,0.2631578947368421,1.3835293620918054,0.30117647058823527,0.68312285,4.303960946,0.255707762,0.426940639,0.317351598,0.035971223,0.122302158,4.364486817053046,0.08452481,0.18046358,0.08443709,0.09602649,4.662497716092039,0.3972153553180675,8.515069715488908,0.06334842,0.38461538,,,,,,0.27871363,0.67070896,0.45542473,0.71428571,0.8650904,0.81440443,0.45079899,0.18124474,0.26576955,27,Chris Stratton,13761,608717
2018,Alex Wood,LAD,148,3.6486482724732814,3.35897436,0.24479166666666666,1.216216090824427,0.29466357308584684,0.71087216,3.5523234272630178,0.221967963,0.491990846,0.286041189,0.064,0.112,3.717538864721533,0.10563973,0.21061093,0.06270096,0.14790997,3.915195735574144,0.096324845,9.287455558776855,0.04494382,0.33707865,,,,,,0.35908142,0.67838126,0.48526936,0.64922481,0.89010989,0.78230703,0.39520202,0.17213805,0.27777778,27,Alex Wood,13781,622072
2018,Kevin Gausman,- - -,183.2,3.920144919,2.96,0.26286509040333794,1.301270327332988,0.29908256880733947,0.76812977,4.320141114360613,0.205985915,0.459507042,0.334507042,0.1,0.136842105,4.188418085236368,0.11318242,0.19072165,0.06443299,0.12628866,4.276633551555108,-0.399996195,9.146094528580582,0.06830123,0.40805604,,,,,,0.33430402,0.6985237,0.49034621,0.63937282,0.85205784,0.76917855,0.42842876,0.15978695,0.27296937,27,Kevin Gausman,14107,592332
2018,Andrew Heaney,LAA,180,4.150000351799889,4,0.24568965517241378,1.200000101725269,0.294478528,0.71428571,3.993764979751028,0.23668639,0.412228796,0.351084812,0.129213483,0.151685393,3.6770287721517625,0.11796733,0.24032043,0.06008011,0.18024032,3.737135534010956,0.15623537204886118,,0.07364341,0.37015504,,,,,,0.33460076,0.67884452,0.48166969,0.60984848,0.85106383,0.75508666,0.42722323,0.17676951,0.29473684,27,Andrew Heaney,15423,571760
2018,Matthew Boyd,DET,170.1,4.385518721952456,3.11764706,0.22565687789799072,1.1565558075296303,0.25813449023861174,0.71092832,4.4461458998816905,0.211180124,0.289855072,0.498964803,0.103734439,0.112033195,4.722305821904675,0.10174825,0.22425952,0.0719323,0.15232722,4.3097227395252276,-0.060627178,8.974382011,0.05942623,0.31967213,,,,,,0.29581796,0.67964315,0.46135012,0.66320166,0.84606205,0.77937832,0.43126967,0.16713287,0.26888112,27,Matthew Boyd,15440,571510
2019,Mike Foltynewicz,ATL,117,4.538461242515288,2.83783784,0.2411504424778761,1.2478631664919622,0.2654320987654321,0.71675302,4.974693121580229,0.23076923,0.366863905,0.402366863,0.125,0.169117647,4.731376897665665,0.10540254,0.21384929,0.07535642,0.13849287,4.706259922550723,-0.436231879,8.817188285965795,0.06916427,0.39769452,,,,,,0.28747628,0.73741007,0.48622881,0.63036304,0.85853659,0.7832244,0.44173729,0.16154661,0.26694915,27,Mike Foltynewicz,10811,592314
2019,Vince Velasquez,PHI,107,4.962616822429907,3.10810811,0.25355450236966826,1.3457943925233644,0.29577464788732394,0.74503311,5.148588914960344,0.218855218,0.34006734,0.441077441,0.091603053,0.175572519,4.7895792938002915,0.109432,0.2457265,0.07905983,0.16666667,4.418188561467119,-0.185972093,9.883031526665262,0.09771987,0.39413681,,,,,,0.31383473,0.72684086,0.4950495,0.67455621,0.83660131,0.77894737,0.43877019,0.13965607,0.24908807,27,Vince Velasquez,11189,592826
2019,Robbie Ray,ARI,174.1,4.336520203002002,2.79761905,0.22796352583586627,1.3422562533101434,0.3053435114503817,0.75126904,4.286667250789191,0.259259259,0.37037037,0.37037037,0.1,0.2,3.7611273633319358,0.13642298,0.3145917,0.1124498,0.2021419,4.024662205,0.049852952212811275,10.57978949320444,0.09692671,0.38534279,,,,,,0.31531532,0.6635514,0.44908616,0.56302521,0.79769526,0.69622093,0.38413838,0.17265013,0.30907311,27,Robbie Ray,11486,592662
2019,Matt Strahm,SDP,81.2,5.289796577272573,4.76470588,0.2719033232628399,1.310204244833716,0.30735930735930733,0.73770492,5.0629892978565225,0.229508196,0.336065573,0.434426229,0.075471698,0.179245283,4.620407489507972,0.10419907,0.22946176,0.04815864,0.18130312,4.285412628659808,0.22680727941605028,7.312948583587398,0.112,0.42,,,,,,0.31393568,0.68246445,0.49533437,0.68780488,0.83796296,0.78963893,0.49222395,0.18895801,0.29315708,27,Matt Strahm,13799,621381
2019,Michael Wacha,STL,114,4.6578938016602764,1.80392157,0.27616926503340755,1.5350874110933115,0.3044776119402985,0.78125,5.529798484443061,0.224431818,0.477272727,0.298295454,0.057142857,0.209523809,4.853190002788931,0.09196564,0.18290258,0.10139165,0.08151093,5.192867610032565,-0.871904683,10.156340608891753,0.06722689,0.35854342,,,,,,0.29820051,0.71674877,0.46993431,0.74137931,0.8419244,0.80430108,0.41030824,0.14754927,0.23951491,27,Michael Wacha,14078,608379
2019,Caleb Smith,MIA,153.1,4.519564917551793,2.8,0.2206896551724138,1.2260868751799956,0.25065963060686014,0.75778078,5.111835436757895,0.213930348,0.261194029,0.524875621,0.132701421,0.156398104,5.051329621807659,0.12664412,0.26006192,0.09287926,0.16718266,4.578961464470924,-0.592270519,9.450126387,0.10194175,0.3592233,,,,,,0.32932996,0.73215941,0.49267193,0.65642994,0.8,0.74294432,0.40548666,0.14919203,0.27583615,27,Caleb Smith,14875,592761
2019,Jon Gray,COL,149.2,3.848551815374251,2.83018868,0.2552083333333333,1.3363027136716148,0.3144963144963145,0.75535513,4.002428076774261,0.232057416,0.502392344,0.265550239,0.081081081,0.171171171,3.8273848014384533,0.11774672,0.23696682,0.08372828,0.15323855,4.279760421846896,-0.153876261,6.655349086707746,0.05399061,0.43896714,,,,,,0.30461538,0.67860509,0.47268107,0.53787879,0.86805556,0.75089606,0.44938585,0.16476069,0.28250741,27,Jon Gray,14916,592351
2019,Glenn Sparkman,KCR,118.1,6.3126763276726665,2,0.2907216494845361,1.4873240075908825,0.29198966408268734,0.65340909,6.095699740415343,0.214975845,0.374396135,0.410628019,0.052941176,0.164705882,5.877375786795041,0.07337096,0.13358779,0.06679389,0.06679389,5.637830799,0.2169765872573235,8.025789864291772,0.07228916,0.41445783,,,,,,0.28107607,0.72445465,0.47922011,0.70627063,0.91442155,0.84689507,0.44689584,0.15751668,0.23088763,27,Glenn Sparkman,15200,642098
2019,Steven Brault,PIT,95.2,4.986062850315821,2.04761905,0.2638522427440633,1.484320596949364,0.3107142857142857,0.70107858,4.687877110707024,0.208480565,0.452296819,0.339222614,0.125,0.135416666,4.917463507062906,0.09993943,0.20140515,0.09836066,0.1030445,5.023017815,0.2981857396087966,7.0558351891063085,0.06484642,0.36860068,,,,,,0.31767109,0.66915052,0.46060606,0.66237942,0.86636971,0.78289474,0.40666667,0.15990309,0.25984252,27,Steven Brault,15291,643230
2019,Marco Gonzales,SEA,203,3.9901477832512313,2.625,0.26119402985074625,1.3103448275862069,0.2949526813880126,0.69224354,4.154896175215397,0.212863705,0.407350689,0.379785604,0.116935483,0.092741935,5.112152622133641,0.07889851,0.16974596,0.06466513,0.10508083,5.076993492508855,-0.164748392,9.295695444171349,0.04718417,0.34094368,,,,,,0.33351588,0.65907473,0.47508511,0.77339901,0.87365011,0.83387622,0.43484989,0.18688119,0.2657797,27,Marco Gonzales,15467,594835
2019,Adam Plutko,CLE,104.2,4.643313230116833,3.08,0.25853658536585367,1.251592660792809,0.27009646302250806,0.75815739,5.306366671995223,0.23192771,0.295180722,0.472891566,0.127388535,0.140127388,5.557691479557443,0.08583186,0.17539863,0.05694761,0.11845103,5.186000834498537,-0.663053442,10.566073895027625,0.06906907,0.32432432,,,,,,0.34034034,0.71509972,0.49500294,0.72647059,0.89442231,0.82660333,0.41269841,0.16166961,0.24750147,27,Adam Plutko,15846,592644
2019,Ryan Yarbrough,TBR,85.2,4.307393507592288,6.45454545,0.22741433021806853,0.9805448635169435,0.26556016597510373,0.61712846,3.587550376095415,0.191836734,0.444897959,0.363265306,0.123595505,0.101123595,4.288398593487264,0.11407767,0.20882353,0.03235294,0.17647059,4.2076302203529785,0.7198431314968725,6.504584830976711,0.064,0.28,,,,,,0.36079545,0.67857143,0.49757282,0.65748031,0.85041551,0.77073171,0.43042071,0.1723301,0.28640777,27,Ryan Yarbrough,16502,642232
2019,Trevor Williams,PIT,145.2,5.375285853500336,2.56818182,0.27692307692307694,1.4141875936412125,0.30337078651685395,0.68493151,5.122476228,0.228448275,0.370689655,0.400862068,0.107526881,0.14516129,5.252858105043355,0.1044263,0.17767296,0.06918239,0.10849057,5.078508168975914,0.2528096252085561,8.024882941846027,0.07627119,0.3559322,,,,,,0.33531157,0.72290389,0.49828031,0.6880531,0.85572843,0.7903365,0.42046432,0.1486893,0.2531156,27,Trevor Williams,16977,592866
2021,Max Fried,ATL,165.2,3.042253427724138,3.85365854,0.2245557350565428,1.0865190813300494,0.27802690582959644,0.75903614,3.3088671161925474,0.205357142,0.517857142,0.276785714,0.072580645,0.120967741,3.452413814181869,0.11063331,0.23688156,0.06146927,0.17541229,3.7631211395012056,-0.266613688,7.501226462339743,0.06290672,0.34273319,,64.23507692307693,87.60273758310521,101.56147829487684,101.09890496675794,0.31971326,0.67986231,0.48337896,0.59192825,0.8721519,0.7710356,0.4544388,0.16810008,0.27873339,27,Max Fried,13743,608331
2021,Zach Eflin,PHI,105.2,4.173501677732779,6.1875,0.27423167848699764,1.2492113865322603,0.3268608414239482,0.72807018,3.6810751442302387,0.236024844,0.434782608,0.329192546,0.08490566,0.141509433,3.6055772126190138,0.10216718,0.2239819,0.0361991,0.18778281,3.8071782742334292,0.4924265335025404,8.051932983398437,0.06790123,0.38888889,,73.27000000000001,94.92878411910674,108.38765508684858,104.89677419354844,0.33406836,0.69915254,0.49411765,0.68646865,0.85858586,0.79323308,0.43839009,0.18080495,0.28297214,27,Zach Eflin,13774,621107
2021,Lance McCullers Jr.,HOU,162.1,3.1601643700621795,2.43421053,0.2040133779264214,1.2197125638836483,0.2725,0.78503688,3.521163496918394,0.165450121,0.564476885,0.270072992,0.054054054,0.117117117,3.686528159500205,0.11585366,0.27046784,0.11111111,0.15935673,4.015203180859327,-0.360999127,,0.05326877,0.40435835,,,116.6157743442328,97.13984908,101.84412504491559,0.28021978,0.60695652,0.41499283,0.49673203,0.86819484,0.72082973,0.41248207,0.19799139,0.31384505,27,Lance McCullers Jr.,14120,621121
2021,José Berríos,- - -,192,3.515625139698392,4.53333333,0.22052704576976423,1.0625000422199584,0.2767676767676768,0.72263549,3.472117467804088,0.231517509,0.428015564,0.340466926,0.085714285,0.125714285,3.590676702478978,0.09858692,0.26120359,0.05761844,0.20358515,3.651366872437419,0.043507671894304156,8.428591445069875,0.09090909,0.38297872,,88.44919254658386,107.8678680119551,103.40963382767617,103.23293408977814,0.33990981,0.64696612,0.46795925,0.69154229,0.86114495,0.78932584,0.41702267,0.19158725,0.29017417,27,Jose Berrios,14168,621244
2021,Tyler Glasnow,TBR,88,2.659090909090909,4.55555556,0.1757188498402556,0.9318181818181818,0.25,0.82352941,2.7723068497397687,0.178947368,0.452631578,0.368421052,0.114285714,0.142857142,2.6985039958899675,0.17176998,0.36176471,0.07941176,0.28235294,2.915672553938899,-0.113215941,10.205282341036542,0.08947368,0.46842105,,131.48133140376268,132.1248502994012,100.75254491017964,109.86504491017963,0.32551724,0.68078176,0.4884242,0.36440678,0.80861244,0.64831804,0.45855116,0.16504854,0.33681852,27,Tyler Glasnow,14374,607192
2021,Austin Gomber,COL,115.1,4.526011760293233,2.75609756,0.22972972972972974,1.2398844477431654,0.26366559485530544,0.69491525,4.609340544322744,0.19076923,0.443076923,0.366153846,0.058823529,0.168067226,4.175459829212093,0.11345219,0.23155738,0.08401639,0.14754098,4.289550405360567,-0.083328784,10.636033340595949,0.09365559,0.33534743,,88.22509960159361,96.20538628944509,99.57568008705108,96.33813928182808,0.30889541,0.64855072,0.46083198,0.58544304,0.85288641,0.75381008,0.44732577,0.19070773,0.30415991,27,Austin Gomber,16561,596295
2021,Framber Valdez,HOU,134.2,3.1410893461842564,2.15517241,0.21868787276341947,1.2475248467114777,0.2677595628415301,0.78298397,4.009143096743213,0.148541114,0.702917771,0.148541114,0.035714285,0.214285714,3.584422365,0.10191388,0.21853147,0.1013986,0.11713287,3.7918531836541587,-0.868053751,5.901016671316964,0.05820106,0.44444444,,66.25142857142856,103.20138822403064,93.89607468,95.45552896122551,0.27446103,0.62018141,0.42049808,0.5407855,0.88848263,0.75740319,0.42241379,0.18564593,0.28755981,27,Framber Valdez,17295,664285
2021,JT Brubaker,PIT,124.1,5.356568583739277,3.39473684,0.2505091649694501,1.2949062191922276,0.2844311377245509,0.72629969,5.156629377997974,0.219718309,0.428169014,0.352112676,0.08,0.224,4.002837903106144,0.11985597,0.23977695,0.07063197,0.16914498,4.039940445,0.19993920574130275,9.260745264902836,0.08839779,0.38674033,,74.10756303,90.67210499228001,101.54374678332476,98.35784868759647,0.31233596,0.69662921,0.47067901,0.55462185,0.86738351,0.74535519,0.41203704,0.16615226,0.28600823,27,JT Brubaker,17578,664141
2021,James Kaprielian,OAK,111.1,3.7994013711804313,2.825,0.22748815165876776,1.2215569420343704,0.2705479452054795,0.80034423,4.310752737,0.170491803,0.35409836,0.475409836,0.103448275,0.117241379,4.623619593263722,0.10998398,0.24248927,0.08583691,0.15665236,4.318510611250153,-0.511351366,8.876698801500508,0.09385113,0.42718447,,72.01546286876908,83.10641025641026,99.38835470085469,94.53621794871789,0.29317981,0.69489247,0.4527496,0.64048338,0.83172147,0.75707547,0.39722371,0.17565403,0.28563801,27,James Kaprielian,18331,621076
2021,Cole Irvin,OAK,178.1,4.239252457356746,2.97619048,0.2719665271966527,1.3289720005205672,0.3022847100175747,0.71094481,4.3027444351470185,0.244444444,0.376068376,0.379487179,0.09009009,0.103603603,4.822492443070159,0.08948546,0.16276042,0.0546875,0.10807292,4.848548523744664,-0.063491978,9.767209780358785,0.07263514,0.39189189,,66.78656853725849,73.61307922272049,104.61767563527651,97.16147234678625,0.348,0.73011844,0.51640567,0.76628352,0.86326767,0.8267148,0.44071588,0.15846383,0.24794929,27,Cole Irvin,19244,608344
2022,Chris Flexen,SEA,121,4.016528925619835,1.88636364,0.25630252100840334,1.371900826446281,0.27925531914893614,0.79056865,4.707472323977258,0.211340206,0.332474226,0.456185567,0.101694915,0.096045197,5.046525088445215,0.09295199,0.15900383,0.08429119,0.07471264,5.044506143898234,-0.690943398,11.352723343228497,0.09669211,0.41475827,,67.15404365,83.27581799591003,97.82888548057262,94.54135991820037,0.32628153,0.74862637,0.48339295,0.680798,0.90091743,0.80761099,0.37199796,0.13023493,0.22318693,27,Chris Flexen,13896,623167
2022,Germán Márquez,COL,181.2,4.9541287177761655,2.38095238,0.2598314606741573,1.3651376911205433,0.29135338345864664,0.68095238,4.714265953744168,0.205724508,0.475849731,0.31842576,0.06741573,0.168539325,4.017967312394434,0.10144417,0.19255456,0.08087291,0.11168164,4.267193287422766,0.23986276403199724,7.838813826564336,0.07117438,0.46797153,,80.54300822561693,91.52567805565339,99.32944698837619,98.37985206058474,0.3182398,0.7104642,0.49383586,0.6012024,0.90143965,0.79457917,0.44769285,0.15533639,0.25678056,27,German Marquez,15038,608566
2022,Lucas Giolito,CHW,161.2,4.898969380422022,2.90163934,0.27014218009478674,1.4350516366892792,0.3402777777777778,0.71146245,4.058822814,0.246696035,0.385462555,0.367841409,0.047904191,0.143712574,3.658132214109802,0.12168543,0.25358166,0.08739255,0.16618911,3.7878523711534533,0.840146567,10.598510835158034,0.0745614,0.39035088,,82.61150038080733,92.65040000000002,100.64636363636366,99.58778181818178,0.32145052,0.69182948,0.47293861,0.56596558,0.86136072,0.74270353,0.40900835,0.16890665,0.29059208,27,Lucas Giolito,15474,608337
2022,Antonio Senzatela,COL,92.1,5.0685923369696075,2.34782609,0.34366925064599485,1.6895307789898693,0.38271604938271603,0.70355191,4.054669321,0.260736196,0.49386503,0.245398773,0.075,0.1125,4.070151837633089,0.07034845,0.13075061,0.05569007,0.07506053,4.482915283397049,1.013923016254357,6.512971297554348,0.04504505,0.41441441,,70.19299516908214,78.00817402768625,103.01951219512196,96.50085695451553,0.28702641,0.72153846,0.47271532,0.736,0.91257996,0.8511822,0.42735043,0.14858646,0.21893491,27,Antonio Senzatela,15488,622608
2022,Tyler Mahle,- - -,120.2,4.400552718049398,2.93023256,0.22707423580786026,1.2182321083865566,0.27848101265822783,0.69510269,3.866574687807267,0.176291793,0.3556231,0.468085106,0.11038961,0.103896103,4.032129018709042,0.10994764,0.25049702,0.08548708,0.16500994,3.8788836763966983,0.5339780302421309,10.399361266249139,0.0753012,0.38253012,,104.49669421487603,99.92630865803196,104.12270840600569,103.90989368395743,0.31722525,0.66259169,0.45168967,0.64127764,0.84317343,0.75658588,0.38933841,0.17420276,0.2841504,27,Tyler Mahle,16358,641816
2022,Tyler Alexander,DET,80,5.7375,2.36363636,0.2786377708978328,1.4,0.2874015748031496,0.65022422,5.437431001663208,0.232209737,0.333333333,0.434456928,0.068965517,0.146551724,4.821466637402773,0.07455803,0.15028902,0.06358382,0.0867052,4.898119041853999,0.30006899833679146,10.31361936173349,0.12177122,0.38745387,,84.07547169811319,84.95318985395849,103.3215987701768,98.66887009992314,0.33694181,0.73309609,0.50807071,0.78313253,0.89563107,0.85325265,0.4319754,0.15219062,0.22674865,27,Tyler Alexander,17735,641302
2022,Nestor Cortes,NYY,158.1,2.444210605,4.28947368,0.18782608695652173,0.9221052927793898,0.23232323232323232,0.82802548,3.1250625810163504,0.191747572,0.334951456,0.47330097,0.133333333,0.082051282,3.634570179100743,0.11075051,0.26504065,0.06178862,0.20325203,3.4803307854302385,-0.680851976,11.472514549156655,0.05339806,0.34466019,,107.64879852125692,103.57673568818511,102.39151441331708,104.22293950466913,0.34689507,0.71052632,0.50385396,0.69753086,0.83333333,0.78019324,0.431643,0.17241379,0.2831643,27,Nestor Cortes,17874,641482
2022,José Urquidy,HOU,162.1,3.880903612357063,3.69444444,0.24203821656050956,1.158110919,0.2670940170940171,0.78244275,4.430706196971798,0.192697768,0.361054766,0.446247464,0.104545454,0.122727272,4.274738649194828,0.10015408,0.19821162,0.05365127,0.14456036,4.144621005405944,-0.549802585,11.681178042763158,0.09090909,0.41010101,,106.94780701754387,109.16768939393938,104.44916666666666,105.08416666666668,0.34716459,0.73542211,0.51907514,0.69322709,0.87455621,0.80697847,0.44277457,0.15793529,0.25808937,27,Jose Urquidy,18413,664353
2022,Dakota Hudson,STL,136.2,4.543902777241239,1.3,0.2693798449612403,1.4560976693574985,0.30303030303030304,0.7011259,4.341699385844413,0.188505747,0.533333333,0.278160919,0.066115702,0.074380165,4.796270379769477,0.07201087,0.13333333,0.1025641,0.03076923,5.079602705415925,0.20220339139682597,4.990297431187914,0.06164384,0.40639269,,67.93796909492274,78.65838621940169,97.24691749773346,91.86504986400726,0.26181255,0.68995633,0.43951065,0.67455621,0.92246835,0.83608247,0.41504304,0.15806159,0.23007246,27,Dakota Hudson,19206,641712
2022,Cal Quantrill,CLE,186.1,3.3810376593748486,2.72340426,0.2496493688639551,1.2075134497767317,0.2783687943262411,0.76361868,4.121375573032211,0.201039861,0.421143847,0.377816291,0.133027522,0.096330275,4.388212056503308,0.08219178,0.16623377,0.06103896,0.10519481,4.494744417904159,-0.740337914,10.272616431826638,0.07521368,0.35555556,,84.29249999999999,82.27288019224166,100.32166151733603,93.62495708891178,0.34875847,0.69572799,0.48509764,0.75728155,0.88721805,0.83050847,0.39294279,0.15616438,0.23835616,27,Cal Quantrill,19312,615698
2022,Eric Lauer,MIL,158.2,3.6869750262973704,2.66101695,0.225,1.2226891540199827,0.25961538461538464,0.79013906,4.498985712407519,0.221198156,0.336405529,0.442396313,0.078125,0.140625,4.078172191058323,0.09828102,0.23751891,0.0892587,0.14826021,4.071043439416194,-0.812010686,9.897439346832483,0.07900677,0.37697517,,87.39064626,88.31521984216457,99.90154077414505,97.33581360390832,0.29907773,0.67875648,0.46337818,0.70044053,0.83842239,0.78790323,0.43273543,0.17563528,0.27391629,27,Eric Lauer,19316,641778
2022,Corbin Burnes,MIL,202,2.9405940594059405,4.76470588,0.19645293315143247,0.9653465346534653,0.25910064239828695,0.76791809,3.1371834769107334,0.195071868,0.470225872,0.334702258,0.110429447,0.141104294,2.8515409662434377,0.15088577,0.30489335,0.06398996,0.24090339,2.9111847501339367,-0.196589418,9.549942016601562,0.05714286,0.34081633,,90.82499999999999,135.9135085574572,102.3094743276284,107.43863080684596,0.35700847,0.65418118,0.46120953,0.51383399,0.83355526,0.67284768,0.35064142,0.17043372,0.32131949,27,Corbin Burnes,19361,669203
2022,Dane Dunning,TEX,153.1,4.460869713190152,2.20967742,0.26421404682274247,1.4347826562892303,0.3129251700680272,0.74384236,4.449387568,0.176211453,0.533039647,0.290748898,0.053030303,0.151515151,4.028140345011275,0.09968603,0.20417288,0.0923994,0.11177347,4.167481051,0.011482145439251745,4.592385292053223,0.08893709,0.37960954,,52.6,81.92300745975655,97.46093443266588,91.97071063996856,0.31955583,0.6511879,0.44012564,0.65830116,0.87230514,0.77341659,0.36356498,0.17817896,0.27786499,27,Dane Dunning,19409,641540
2022,Shane Bieber,CLE,200,2.88,5.5,0.22841965471447542,1.04,0.28677839851024206,0.75757576,2.872431001663208,0.203636363,0.481818181,0.314545454,0.063583815,0.104046242,2.9829505360871553,0.13843478,0.25031606,0.04551201,0.20480405,3.212911959733241,0.007568998,10.190961371527777,0.07207207,0.42882883,,66.96131313131313,94.96193458594293,102.70636743215029,101.39488517745303,0.34798535,0.69037995,0.49530435,0.47894737,0.88173302,0.72050562,0.43026087,0.17530435,0.31373913,27,Shane Bieber,19427,669456
2022,Aaron Civale,CLE,97,4.917525773195877,4.45454545,0.24603174603174602,1.1855670103092784,0.29699248120300753,0.625,3.865008321250837,0.204301075,0.412186379,0.383512544,0.102803738,0.130841121,3.621704467885273,0.10390428,0.24078624,0.05405405,0.18673219,3.548650622009206,1.0525174519450395,9.861540004185267,0.075,0.4,,74.63857142857142,95.78955797565663,101.27495195387577,98.25361947469568,0.33679834,0.66613419,0.46662469,0.64506173,0.88009592,0.77732794,0.39420655,0.17254408,0.27644836,27,Aaron Civale,19479,650644
2022,Shohei Ohtani,LAA,166,2.3313253012048194,4.97727273,0.20195439739413681,1.0120481927710843,0.2887139107611549,0.83111702,2.4015876281692323,0.197969543,0.418781725,0.38324873,0.119205298,0.092715231,2.65180317,0.1494865,0.33181818,0.06666667,0.26515152,2.7331527533206605,-0.070262327,8.599148296,0.06329114,0.33164557,,110.21183844011144,128.81151353412122,98.0117804,107.17845977887914,0.32648871,0.68835616,0.48725751,0.48218029,0.81840796,0.69320843,0.44427539,0.1662229,0.3157094,27,Shohei Ohtani,19755,660271
2022,Zach Plesac,CLE,130.2,4.339286052103319,2.63157895,0.26053639846743293,1.3316327567301192,0.2903225806451613,0.68897638,4.459369882033903,0.21718377,0.398568019,0.38424821,0.080745341,0.118012422,4.393090341445071,0.10200279,0.17699115,0.06725664,0.10973451,4.458509986423792,-0.12008383,11.032132193268186,0.0971564,0.40995261,,60.219869706840406,80.51711753731345,100.46212686567164,96.38838619402989,0.36041009,0.73151308,0.5123428,0.70897155,0.86625194,0.80090909,0.40940848,0.13972986,0.24173265,27,Zach Plesac,19979,668676
2022,Tyler Wells,BAL,103.2,4.2540193969633195,2.71428571,0.22900763358778625,1.138263694,0.24584717607973422,0.72745902,4.520791164830204,0.168789808,0.366242038,0.464968152,0.157534246,0.109589041,4.599253542747775,0.11279563,0.17966903,0.06619385,0.11347518,4.529545219486421,-0.266771768,11.823558929710277,0.07886435,0.38801262,,123.22215743440235,119.46373559733179,104.09272286234079,107.00224378411157,0.34639831,0.7177305,0.50515464,0.68807339,0.83399209,0.77671068,0.42753184,0.15221346,0.2650091,27,Tyler Wells,20000,669330
2023,Pablo López,MIN,194,3.6649484536082473,4.875,0.23655913978494625,1.1546391752577319,0.31275720164609055,0.76228686,3.3323599471259366,0.184523809,0.452380952,0.363095238,0.103825136,0.13114754,3.283717529460327,0.14531044,0.29213483,0.05992509,0.23220974,3.367610397951726,0.33258850648231064,8.236006037272292,0.0627451,0.34509804,,99.57622243528286,98.90552797087055,107.16570671962926,108.76199933796754,0.37666089,0.69914927,0.51455026,0.57208589,0.82190265,0.71722365,0.42757937,0.15587847,0.3011889,27,Pablo Lopez,17085,641154
2023,Ranger Suárez,PHI,125,4.176000254882828,2.47916667,0.26326530612244897,1.4160000864257865,0.3240223463687151,0.74626866,3.903040399047854,0.207084468,0.485013623,0.307901907,0.03539823,0.115044247,4.0456703933242055,0.09387352,0.22037037,0.08888889,0.13148148,4.378073086558878,0.27295985583497373,7.495609969038019,0.0754717,0.36118598,,69.08364055,85.45957235206369,100.77782197911488,97.28528095474888,0.3232899,0.63899371,0.44735541,0.65743073,0.89370079,0.79005525,0.39298072,0.17835968,0.2722332,27,Ranger Suarez,17277,624133
2023,Michael Kopech,CHW,126.2,5.115789576395729,1.46067416,0.22832980972515857,1.5552631891203066,0.25396825396825395,0.79383886,6.444514107743791,0.164222873,0.35777126,0.478005865,0.098159509,0.171779141,5.698432534031836,0.10336027,0.22687609,0.15532286,0.07155323,5.441669715243711,-1.328724531,9.987983098940386,0.12827988,0.42565598,,116.05844245348037,108.09412015338734,90.93723902854708,93.83050703025138,0.27241379,0.66295884,0.42188165,0.6278481,0.83892617,0.75479314,0.38271605,0.15950659,0.26286687,27,Michael Kopech,17282,656629
2023,Justin Steele,CHC,173.1,3.063461628355221,4.88888889,0.24814264487369986,1.1711538805199808,0.3167701863354037,0.73004202,3.0185018910176655,0.21632653,0.493877551,0.289795918,0.084507042,0.098591549,3.3229785291497724,0.11558538,0.24581006,0.05027933,0.19553073,3.6052567474391406,0.044959737,6.346214130556384,0.05432596,0.36619718,,87.52324860508368,98.94133702531646,101.8196993670886,101.82943037974682,0.35248774,0.7296,0.52857677,0.5944334,0.88377193,0.78091873,0.46694061,0.14653244,0.26211782,27,Justin Steele,17312,657006
2023,Jack Flaherty,- - -,141.1,5.030660558400444,2.18181818,0.2808586762075134,1.5778302454617428,0.35175879396984927,0.72179732,4.394191343888732,0.25181598,0.428571428,0.31961259,0.068181818,0.128787878,4.374680245,0.10768631,0.22677165,0.10393701,0.12283465,4.581173998,0.6364692145117123,7.709884874748461,0.0746988,0.38554217,,97.95890151515152,94.84649906833211,99.23843093,100.1528468162969,0.28831169,0.66242661,0.43754879,0.61711712,0.84342688,0.75379126,0.3989071,0.17440499,0.2820913,27,Jack Flaherty,17479,656427
2023,Mitch Keller,PIT,194.1,4.214408343579362,3.81818182,0.24670184696569922,1.2452830514605684,0.30975143403441685,0.71689498,3.8004949192277326,0.223853211,0.436697247,0.339449541,0.075675675,0.135135135,3.702056191852536,0.09673286,0.25454545,0.06666667,0.18787879,3.825125363180547,0.41391342435162937,8.718150882,0.08576642,0.35583942,,100.16196319018405,103.75253367543293,102.6384541372675,102.92588197562539,0.31073113,0.67463106,0.47675537,0.69639469,0.85208333,0.79690652,0.45623597,0.18577835,0.28251121,27,Mitch Keller,17594,656605
2023,Dylan Cease,CHW,177,4.576271186440678,2.70886076,0.2471264367816092,1.4180790960451977,0.3304535637149028,0.6940874,3.723966913169386,0.248953974,0.359832635,0.391213389,0.085561497,0.101604278,4.075248144743806,0.1360711,0.27295918,0.10076531,0.17219388,4.099556928388007,0.852304273,11.048646406693893,0.06224066,0.41493776,,124.69865056818183,114.5563190184049,96.73260736196325,103.62723926380365,0.31597052,0.70415648,0.46198651,0.52877138,0.83680556,0.70537492,0.3761496,0.15507202,0.29114312,27,Dylan Cease,18525,656302
2023,Freddy Peralta,MIL,165.2,3.857143093985243,3.88888889,0.21129032258064517,1.1167002697766353,0.2734375,0.7373868,3.8465896915949642,0.182716049,0.41728395,0.4,0.11728395,0.160493827,3.4231066724723918,0.14406481,0.30882353,0.07941176,0.22941177,3.448791279920923,0.010553402390279132,8.767691710039573,0.08536585,0.37317073,,117.05650378527186,102.9400493131384,101.63473053892214,104.89823881648466,0.32130178,0.7075718,0.47763297,0.53959484,0.80442804,0.69837758,0.40471997,0.15040507,0.29446988,27,Freddy Peralta,18679,642547
2023,Sandy Alcantara,MIA,184.2,4.142599506177083,3.14583333,0.24823695345557123,1.2129964567106752,0.2873134328358209,0.6962664,4.029408633,0.172101449,0.519927536,0.307971014,0.070588235,0.129411764,4.0027107878935535,0.12289068,0.19816273,0.06299213,0.1351706,4.236576988365304,0.11319087297632269,7.987482627644646,0.06989247,0.40143369,,110.80017271157166,112.99532100108809,105.444251,107.63249909321725,0.38002681,0.72986168,0.53803749,0.65608466,0.84392419,0.77117486,0.45167218,0.14746882,0.2703595,27,Sandy Alcantara,18684,645261
2023,Zac Gallen,ARI,210,3.4714285714285715,4.68085106,0.2367758186397985,1.119047619047619,0.3007246376811594,0.73135755,3.264564169,0.23076923,0.417832167,0.351398601,0.074626865,0.109452736,3.485153228754089,0.11223862,0.26004728,0.05555556,0.20449173,3.6684335189806765,0.20686440240769155,9.946640110374844,0.09233449,0.45993031,,104.37070263488081,105.81761658031088,104.40579091740327,107.48287107589152,0.3290938,0.66642175,0.47044335,0.57971014,0.88533627,0.76112565,0.41902709,0.17312423,0.28536285,27,Zac Gallen,19291,668678
2023,Dean Kremer,BAL,172.2,4.117760860355384,2.85454545,0.25333333333333335,1.3088803859920066,0.29327902240325865,0.75569358,4.511797190294705,0.230620155,0.393410852,0.375968992,0.06185567,0.139175257,4.336605521284172,0.10160245,0.21360544,0.07482993,0.13877551,4.441292094342474,-0.39403633,9.812243246944188,0.08880309,0.4015444,,105.96411439114391,99.07091034,101.84226557152633,100.30578370978782,0.30468287,0.70678514,0.47487179,0.65953307,0.85942857,0.78545716,0.42324786,0.15922264,0.26082509,27,Dean Kremer,19350,665152
2023,Griffin Canning,LAA,120,4.2,3.79411765,0.24248927038626608,1.225,0.29337539432176657,0.76612903,4.246707026163737,0.182089552,0.43283582,0.385074626,0.085271317,0.155038759,3.8573934949934485,0.12682216,0.25544554,0.06732673,0.18811881,3.8606559078716454,-0.046707026,9.096699219,0.09495549,0.42433234,,76.86192592592593,95.67826972010177,101.73078880407125,101.27699745547075,0.32863436,0.68590455,0.4867387,0.5308311,0.86084142,0.73662967,0.44253438,0.16763848,0.29446064,27,Griffin Canning,19867,656288
2023,Tanner Houck,BOS,106,5.009433962264151,2.41463415,0.25,1.3679245283018868,0.297029703,0.68493151,4.434285642515939,0.193650793,0.53015873,0.276190476,0.057471264,0.16091954,4.074300761324055,0.12858783,0.21382289,0.08855292,0.12526998,4.3304799291700125,0.5751483197482115,5.071462289446351,0.06624606,0.4384858,,94.69884393063583,101.31445922498554,100.2496240601504,100.00838635049162,0.32114625,0.68363136,0.47268545,0.55076923,0.84305835,0.72749392,0.41805635,0.16073479,0.28932262,27,Tanner Houck,19879,656557
2023,Clarke Schmidt,NYY,158.1,4.661052781309518,3.2173913,0.26614173228346455,1.35789478,0.31317494600431967,0.7016632,4.436093029015878,0.18556701,0.437113402,0.377319587,0.12568306,0.13114754,4.376493265,0.1012939,0.21387283,0.06647399,0.14739884,4.308820966712994,0.22495975229363996,,0.07597536,0.41067762,,,101.52552954292085,101.74496469713864,103.60535117056857,0.32387863,0.65374895,0.46873844,0.62118126,0.88659794,0.78374112,0.43914169,0.18225508,0.28354898,27,Clarke Schmidt,19899,657376
2023,David Peterson,NYM,103,5.242718446601942,2.55319149,0.2818627450980392,1.5728155339805825,0.3639705882352941,0.73305671,4.458923854642702,0.197183098,0.542253521,0.26056338,0.04054054,0.216216216,3.6273513283544374,0.12324324,0.26086957,0.10217391,0.15869565,4.007088498897296,0.7837945919592402,8.242024421691895,0.08333333,0.4375,,75.77089844,89.475,96.71860086767896,94.28909978308022,0.31972198,0.66954023,0.45154304,0.58152174,0.84120172,0.72661871,0.37682729,0.16216216,0.28540541,27,David Peterson,20302,656849
2023,Kutter Crawford,BOS,107.2,4.513931995165845,3.65625,0.23471882640586797,1.1888545172453255,0.2949640287769784,0.68783069,3.8030279885398377,0.168384879,0.340206185,0.491408934,0.111888111,0.097902097,4.3085633021668635,0.12338755,0.26233184,0.07174888,0.19058296,3.9673774975786045,0.7109040066260075,10.954598335597826,0.08561644,0.3630137,,107.02840579710146,104.70260303687635,101.55992407809109,103.26182212581341,0.34761441,0.74172185,0.51459035,0.64145658,0.83571429,0.76008724,0.42368126,0.14077398,0.26416153,27,Kutter Crawford,20531,676710
2023,Bailey Ober,MIN,144.1,3.4295613217804912,5.03448276,0.23105360443622922,1.0669746334428196,0.2761394101876676,0.79109063,3.961737843985172,0.161125319,0.342710997,0.496163682,0.097938144,0.113402061,4.2025016418436785,0.13837559,0.25303293,0.05025997,0.20277296,3.865148882264611,-0.532176522,9.371482353892286,0.09620253,0.35443038,,73.44882408278458,82.92725709372314,105.43654342218403,100.69763542562337,0.3778264,0.75,0.53072626,0.63513514,0.81450488,0.73927126,0.41082939,0.13708638,0.27546197,27,Bailey Ober,21224,641927
2023,Tylor Megill,NYM,126.1,4.7018471549986645,1.81034483,0.2803180914512923,1.5751979526005628,0.3236842105263158,0.71746385,4.964802961314767,0.210659898,0.439086294,0.350253807,0.057971014,0.130434782,4.918596168254845,0.09432275,0.18518519,0.10229277,0.08289242,5.065721369940445,-0.262955806,8.742865995230924,0.09045226,0.42462312,,86.31518072289157,89.93810375670843,96.55187835420398,94.56815742397134,0.26203209,0.70734341,0.44653244,0.64139942,0.86564885,0.78857715,0.41431767,0.15377738,0.24810013,27,Tylor Megill,21318,656731
2023,Joe Ryan,MIN,161.2,4.509278634252088,5.79411765,0.24525316455696203,1.1690722385098007,0.3052109181141439,0.74567244,4.133390930229302,0.185614849,0.315545243,0.498839907,0.079069767,0.148837209,3.7589824145010247,0.13780261,0.29315476,0.05059524,0.24255952,3.4384034437453233,0.3758877040227864,8.159395350384994,0.08735632,0.41609195,,102.06992136304063,99.19885439763488,106.57368810051736,104.85325203252034,0.374829,0.75757576,0.5490123,0.66788321,0.79675676,0.74881195,0.45508759,0.13780261,0.27560521,27,Joe Ryan,21390,657746
2023,JP Sears,OAK,172.1,4.543520443575668,3.03773585,0.24774774774774774,1.2649903661551667,0.2781316348195329,0.77253219,5.152525909,0.184368737,0.290581162,0.5250501,0.083969465,0.129770992,5.1013353435918845,0.11258278,0.21904762,0.07210884,0.14693878,4.615767499916746,-0.609005465,8.297827097468685,0.11089109,0.38217822,,93.49603340292276,92.95113438045371,100.97787085514837,99.84502617801044,0.33995037,0.72669323,0.50924311,0.68430657,0.83552632,0.77876712,0.4377398,0.14290694,0.25548972,27,JP Sears,23429,676664
2017,Julio Teheran,ATL,188.1,4.4920358834904635,2.09722222,0.25375170532060026,1.3699116524119854,0.2813067150635209,0.73104693,4.952330153575305,0.201754385,0.4,0.398245614,0.092511013,0.136563876,4.956519693141819,0.09401431,0.18596059,0.08866995,0.09729064,4.892251102588703,-0.46029427,8.360320421095667,0.06357388,0.3024055,,,,,,0.30634828,0.66764923,0.46584255,0.69201521,0.8598234,0.79818436,0.44144437,0.1834743,0.27748861,26,Julio Teheran,6797,527054
2017,Martín Pérez,TEX,185,4.816216216216216,1.82539683,0.29784366576819404,1.5351351351351352,0.32781456953642385,0.70597362,4.649531586105759,0.248387096,0.472580645,0.279032258,0.075144508,0.132947976,4.696739638657183,0.07297385,0.14180025,0.07768187,0.06411837,5.040310627001191,0.1666846301104572,9.048959011501736,0.05103668,0.32535885,,,,,,0.32066381,0.64117168,0.44785276,0.74624374,0.90609137,0.8370584,0.39683565,0.16661285,0.2395867,26,Martin Perez,6902,527048
2017,Jerad Eickhoff,PHI,128,4.710936938412554,2.22641509,0.27413127413127414,1.5234373183921195,0.328125,0.70945946,4.2982645582407875,0.222506393,0.375959079,0.401534526,0.076433121,0.101910828,4.855081592944858,0.08813877,0.20486111,0.09201389,0.11284722,4.718568149949663,0.41267238017176666,11.086596341030896,0.055,0.3425,,,,,,0.25945471,0.65160643,0.44256915,0.64067797,0.87365177,0.80084746,0.46694796,0.17721519,0.26535396,26,Jerad Eickhoff,12664,595191
2017,Trevor Bauer,CLE,175.2,4.2011387632041375,3.25,0.2643171806167401,1.3662239880338658,0.3362255965292842,0.76666667,3.8976776877322115,0.214137214,0.465696465,0.32016632,0.103896103,0.162337662,3.6069917318567883,0.09111182,0.2613941,0.08042895,0.18096515,3.807962286,0.303461075,10.24361767536356,0.06584362,0.38888889,,,,,,0.25114416,0.63048167,0.4192418,0.58314351,0.88255416,0.78267477,0.44313476,0.19114368,0.2822555,26,Trevor Bauer,12703,545333
2017,Nick Martinez,TEX,99.2,5.688964226834341,2.5,0.2676767676767677,1.3043480590625474,0.26517571884984026,0.66132265,5.736235472514442,0.210843373,0.412650602,0.376506024,0.144,0.184,4.96717969,0.06550218,0.14218009,0.05687204,0.08530806,5.0409793908639156,-0.047271246,10.318409721511866,0.07142857,0.31547619,,,,,,0.31121281,0.62688615,0.4547723,0.76470588,0.91028446,0.85596708,0.4547723,0.17155334,0.23705552,26,Nick Martinez,12730,607259
2017,Rafael Montero,NYM,95.2,5.080139102729021,1.85416667,0.2894736842105263,1.651567856442768,0.35815602836879434,0.71808511,4.182029883653052,0.195729537,0.480427046,0.323843416,0.142857142,0.098901098,4.651068603033429,0.10291595,0.20554273,0.1108545,0.09468822,4.8111821502424394,0.8981092190759687,9.317692333,0.02405498,0.23367698,,,,,,0.32289628,0.63636364,0.45308924,0.67575758,0.84199134,0.77272727,0.41533181,0.16638079,0.26929674,26,Rafael Montero,12760,606160
2017,Mike Clevinger,CLE,114,2.8421052631578947,2.33333333,0.20588235294117646,1.2105263157894737,0.2693726937269373,0.80414013,3.7014993433366743,0.235714285,0.396428571,0.367857142,0.097087378,0.106796116,4.054280473108878,0.12435766,0.27096774,0.11612903,0.15483871,4.241232192806225,-0.85939408,9.345466754,0.05673759,0.33333333,,,,,,0.27811683,0.63579474,0.42497431,0.55172414,0.80511811,0.70737606,0.41058582,0.17625899,0.30061665,26,Mike Clevinger,12808,605182
2017,Gerrit Cole,PIT,203,4.256157635,3.56363636,0.2518987341772152,1.251231527093596,0.2984014209591474,0.74557316,4.083748068598104,0.20552677,0.457685664,0.336787564,0.117948717,0.158974358,3.807231951846278,0.094906,0.23085984,0.0647821,0.16607774,3.9747431820936234,0.1724095668698764,9.271172989,0.07407407,0.33501684,,,,,,0.27906977,0.66412698,0.46312595,0.66458333,0.85468451,0.7948886,0.47799697,0.18496058,0.27986659,26,Gerrit Cole,13125,543037
2017,Marcus Stroman,TOR,201,3.0895520042645654,2.64516129,0.26240208877284593,1.3084576121120464,0.3098106712564544,0.78046745,3.8989331702773464,0.181969949,0.621035058,0.196994991,0.042372881,0.177966101,3.584998583555259,0.09990455,0.19664269,0.07434053,0.12230216,3.845507702546318,-0.809381166,7.655144279233871,0.04817276,0.3820598,,,,,,0.28587635,0.64996369,0.4455414,0.57142857,0.89050279,0.77555397,0.43853503,0.18262806,0.28253261,26,Marcus Stroman,13431,573186
2017,Alex Wood,LAD,147,2.8163262382739593,3.97297297,0.22282608695652173,1.0884352611686798,0.27692307692307694,0.8,3.3617213056829947,0.205513784,0.523809523,0.270676691,0.083333333,0.138888888,3.342068792681366,0.1169777,0.24705882,0.06218487,0.18487395,3.594574097,-0.545395067,,0.04197531,0.27901235,,,,,,0.36248013,0.63365282,0.47837961,0.61403509,0.86386555,0.75547098,0.427401,0.18843878,0.30541648,26,Alex Wood,13781,622072
2017,Kevin Gausman,BAL,186.2,4.676785587,2.52112676,0.2810810810810811,1.4946428164170724,0.33646616541353386,0.76006574,4.480853943873425,0.220825852,0.427289048,0.351885098,0.096938775,0.147959183,4.328957704789147,0.10902592,0.21936275,0.0870098,0.13235294,4.413476436129248,0.19593164297999444,9.869192502038677,0.07130125,0.33511586,,,,,,0.29983966,0.66734007,0.4624553,0.62745098,0.84157417,0.76417526,0.44249106,0.16621984,0.27524576,26,Kevin Gausman,14107,592332
2017,Ty Blach,SFG,149.2,4.810690259676375,2,0.2809364548494983,1.3563473926587555,0.29549902152641877,0.6640625,4.400401344630264,0.212475633,0.471734892,0.315789473,0.067901234,0.104938271,4.849176076149713,0.06406926,0.11058452,0.05529226,0.05529226,5.224561380519465,0.4102889150461104,8.123495612,0.04356061,0.33522727,,,,,,0.25315391,0.66636931,0.45367965,0.7641196,0.89692102,0.85877863,0.48528139,0.18181818,0.24588745,26,Ty Blach,14361,621389
2017,Matthew Boyd,DET,133.2,5.251870723876247,2.11764706,0.28623853211009176,1.5486285467840215,0.32935560859188545,0.68722944,4.504273213156495,0.224299065,0.378504672,0.397196261,0.158823529,0.105882352,5.015972036326342,0.09931212,0.1803005,0.0851419,0.0951586,4.934029177818255,0.7475975107197526,9.432336614225987,0.05949657,0.29519451,,,,,,0.30855316,0.69023256,0.48495271,0.70984456,0.83962264,0.79521277,0.46216681,0.15176268,0.25107481,26,Matthew Boyd,15440,571510
2017,Kendall Graveman,OAK,105.1,4.186709063,2.1875,0.27941176470588236,1.386076016296967,0.3128834355828221,0.75075075,4.334854940931839,0.19047619,0.511904761,0.297619047,0.05,0.12,4.54258245,0.0680597,0.15765766,0.07207207,0.08558559,4.735932557824474,-0.148145878,8.962675450211865,0.0591716,0.39349112,,,,,,0.26934985,0.63597734,0.4238806,0.7164751,0.91091314,0.83943662,0.42149254,0.19223881,0.26029851,26,Kendall Graveman,15514,608665
2018,Tyler Skaggs,LAA,125.1,4.021277248508738,3.225,0.26024590163934425,1.3324470248034903,0.32753623188405795,0.73490814,3.6311763330410503,0.214084507,0.442253521,0.343661971,0.098360655,0.114754098,3.7867378633766795,0.10987996,0.24202627,0.0750469,0.16697936,3.8561918478858668,0.3901009154676873,10.392897022825535,0.05013928,0.38440111,,,,,,0.3232,0.66593886,0.46814404,0.66831683,0.8295082,0.765286,0.42289935,0.17128347,0.28116343,26,Tyler Skaggs,10190,572140
2018,Mike Foltynewicz,ATL,183,2.8524587785515476,2.97058824,0.19402985074626866,1.0819671228988628,0.25055432372505543,0.77136515,3.3735463121037106,0.185344827,0.431034482,0.383620689,0.123595505,0.095505617,3.7723850081657195,0.10325551,0.27150538,0.09139785,0.18010753,3.770413617396911,-0.521087534,9.544139984105824,0.05769231,0.34401709,,,,,,0.26750449,0.63722628,0.43406774,0.60402685,0.84306987,0.76212121,0.4505097,0.1903979,0.2936534,26,Mike Foltynewicz,10811,592314
2018,Vince Velasquez,PHI,145.2,4.881006694557777,2.75862069,0.24508050089445438,1.338672722136099,0.31592689295039167,0.66445183,3.7508205711787594,0.213541666,0.377604166,0.408854166,0.114649681,0.101910828,4.103018983,0.11423909,0.256,0.0928,0.1632,3.9890461061368105,1.1301861233790174,9.912298528997749,0.04511278,0.3433584,,,,,,0.28657617,0.66755556,0.46144431,0.61578947,0.82157124,0.75243148,0.45899633,0.1754386,0.28967768,26,Vince Velasquez,11189,592826
2018,Robbie Ray,ARI,123.2,3.9299199456309903,2.35714286,0.21507760532150777,1.3504045903711428,0.29213483146067415,0.80467675,4.308679790342226,0.22261484,0.392226148,0.38515901,0.119266055,0.174311926,3.7671113153191698,0.12855269,0.31368821,0.13307985,0.18060837,3.8870229960281253,-0.378759845,10.036758447662601,0.07342657,0.41608392,,,,,,0.29778096,0.62808989,0.42632269,0.50240385,0.84436494,0.69846154,0.3891561,0.18714473,0.31569742,26,Robbie Ray,11486,592662
2018,José Ureña,MIA,174,3.9827586206896552,2.54901961,0.23882896764252695,1.1839080459770115,0.272,0.73145246,4.171925829,0.181640625,0.49609375,0.322265625,0.096969696,0.115151515,4.31857233,0.08897695,0.18258427,0.07162921,0.11095506,4.388767669977227,-0.189167208,9.303222656,0.0539499,0.3583815,,,,,,0.31686747,0.69982079,0.47082133,0.7338403,0.86299616,0.8110176,0.40201729,0.14949568,0.23847262,26,Jose Urena,11589,570632
2018,Jameson Taillon,PIT,191,3.204188225696166,3.89130435,0.24420190995907232,1.1780103770941788,0.29775280898876405,0.79802956,3.4640964729816455,0.222836095,0.462246777,0.314917127,0.093567251,0.116959064,3.581511027885875,0.10743243,0.22802548,0.05859873,0.16942675,3.7649661745418586,-0.259908247,9.024557976973684,0.0433213,0.31768953,,,,,,0.33517835,0.67316342,0.4875,0.65321101,0.85634744,0.77962578,0.45067568,0.17128378,0.27871622,26,Jameson Taillon,11674,592791
2018,Carlos Martinez,STL,100.1,3.4086380465504615,2,0.23116883116883116,1.3754153521168528,0.2978723404255319,0.73239437,3.6488036935557684,0.189285714,0.496428571,0.314285714,0.147727272,0.056818181,4.449555846784561,0.10089021,0.22022472,0.11011236,0.11011236,4.4722052656055284,-0.240165647,7.482735320060484,0.03832753,0.31010453,,,,,,0.31677704,0.64569961,0.46884273,0.64111498,0.8667992,0.78481013,0.46231454,0.16735905,0.26824926,26,Carlos Martinez,11682,593372
2018,Michael Wacha,STL,84.1,3.2015803518464927,1.97222222,0.21451104100946372,1.2332013207112416,0.2489451476793249,0.74946467,4.215767321383805,0.294605809,0.431535269,0.273858921,0.075757575,0.136363636,4.120983900393686,0.09725159,0.2,0.10140845,0.09859155,4.600237214314884,-1.01418697,10.54576904296875,0.05691057,0.36585366,,,,,,0.27730061,0.68708609,0.45172657,0.67256637,0.84578313,0.78471139,0.42565187,0.15715292,0.25440451,26,Michael Wacha,14078,608379
2018,Dereck Rodríguez,SFG,112,2.892857142857143,2.48484848,0.22248803827751196,1.125,0.25688073394495414,0.7807309,3.812217290060861,0.231707317,0.396341463,0.371951219,0.114754098,0.073770491,4.566655164797392,0.08447489,0.1790393,0.0720524,0.1069869,4.623940103740768,-0.919360147,9.276372612847222,0.03571429,0.35416667,,,,,,0.30486594,0.65369128,0.45319635,0.71335505,0.87679671,0.81360202,0.42522831,0.18150685,0.26598174,26,Dereck Rodriguez,14509,605446
2018,Dylan Covey,CHW,109.2,5.498480370668924,1.75,0.2686230248306998,1.5227963878967004,0.30835734870317005,0.5978975,4.418790267570024,0.201133144,0.54957507,0.249291784,0.068181818,0.136363636,4.321606027940547,0.071927,0.1703854,0.09736308,0.07302231,4.623651765757562,1.0796901030988995,8.525027275,0.05013928,0.37325905,,,,,,0.26008065,0.65247411,0.44331005,0.68217054,0.90828924,0.83757576,0.46695325,0.1798175,0.2517445,26,Dylan Covey,14825,592229
2018,Jon Gray,COL,172.1,5.117988545636958,3.51923077,0.26277372262773724,1.3462282795779754,0.32210526315789473,0.67932068,4.083062164,0.221995926,0.474541751,0.303462321,0.10738255,0.181208053,3.4743038265457575,0.12357143,0.24629879,0.06998654,0.17631225,3.675197323971063,1.0349263817027685,7.733614902978339,0.05378486,0.37848606,,,,,,0.28122956,0.65984252,0.45301894,0.48604651,0.85083532,0.72712934,0.45373348,0.18071429,0.30428571,26,Jon Gray,14916,592351
2018,Marco Gonzales,SEA,166.2,3.9960002438964994,4.53125,0.2654320987654321,1.2240000747070359,0.31893004115226337,0.71965628,3.430431592,0.250501002,0.448897795,0.300601202,0.113333333,0.113333333,3.590885190354854,0.09321373,0.21137026,0.04664723,0.16472303,3.808073400691683,0.5655686516418594,8.154385653409092,0.04970179,0.3499006,,,,,,0.35909713,0.64519056,0.48205928,0.73904762,0.85654008,0.8066343,0.42979719,0.19383775,0.28705148,26,Marco Gonzales,15467,594835
2018,Sean Manaea,OAK,160.2,3.585061786691273,3.375,0.2296416938110749,1.0767633491277608,0.24742268041237114,0.75197889,4.262091187310486,0.210633946,0.439672801,0.349693251,0.093567251,0.122807017,4.320760361074081,0.09742725,0.16513761,0.04892966,0.11620795,4.458792555405681,-0.677029401,,0.07114625,0.38932806,,,,,,0.33956133,0.69035088,0.50822438,0.64593301,0.89453621,0.80829876,0.48080978,0.16448756,0.2619148,26,Sean Manaea,15873,640455
2018,Trevor Williams,PIT,170.2,3.111328032275199,2.29090909,0.22741433021806853,1.1777343399007816,0.26147704590818366,0.76630435,3.8635565548203896,0.217131474,0.408366533,0.374501992,0.090425531,0.079787234,4.540335666172271,0.07895703,0.17974322,0.07845934,0.10128388,4.681543789,-0.752228523,8.194715130933261,0.05620155,0.30620155,,,,,,0.31578947,0.67102967,0.46529563,0.71285141,0.90637191,0.83030781,0.42085935,0.16489166,0.2438487,26,Trevor Williams,16977,592866
2019,Aaron Sanchez,- - -,131.1,5.893401072288175,1.69117647,0.27566539923954375,1.6218274268700017,0.319693095,0.67346939,5.2470044192492775,0.227383863,0.469437652,0.303178484,0.104838709,0.161290322,5.145442459094904,0.08893709,0.19008264,0.11239669,0.07768595,5.282884238429266,0.6463966530388978,8.12927508,0.06569343,0.42092457,,,,,,0.27647059,0.68432203,0.44357639,0.67553191,0.87151703,0.79941292,0.40972222,0.17006508,0.25900217,26,Aaron Sanchez,11490,592717
2019,Noah Syndergaard,NYM,197.2,4.279932436245217,4.04,0.25227568270481143,1.2344013173094952,0.31307550644567217,0.68853974,3.5984951319191625,0.198214285,0.480357142,0.321428571,0.116666666,0.133333333,3.831498795830453,0.12504039,0.24484848,0.06060606,0.18424242,4.018237461,0.6814373043260549,8.716096250689846,0.04585538,0.31216931,,,,,,0.33467975,0.7192336,0.50355987,0.6362069,0.81967213,0.75128535,0.43915858,0.16833603,0.29337641,26,Noah Syndergaard,11762,592789
2019,Adrian Houser,MIL,80.2,4.574380742144718,3.23076923,0.2626582278481013,1.3512398398205263,0.32272727272727275,0.73045267,4.218141833739775,0.228070175,0.517543859,0.254385964,0.068965517,0.206896551,3.7145129415510545,0.08945455,0.24207493,0.07492795,0.16714697,4.076768022814008,0.35623890840494266,8.385874573613556,0.05172414,0.35775862,,,,,,0.27487562,0.67600701,0.44145455,0.69230769,0.85751295,0.79736409,0.41527273,0.184,0.27345455,26,Adrian Houser,12718,605288
2019,Dylan Bundy,BAL,161.2,4.787628263477033,2.79310345,0.2531446540880503,1.3546390047822612,0.2966292134831461,0.70498915,4.729473202519213,0.208510638,0.414893617,0.376595744,0.11299435,0.163841807,4.575387290605456,0.12850972,0.23142857,0.08285714,0.14857143,4.540733159865686,0.058155060957819416,10.8732334,0.05274262,0.3185654,,,,,,0.35652709,0.67417678,0.48848092,0.57340242,0.85861183,0.73691968,0.41540677,0.16054716,0.28905688,26,Dylan Bundy,12917,605164
2019,Joe Musgrove,PIT,168.1,4.491089244611056,4,0.25301204819277107,1.2297030074530273,0.30184804928131415,0.6323687,3.837771870792877,0.201596806,0.441117764,0.357285429,0.07821229,0.117318435,4.331244278988285,0.12066997,0.21910112,0.05477528,0.16432584,4.320832592555587,0.6533173738181794,7.441113776967005,0.06299213,0.38582677,,,,,,0.35729239,0.70553691,0.51542857,0.59570313,0.86920333,0.76570584,0.45409524,0.16025885,0.28092882,26,Joe Musgrove,12970,605397
2019,Eduardo Rodriguez,BOS,203.1,3.806557186611629,2.84,0.25096525096525096,1.3278687860273124,0.31666666666666665,0.77649959,3.8631897710991385,0.190305206,0.484739676,0.324955116,0.071823204,0.132596685,4.099482864032772,0.11731044,0.24796275,0.08731083,0.16065192,4.309605271665333,-0.056632584,10.921717769110044,0.05851064,0.29432624,,,,,,0.33922101,0.67832168,0.46409156,0.65153538,0.82932417,0.74722565,0.36824034,0.16165951,0.27896996,26,Eduardo Rodriguez,13164,593958
2019,Zach Davies,MIL,159.2,3.551148112346096,2,0.25040387722132473,1.2901878503409097,0.2716297786720322,0.75,4.560564756403617,0.235528942,0.401197604,0.363273453,0.065934065,0.109890109,5.199617787291495,0.07201493,0.15178571,0.07589286,0.07589286,5.425164572400699,-1.009416644,,0.0696325,0.33268859,,,,,,0.2978236,0.68522484,0.43283582,0.75961538,0.89375,0.83362069,0.34850746,0.17313433,0.24514925,26,Zach Davies,13183,605200
2019,Daniel Norris,DET,136,4.5,3.45714286,0.2682926829268293,1.3088235294117647,0.31025641025641026,0.73412698,4.3978330051197725,0.216216216,0.425061425,0.358722358,0.075342465,0.150684931,4.430362848981338,0.10554804,0.21153846,0.06118881,0.15034965,4.495899601097846,0.10216699488022751,9.468602860552116,0.07524272,0.42961165,,,,,,0.31881676,0.663,0.47406405,0.58247423,0.89140271,0.7773549,0.45105999,0.17456022,0.28010825,26,Daniel Norris,13475,596057
2019,Blake Snell,TBR,107,4.289719932037063,3.675,0.24,1.2710281280109819,0.34309623430962344,0.71550256,3.316813221355955,0.247011952,0.390438247,0.3625498,0.142857142,0.153846153,3.3076331763812505,0.17715494,0.33333333,0.09070295,0.24263039,3.562520710278757,0.9729067106811082,11.292653557508206,0.0513834,0.3201581,,,,,,0.36948854,0.667107,0.48863035,0.44391408,0.7980198,0.63744589,0.40031729,0.15177155,0.32892649,26,Blake Snell,13543,605483
2019,Jakob Junis,KCR,175.1,5.2357415967510965,2.82758621,0.27350427350427353,1.4258555546707778,0.3175542406311637,0.703125,4.822374541376646,0.229477611,0.423507462,0.347014925,0.064516129,0.166666666,4.634117657835458,0.09842789,0.21271077,0.07522698,0.13748379,4.634436914438375,0.41336705537445084,8.012620383,0.08364312,0.41078067,,,,,,0.3042204,0.65983607,0.45249487,0.61657033,0.88944099,0.78247734,0.41695147,0.17908407,0.27751196,26,Jakob Junis,13619,596001
2019,Frankie Montas,OAK,96,2.625,4.47826087,0.22888283378746593,1.1145833333333333,0.296875,0.76152305,2.9952594757080084,0.220532319,0.494296577,0.285171102,0.133333333,0.106666666,3.4659932376506433,0.11515152,0.26142132,0.05837563,0.20304569,3.758751225939769,-0.370259476,10.40392188202563,0.03787879,0.34848485,,,,,,0.35081585,0.68421053,0.49158249,0.64784053,0.84848485,0.76575342,0.42222222,0.15690236,0.27205387,26,Frankie Montas,14309,593423
2019,Jorge López,KCR,86.1,6.567567954490865,2.29032258,0.28405797101449276,1.4942085822386624,0.30434782608695654,0.65693431,6.156094591123669,0.208029197,0.445255474,0.346715328,0.021052631,0.221052631,5.182826874929794,0.08344828,0.18393782,0.08031088,0.10362694,5.011630092416797,0.41147336336719675,8.362388164153982,0.11313869,0.42335766,,,,,,0.27876631,0.63920923,0.42965517,0.67234043,0.88659794,0.80577849,0.41862069,0.18551724,0.26896552,26,Jorge Lopez,14527,605347
2019,Luis Castillo,CIN,190.2,3.3986010359542913,2.86075949,0.2,1.1433565213549932,0.26174496644295303,0.76725026,3.696526906738555,0.180434782,0.552173913,0.267391304,0.089430894,0.178861788,3.4797733816866856,0.15927802,0.2893726,0.10115237,0.18822023,3.9457201536112185,-0.297925871,6.7372457292810095,0.04690832,0.32835821,,,,,,0.3366435,0.69493007,0.46643445,0.5,0.79371069,0.65852003,0.36225459,0.14186194,0.30113996,26,Luis Castillo,15689,622491
2019,Aaron Nola,PHI,202.1,3.869851535257831,2.8625,0.23127463863337713,1.2652388161251658,0.29504950495049503,0.76788831,4.034437771,0.207619047,0.497142857,0.295238095,0.058064516,0.174193548,3.823532896642238,0.10984394,0.26877934,0.09389671,0.17488263,4.138366125923184,-0.164586235,7.471751688294492,0.06390977,0.39473684,,,,,,0.3349975,0.60421369,0.44237695,0.62593145,0.85678705,0.75169607,0.39885954,0.20558223,0.31542617,26,Aaron Nola,16149,605400
2019,Brandon Woodruff,MIL,121.2,3.6246571554254867,4.76666667,0.23799126637554585,1.1424656340229993,0.3201320132013201,0.74685535,3.0085300451283317,0.233974358,0.44551282,0.32051282,0.05,0.12,3.3613019660291292,0.11571501,0.29006085,0.06085193,0.22920893,3.5956854827764566,0.6161271102971551,8.847000263168757,0.03492063,0.3015873,,,,,,0.33904418,0.72758621,0.50985346,0.63031915,0.85781991,0.77304262,0.43961597,0.15816069,0.27387569,26,Brandon Woodruff,16162,605540
2019,Spencer Turnbull,DET,148.1,4.6112356388230475,2.47457627,0.26506024096385544,1.4359549577036683,0.332541568,0.68290353,3.9892903214165614,0.194895591,0.482598607,0.3225058,0.050359712,0.100719424,4.626366351377198,0.10672679,0.22256098,0.08993902,0.13262195,4.620297607965842,0.6219453174064862,6.595802339,0.05977011,0.40689655,,,,,,0.31101377,0.70499529,0.46822114,0.62173038,0.87165775,0.77188755,0.39902219,0.14355505,0.25028185,26,Spencer Turnbull,16207,605513
2019,Kyle Freeland,COL,104.1,6.728433848768352,2.02564103,0.2916666666666667,1.5814694943686298,0.3079268292682927,0.62121212,5.993561920355903,0.205714285,0.465714285,0.328571428,0.078260869,0.217391304,5.071121209252146,0.09550562,0.16701903,0.08245243,0.0845666,5.185902716240007,0.7348719284124492,7.545390253481657,0.08215297,0.39943343,,,,,,0.33457249,0.69886364,0.47865169,0.67777778,0.8902439,0.80046948,0.39550562,0.15561798,0.2511236,26,Kyle Freeland,16256,607536
2019,John Means,BAL,147.1,3.726244086615509,3.08571429,0.23498233215547704,1.1402714144834345,0.2545871559633027,0.74362606,4.483240157305641,0.190687361,0.305986696,0.503325942,0.114537444,0.096916299,5.606880816399225,0.09304175,0.1785124,0.05785124,0.12066116,5.1869503118898646,-0.756996071,11.448025512695313,0.05895197,0.29912664,,,,,,0.32576249,0.71663244,0.47713718,0.74900398,0.84527221,0.805,0.38727634,0.14552684,0.23856859,26,John Means,16269,607644
2019,Tyler Beede,SFG,112.2,5.032544151507309,2.65,0.26548672566371684,1.420118279084955,0.30246913580246915,0.73025335,5.069038978,0.222222222,0.441520467,0.336257309,0.034782608,0.191304347,4.560979915710167,0.11145997,0.21327968,0.0804829,0.13279678,4.661722980987828,-0.036494826,8.104102475175234,0.08092486,0.44508671,,,,,,0.29422222,0.70229008,0.46206175,0.54984894,0.88405797,0.7587769,0.41130298,0.16117216,0.27263213,26,Tyler Beede,16981,595881
2019,Domingo Germán,NYY,134.2,4.277227561224472,3.83783784,0.23416506717850288,1.1806930247130054,0.2636103151862464,0.7768595,4.914504460986487,0.215425531,0.382978723,0.401595744,0.105960264,0.198675496,4.248935833958242,0.12922932,0.25266904,0.0658363,0.18683274,4.135468246,-0.6372769,8.824052245433018,0.08707124,0.39577836,,,,,,0.3495935,0.68930958,0.49295113,0.59767442,0.83521809,0.73784557,0.42199248,0.16400376,0.29323308,26,Domingo German,17149,593334
2019,Trevor Richards,- - -,123.1,4.378378491231003,2.25490196,0.24947145877378435,1.370270305588962,0.29411764705882354,0.76612903,4.6086041062482535,0.212643678,0.356321839,0.431034482,0.113333333,0.12,5.130611273429891,0.11660269,0.2173913,0.09640832,0.12098299,4.942885710198647,-0.230225615,10.484041440500139,0.06145251,0.34916201,,,,,,0.33087633,0.70915411,0.48752399,0.65841584,0.82843137,0.76082677,0.41410749,0.15019194,0.26679463,26,Trevor Richards,19309,670950
2019,Joey Lucchesi,SDP,163.2,4.1792263290017635,2.82142857,0.22929936305732485,1.2219960026320946,0.27069351230425054,0.73027091,4.173276337774202,0.169565217,0.469565217,0.360869565,0.084337349,0.138554216,4.363957671851281,0.10329171,0.2303207,0.08163265,0.14868805,4.4810265741412945,0.005949991,,0.06808511,0.36382979,,,,,,0.29389788,0.68563163,0.44759743,0.60381356,0.8790436,0.76923077,0.39235717,0.17555808,0.27884979,26,Joey Lucchesi,19320,664192
2021,Chris Flexen,SEA,179.2,3.606679239456615,3.125,0.2654232424677188,1.2523191803668803,0.30018083182640143,0.76581028,3.8880304525440526,0.209507042,0.424295774,0.366197183,0.086538461,0.091346153,4.555863453,0.08573461,0.16869096,0.05398111,0.11470985,4.699519122824952,-0.281351213,10.995303282223954,0.06293706,0.37937063,,76.81211041852181,85.23316725978651,103.9084697508897,100.70213523131673,0.32916927,0.71652893,0.49590893,0.72106262,0.89158016,0.82711621,0.4304518,0.15154749,0.23728211,26,Chris Flexen,13896,623167
2021,Germán Márquez,COL,180,4.4,2.75,0.23982558139534885,1.2722222222222221,0.29327902240325865,0.69253438,3.864478566911486,0.221115537,0.515936254,0.262948207,0.06060606,0.159090909,3.641677459743288,0.12087518,0.23280423,0.08465608,0.14814815,4.0747652957285325,0.5355214330885145,6.867730034722222,0.05273438,0.38867188,,48.727265563435786,75.19244604316543,97.27661870503596,95.86370503597118,0.28803641,0.692,0.46915352,0.50790068,0.86242775,0.74235474,0.44835007,0.15961263,0.2804878,26,German Marquez,15038,608566
2021,Lucas Giolito,CHW,178.2,3.526119603747445,3.86538462,0.21771771771771772,1.102612003076582,0.2694063926940639,0.77543424,3.791302814555877,0.245119305,0.331887201,0.422993492,0.133333333,0.138461538,3.752406999010083,0.15252525,0.27916667,0.07222222,0.20694444,3.7191117654720367,-0.265183211,11.25962911626344,0.06666667,0.34193548,,107.69708141321046,107.05853000674304,102.99217801753205,105.90401213755894,0.32810615,0.72484756,0.503367,0.54595588,0.78338591,0.69698997,0.44175084,0.14545455,0.2979798,26,Lucas Giolito,15474,608337
2021,Antonio Senzatela,COL,156.2,4.423404542535306,3.28125,0.28298887122416533,1.3404256189500927,0.32421875,0.66765579,3.6104596829792146,0.219844357,0.511673151,0.26848249,0.072463768,0.086956521,4.1688552945720945,0.08607069,0.15671642,0.04776119,0.10895522,4.440011471,0.8129448595560915,6.536160353,0.05916031,0.42748092,,72.51882621951219,80.86876301541025,103.2624739691795,96.71591003748435,0.26589147,0.71838565,0.47567568,0.65306122,0.89013733,0.81905594,0.46361746,0.16382536,0.24989605,26,Antonio Senzatela,15488,622608
2021,Tyler Mahle,CIN,180,3.75,3.28125,0.23065693430656933,1.2333333333333334,0.29711751662971175,0.77620968,3.8033674558003745,0.211206896,0.422413793,0.36637931,0.129411764,0.14117647,3.7363761309120394,0.11420526,0.27667984,0.08432148,0.19235837,3.8155381509647652,-0.053367456,9.883150872863878,0.06526316,0.33894737,,110.35220978196817,105.6715479876161,104.88938080495355,105.33597523219817,0.30068098,0.67443667,0.45118899,0.6358885,0.8202765,0.74687933,0.40269086,0.17866083,0.29286608,26,Tyler Mahle,16358,641816
2021,Adbert Alzolay,CHC,106.1,5.163009651,3.34375,0.23587223587223588,1.2037618130656664,0.2608695652173913,0.70422535,5.1355514578633255,0.202054794,0.448630136,0.349315068,0.088235294,0.235294117,3.893842341215055,0.11515513,0.24099099,0.07207207,0.16891892,4.023253549462874,0.027458193,10.080247010808693,0.11,0.39666667,,97.24480286738353,98.47289552,103.10585074626867,103.0049552238806,0.33510638,0.66032609,0.47792363,0.63174603,0.84156379,0.75905119,0.43914081,0.17183771,0.28699284,26,Adbert Alzolay,17859,640470
2021,José Urquidy,HOU,107,3.616822429906542,4.73684211,0.21641791044776118,0.9906542056074766,0.23728813559322035,0.7719715,4.141996739289471,0.221498371,0.32247557,0.456026058,0.164285714,0.121428571,4.385087372209425,0.11833231,0.21276596,0.04491726,0.1678487,4.272728604494899,-0.525174309,11.419353215985442,0.09294872,0.35897436,,98.37536394176931,108.32888660851721,107.39107234479224,109.11826577732168,0.32515337,0.72794118,0.52667075,0.64528302,0.83333333,0.77532014,0.50030656,0.16554261,0.28387492,26,Jose Urquidy,18413,664353
2021,Cal Quantrill,CLE,121,3.123966942,2.82857143,0.2290748898678414,1.1487603305785123,0.26392961876832843,0.76555024,4.054331643128198,0.210227272,0.426136363,0.363636363,0.1015625,0.109375,4.416632074561001,0.08942662,0.2,0.07070707,0.12929293,4.507921894473945,-0.930364701,9.344639122063386,0.07042254,0.34084507,,73.47252747252747,79.28776978417267,99.10564471,94.19391256225786,0.30330062,0.69615385,0.46449237,0.70882353,0.86924494,0.80747452,0.41031036,0.16359811,0.25302472,26,Cal Quantrill,19312,615698
2021,Eric Lauer,MIL,106.2,3.037500072419645,2.88571429,0.21144278606965175,1.1250000268220908,0.25,0.78998073,3.90128414,0.232081911,0.361774744,0.406143344,0.075630252,0.109243697,4.285275646532125,0.10538373,0.23006834,0.07972665,0.15034169,4.331577121,-0.863784067,9.938415772,0.06976744,0.36877076,,86.41743375174337,83.17684021543985,101.59832435667269,97.68210652304012,0.30371901,0.70437018,0.48224513,0.70068027,0.82481752,0.78147268,0.44558992,0.15578465,0.26116838,26,Eric Lauer,19316,641778
2021,Corbin Burnes,MIL,167,2.4251497005988023,6.88235294,0.1993517017828201,0.9401197604790419,0.30851063829787234,0.75718016,1.631111966778418,0.208443271,0.488126649,0.303430079,0.078260869,0.060869565,2.301181694668924,0.16615266,0.35616438,0.05175038,0.304414,2.610739581428981,0.7940377338203843,8.215029203,0.03133159,0.30548303,,104.05897435897437,143.20630804953555,104.34802631578944,111.12078173374609,0.3776797,0.6547619,0.48535081,0.48914858,0.81060606,0.65766481,0.38858905,0.17232074,0.3384734,26,Corbin Burnes,19361,669203
2021,Walker Buehler,LAD,207.2,2.470305096930544,4.07692308,0.19682959048877147,0.9678973186803885,0.24714828897338403,0.80931264,3.155587893830021,0.198874296,0.44652908,0.354596622,0.116402116,0.1005291,3.5719495928383873,0.11579949,0.2601227,0.06380368,0.19631902,3.727905298451464,-0.685282797,10.444878239873304,0.06788991,0.36880734,,114.74361170592434,116.83638385764223,103.97384810931045,108.29580552907527,0.33144476,0.68637347,0.4876269,0.6,0.86239496,0.7625244,0.44003807,0.1805203,0.2963198,26,Walker Buehler,19374,621111
2021,Dane Dunning,TEX,114.2,4.552325682358979,2.53488372,0.27069351230425054,1.430232589859909,0.3343558282208589,0.71984436,3.937475999952846,0.199404761,0.538690476,0.261904761,0.113636363,0.136363636,3.9310562364949098,0.09989201,0.2193159,0.08651911,0.13279678,4.1954404899007445,0.6148496824061329,3.959891579367898,0.07988166,0.43491124,,50.63333333333333,79.71165049,99.73829557713057,93.54487594390505,0.31255729,0.65965834,0.45518359,0.65982405,0.8625498,0.78054567,0.41090713,0.18574514,0.28563715,26,Dane Dunning,19409,641540
2021,Shane Bieber,CLE,96.2,3.1655173246585537,4.06060606,0.22826086956521738,1.2103448594282704,0.3273542600896861,0.80492424,3.025206532449983,0.239316239,0.44017094,0.32051282,0.106666666,0.146666666,2.9147978346573393,0.16164208,0.3308642,0.08148148,0.24938272,3.206546513726348,0.14031079220857068,10.639241242666968,0.08974359,0.43162393,,84.41768953068592,107.87290322580645,101.71754838709678,103.83490322580643,0.35730088,0.64274809,0.47722899,0.43653251,0.83372922,0.66129032,0.42014112,0.17382938,0.33547146,26,Shane Bieber,19427,669456
2021,Aaron Civale,CLE,124.1,3.8364612829484006,3.19354839,0.23326133909287258,1.117962512221861,0.24926686217008798,0.78519856,4.826870651371382,0.177777777,0.45,0.372222222,0.082089552,0.171641791,4.323582627803393,0.09376637,0.19879518,0.062249,0.13654619,4.407615010699967,-0.990409368,10.02008113682827,0.08241758,0.39285714,,57.584345794392526,85.44385504201682,104.01060924369746,100.93560924369747,0.33130435,0.68511199,0.47197486,0.69028871,0.88269231,0.80133185,0.39759036,0.16396019,0.25772656,26,Aaron Civale,19479,650644
2021,Shohei Ohtani,LAA,130.1,3.176470712197178,3.54545455,0.2045929018789144,1.0895141090144909,0.2694805194805195,0.79389313,3.5153026781406473,0.194968553,0.449685534,0.355345911,0.088495575,0.132743362,3.5488544976433856,0.12925506,0.29268293,0.08255159,0.21013133,3.607372316889429,-0.338831966,9.145001467033351,0.07120743,0.3993808,,97.8956278,117.73920099875153,98.30436954,105.25060341240116,0.30226244,0.69197397,0.47952639,0.53892216,0.830721,0.73045267,0.4548594,0.15885545,0.28811051,26,Shohei Ohtani,19755,660271
2021,Wil Crowe,PIT,116,5.431034839961272,1.98181818,0.27292576419213976,1.5517242399889348,0.30864197530864196,0.74172185,5.670034286893658,0.187861271,0.427745664,0.384393063,0.082706766,0.187969924,4.891242536,0.10452636,0.21001927,0.10597303,0.10404624,4.8461398157335935,-0.238999447,9.781465284694555,0.09455587,0.36962751,,97.48645418326691,99.41261682242991,97.41705607476634,97.90313084,0.28943338,0.6869773,0.44470369,0.60582011,0.86956522,0.76495278,0.39057396,0.14932338,0.25384974,26,Wil Crowe,19800,640444
2021,Zach Plesac,CLE,142.2,4.668224631922687,2.94117647,0.2459605026929982,1.1985982163044737,0.2626728110599078,0.67901235,4.7261089997746035,0.165562913,0.452538631,0.381898454,0.080924855,0.132947976,4.769809805927036,0.11247166,0.16722408,0.05685619,0.11036789,4.734168534839092,-0.057884368,9.900350808074034,0.0940919,0.43107221,,64.25364806866953,80.19968253968253,104.45002267573692,98.28571429,0.32395498,0.7471384,0.50839002,0.65756824,0.84679666,0.77876896,0.43582766,0.15102041,0.26349206,26,Zach Plesac,19979,668676
2022,Brad Keller,KCR,122.1,4.9291555182914015,1.76595745,0.26556016597510373,1.4305177706484167,0.2924281984334204,0.67270375,4.657390193963498,0.193467336,0.507537688,0.298994974,0.06722689,0.134453781,4.397150067,0.09086216,0.15630885,0.08851224,0.06779661,4.698180685370481,0.27176532432790346,7.717700913373162,0.06265664,0.4085213,,92.00558824,95.39927685950418,97.52768595041323,98.23176652892568,0.30969479,0.70838396,0.47909138,0.63188406,0.91595197,0.81034483,0.42488384,0.14197212,0.23283428,26,Brad Keller,15734,641745
2022,Pablo López,MIA,180,3.75,3.28301887,0.2325925925925926,1.1666666666666667,0.2833333333333333,0.74231177,3.7124310016632083,0.206412825,0.460921843,0.33266533,0.102409638,0.126506024,3.5609938964247707,0.12680412,0.23641304,0.07201087,0.16440217,3.7090017758461906,0.037568998336791726,7.716252137577229,0.08982036,0.35129741,,94.96222418358342,97.86791867677462,103.64927636113022,103.46368022053753,0.35216138,0.70042553,0.49278351,0.63338789,0.82381531,0.74267782,0.40378007,0.15395189,0.28075601,26,Pablo Lopez,17085,641154
2022,Ranger Suárez,PHI,155.1,3.650214711797975,2.22413793,0.24750830564784054,1.3326180693865624,0.2925764192139738,0.71808511,3.8656499104469173,0.174840085,0.554371002,0.270788912,0.078740157,0.118110236,3.8206300439687446,0.08775351,0.19486405,0.08761329,0.10725076,4.1111457050900615,-0.215435199,6.696488031731828,0.06765328,0.34672304,,58.731497797356816,81.90660931,100.36554556120456,94.77450136879153,0.30622618,0.68686869,0.45319813,0.68879668,0.88970588,0.80636833,0.38611544,0.16731669,0.2550702,26,Ranger Suarez,17277,624133
2022,Michael Kopech,CHW,119.1,3.5446928885131874,1.84210526,0.195852535,1.1899441847963892,0.2229299363057325,0.74193548,4.495112624842111,0.158536585,0.356707317,0.484756097,0.106918238,0.094339622,4.833481928895812,0.09945301,0.21255061,0.11538462,0.09716599,4.726606984810253,-0.950419736,10.879132459392656,0.0881459,0.41337386,,116.01985472154963,114.20089730807577,95.42128614157531,100.37033898305081,0.29134533,0.66429419,0.44776119,0.64705882,0.85714286,0.77777778,0.41940299,0.17255097,0.27200398,26,Michael Kopech,17282,656629
2022,Justin Steele,CHC,119,3.176470588235294,2.52,0.24183006535947713,1.3529411764705883,0.3169230769230769,0.72643979,3.2048679764531243,0.209090909,0.512121212,0.278787878,0.097826086,0.086956521,3.4754056669082964,0.10088583,0.24609375,0.09765625,0.1484375,3.8082215981483456,-0.028397388,7.3643165595030515,0.03903904,0.33333333,,101.53530950305147,103.77104094721263,98.1653182,99.23246177,0.28842676,0.69189189,0.47218119,0.61442006,0.871875,0.78623566,0.45544067,0.15895669,0.25984252,26,Justin Steele,17312,657006
2022,Mitch Keller,PIT,153,3.9411764705882355,2.31578947,0.26013513513513514,1.3790849673202614,0.31390134529147984,0.72628458,3.9098166225782407,0.228070175,0.489035087,0.282894736,0.100775193,0.108527131,3.9684287344123805,0.08709298,0.2,0.08636364,0.11363636,4.187537753420997,0.031359848009994806,8.653134491181206,0.07173913,0.37826087,,93.22857142857144,105.85770595191173,100.22045723295231,99.92593614505323,0.30082418,0.6642269,0.45664967,0.68949772,0.8815427,0.80927835,0.42879561,0.17183209,0.25892507,26,Mitch Keller,17594,656605
2022,Dylan Cease,CHW,184,2.2010869565217392,2.91025641,0.1891891891891892,1.108695652173913,0.26004728132387706,0.82340195,3.0961266538371213,0.174311926,0.387614678,0.438073394,0.104712041,0.083769633,3.502379676424291,0.15,0.3038822,0.10441767,0.19946453,3.4752264847935486,-0.895039697,11.157985936240935,0.06150342,0.31207289,,123.68726833199032,132.03628205128211,98.34288461538463,105.36676282051283,0.35509794,0.67936227,0.4724359,0.55869873,0.79661017,0.68249661,0.36185897,0.14871795,0.29871795,26,Dylan Cease,18525,656302
2022,Sandy Alcantara,MIA,228.2,2.2827989353724414,4.14,0.21039903264812576,0.9795918803130783,0.26158940397350994,0.78822412,2.9856088385869612,0.15960912,0.534201954,0.306188925,0.117021276,0.085106382,3.293084572137847,0.1216133,0.23363431,0.05643341,0.1772009,3.4171198617216736,-0.702809903,8.151980975558445,0.0516129,0.38548387,,113.52986536107709,125.1065452300093,105.25044766903368,109.49830194504479,0.37854031,0.72501772,0.52910379,0.64604317,0.85434995,0.77008149,0.43455497,0.15332512,0.27493842,26,Sandy Alcantara,18684,645261
2022,Zac Gallen,ARI,184,2.5434782608695654,4.08510638,0.18473282442748093,0.9130434782608695,0.23660714285714285,0.77987421,3.0472136103588605,0.179431072,0.459518599,0.361050328,0.084848484,0.09090909,3.314936174,0.1011925,0.26890756,0.06582633,0.20308123,3.3216105044572792,-0.503735349,10.371726784131205,0.07775378,0.36069114,,116.07148936170216,110.38156367360874,105.88111983612156,107.85312393308298,0.34767837,0.65667808,0.47068848,0.67752443,0.87092568,0.78493845,0.39809134,0.17717206,0.27836457,26,Zac Gallen,19291,668678
2022,Dean Kremer,BAL,120,3.225000205039991,2.625,0.25942350332594233,1.2416667456097124,0.29775280898876405,0.78643579,3.8290977138943174,0.212707182,0.389502762,0.397790055,0.097222222,0.076388888,4.4138743691567335,0.10296496,0.17213115,0.06557377,0.10655738,4.521053499479596,-0.604097509,9.645267941424882,0.07084469,0.38419619,,85.58171701112877,93.28678532901836,100.13673139158574,97.92303128371094,0.34814815,0.71096774,0.49973046,0.67553191,0.87477314,0.79395901,0.41778976,0.1509434,0.25390836,26,Dean Kremer,19350,665152
2022,Kyle Wright,ATL,180.1,3.194085117814919,3.28301887,0.23076923076923078,1.1589649125404826,0.2836438923395445,0.78892372,3.5837803680074236,0.178714859,0.556224899,0.26506024,0.083333333,0.143939393,3.2976921602479696,0.11939192,0.23577236,0.07181572,0.16395664,3.477776824252028,-0.38969525,7.096194217850288,0.06772908,0.41035857,,79.58195777351249,103.47010040907395,100.37244328746742,100.1561547043511,0.33220339,0.67184943,0.48609566,0.59795918,0.84774665,0.75438596,0.45309603,0.17797553,0.29736745,26,Kyle Wright,19665,657140
2022,David Peterson,NYM,91,3.8571431805238143,2.68292683,0.2334293948126801,1.3406594530595592,0.31877729257641924,0.72156197,3.4201233351522875,0.245762711,0.504237288,0.25,0.118644067,0.13559322,3.2370661201734436,0.12597951,0.27848101,0.10379747,0.17468354,3.552205218667072,0.4370198453715268,7.998536703892631,0.07172996,0.43037975,,70.46846275752772,87.69662447257389,94.70506329113925,93.70958408679925,0.3152479,0.68760611,0.44752714,0.5578635,0.85185185,0.71832884,0.35524729,0.14707655,0.27305606,26,David Peterson,20302,656849
2022,Glenn Otto,TEX,135.2,4.643734991930087,1.72580645,0.232421875,1.3341524341894377,0.2552083333333333,0.7290401,5.205797251993596,0.195488721,0.431077694,0.373433583,0.140939597,0.140939597,4.819372465203967,0.09690444,0.18228279,0.10562181,0.07666099,4.833627911586215,-0.56206226,8.823310187983559,0.08888889,0.37530864,,75.42205029013537,93.29856437864514,93.56572454,92.32642440556303,0.29200896,0.68202247,0.44773441,0.6112532,0.89456343,0.78356713,0.39928219,0.15791835,0.25482279,26,Glenn Otto,21366,657248
2022,Joe Ryan,MIN,147,3.5510204081632653,3.21276596,0.21023765996343693,1.1020408163265305,0.2526595744680851,0.77777778,3.9899820220713713,0.182051282,0.276923076,0.541025641,0.16113744,0.094786729,4.346158513467328,0.11417817,0.25,0.07781457,0.17218543,3.9784109929528966,-0.438961614,8.319705374217664,0.08585859,0.35353535,,92.21091794158552,89.86511919698873,102.54830614805516,96.18958594730242,0.31960336,0.73518519,0.50731911,0.64439141,0.84382872,0.77493817,0.45169385,0.15892932,0.27310749,26,Joe Ryan,21390,657746
2022,Drew Rasmussen,TBR,146,2.835616438356164,4.03225806,0.22,1.0410958904109588,0.2621359223300971,0.76023392,3.2562666181015643,0.192399049,0.465558194,0.342042755,0.118055555,0.090277777,3.5588227425536068,0.12103618,0.2140411,0.05308219,0.1609589,3.742015757406502,-0.42065018,9.697414737171464,0.06588235,0.37882353,,99.80250312891116,105.0504021447721,104.59669347631818,104.3713583556747,0.37238169,0.73761855,0.52725648,0.62708333,0.86857143,0.77033898,0.42403932,0.13845467,0.25949084,26,Drew Rasmussen,25385,656876
2023,Julio Urías,LAD,117.1,4.6022729267758855,4.875,0.24778761061946902,1.159090959336149,0.2829581993569132,0.74723247,4.686858603382902,0.176291793,0.370820668,0.452887537,0.087248322,0.161073825,4.127336516672884,0.10415542,0.24273859,0.04979253,0.19294606,3.904030170202465,-0.084585677,9.797226117009304,0.08656716,0.34328358,,90.04105642256903,104.68907427341227,105.22857911733047,106.55710441334767,0.34915925,0.66587112,0.49269876,0.67988669,0.85663082,0.7881449,0.45321796,0.18996222,0.29411765,26,Julio Urias,14765,628711
2023,Cristian Javier,HOU,162,4.555555555555555,2.56451613,0.2313915857605178,1.2654320987654322,0.271889401,0.71751412,4.576028013818058,0.188183807,0.256017505,0.555798687,0.106299212,0.098425196,5.162147430505281,0.11399861,0.23144105,0.09024745,0.1411936,4.761381437017418,-0.020472458,10.683909594233056,0.09368192,0.37908497,,101.34524375743163,101.70807409996509,97.5446697,99.74701153442851,0.32775534,0.70670148,0.47883414,0.65316901,0.83743842,0.7615942,0.39868147,0.13756064,0.25155925,26,Cristian Javier,17606,664299
2023,Logan Webb,SFG,216,3.25,6.25806452,0.24692874692874692,1.0740740740740742,0.3016666666666667,0.73684211,3.162447766904478,0.167479674,0.621138211,0.211382113,0.069230769,0.153846153,2.9538168780781606,0.08951005,0.22823529,0.03647059,0.19176471,3.161129235048294,0.087552233,5.496426574185363,0.06935484,0.45483871,,88.43076923076922,104.35427672955971,104.36713836477983,102.96968553459114,0.34632035,0.64617691,0.47203017,0.68125,0.90603248,0.810253,0.41923319,0.20383166,0.29334171,26,Logan Webb,17995,657277
2023,Patrick Sandoval,LAA,144.2,4.105991072131114,1.72972973,0.25261324041811845,1.513824991240259,0.3064516129032258,0.64985451,4.181307705735403,0.234090909,0.46590909,0.3,0.09090909,0.09090909,4.611554958487364,0.12,0.19631902,0.11349693,0.08282209,5.000886219139417,-0.075316634,9.884594617408718,0.06950673,0.34753363,,63.23770491803279,92.13865288939913,97.21282051282049,97.41350937619593,0.31661238,0.67403315,0.46470813,0.58024691,0.84836066,0.74137931,0.41434567,0.15885714,0.27885714,26,Patrick Sandoval,19447,663776
2023,Cristopher Sánchez,PHI,98.1,3.477966281591708,5.9375,0.23529411764705882,1.0576271733495253,0.2737642585551331,0.74468085,4.017752263354901,0.17090909,0.57090909,0.258181818,0.070422535,0.225352112,3.096273990577724,0.11440386,0.24173028,0.04071247,0.20101781,3.3381642416236064,-0.539785982,,0.08243728,0.40501792,,,82.81459197786998,101.02752420470263,99.62441217150764,0.37439614,0.61797753,0.47898001,0.58709677,0.9012987,0.76115108,0.42935906,0.19434873,0.30875258,26,Cristopher Sanchez,20778,650911
2023,Shane McClanahan,TBR,115,3.2869565217391306,2.95121951,0.2219626168224299,1.182608695652174,0.273972603,0.8173913,3.9159099247144615,0.193442622,0.436065573,0.370491803,0.079646017,0.132743362,3.8448555612045787,0.15642151,0.25799574,0.08742004,0.17057569,4.0568370235967475,-0.628953403,10.527667564302098,0.09771987,0.42345277,,110.79501965923986,112.01675824175823,101.51489010989008,105.88489010989011,0.34979839,0.70325694,0.5107084,0.51585014,0.79931389,0.69354839,0.45524437,0.15806806,0.31448957,26,Shane McClanahan,21483,663556
2023,Jake Irvin,WSN,121,4.6115705387065375,1.83333333,0.25213675213675213,1.4214876929346316,0.2808022922636103,0.75,5.304627265588865,0.177111716,0.427792915,0.395095367,0.117241379,0.137931034,5.137156216374523,0.07026524,0.18679245,0.10188679,0.08490566,5.091665153906351,-0.693056727,8.793154488357843,0.10298103,0.39566396,,91.86588235294118,99.08581800580835,101.04937076476284,98.29230396902224,0.26645004,0.66266376,0.43549138,0.72560976,0.89950577,0.83850267,0.42664183,0.18566775,0.25593299,26,Jake Irvin,21504,663623
2023,Logan Gilbert,SEA,190.2,3.729021177973243,5.25,0.23087431693989072,1.0751748825379956,0.2723735408560311,0.75120192,3.847697733774112,0.180297397,0.414498141,0.40520446,0.087155963,0.133027522,3.7607957135491796,0.12140903,0.24545455,0.04675325,0.1987013,3.775684929111155,-0.118676556,10.013581644777187,0.09023941,0.44567219,,87.78209321340967,105.6184879725086,101.6003436426117,102.21295532646045,0.33957392,0.72594752,0.52105443,0.61787072,0.84538153,0.76675427,0.46970216,0.14911081,0.27051984,26,Logan Gilbert,22250,669302
2023,Tarik Skubal,DET,80.1,2.8008300528517633,7.28571429,0.19795221843003413,0.8962656169125642,0.2887700534759358,0.67723343,1.9977788691058345,0.170212765,0.515957446,0.313829787,0.152542372,0.06779661,2.564763388195744,0.14930271,0.32903226,0.04516129,0.28387097,2.7695726198992467,0.8030511837459289,9.326043115903254,0.04188482,0.39790576,,93.81187214611872,97.2810189,105.89301561216102,106.53804437140508,0.38253012,0.6967509,0.52545156,0.5511811,0.8238342,0.715625,0.45484401,0.16324856,0.31255127,26,Tarik Skubal,22267,669373
2023,Kyle Bradish,BAL,168.2,2.8280634116712373,3.81818182,0.21324717285945072,1.043478323803224,0.2700228832951945,0.79075426,3.2668980677221073,0.202672605,0.492204899,0.305122494,0.05839416,0.102189781,3.5307865636247486,0.10976533,0.25037258,0.06557377,0.18479881,3.7574349679759034,-0.438834656,7.426897203600085,0.06873614,0.41906874,,101.46554054054054,125.82812736921915,102.52308567096287,104.98514025777105,0.30486991,0.65408253,0.45564822,0.54266958,0.89127517,0.75873544,0.43176649,0.18168055,0.29144587,26,Kyle Bradish,24586,680694
2023,Brady Singer,KCR,159.2,5.524008702670913,2.71428571,0.28217054263565894,1.446764184032858,0.32926829268292684,0.6492891,4.2884433480919695,0.19842829,0.495088408,0.3064833,0.051282051,0.128205128,4.275434204984763,0.09560229,0.18945869,0.06980057,0.11965812,4.458082338,1.2355653545789433,5.286580276489258,0.078125,0.484375,,89.3,84.28534910339567,99.79057611598624,95.14299885539872,0.28983516,0.6600346,0.45367534,0.57345972,0.90825688,0.78902954,0.44257274,0.18355641,0.2791587,26,Brady Singer,25377,663903
2017,Tyler Skaggs,LAA,85,4.552941585131619,2.71428571,0.2719033232628399,1.3882354187223025,0.3181818181818182,0.73724008,4.557639819874495,0.215139442,0.418326693,0.366533864,0.108695652,0.141304347,4.4947007495822735,0.08106169,0.20821918,0.07671233,0.13150685,4.439962272484856,-0.004698235,10.879029034173977,0.0745098,0.38431373,,,,,,0.29639175,0.59546926,0.42898135,0.66521739,0.90217391,0.81103679,0.44332855,0.21807747,0.29913917,25,Tyler Skaggs,10190,572140
2017,Mike Foltynewicz,ATL,152,4.736842580779485,2.3559322,0.2703583061889251,1.480263306493589,0.3223684210526316,0.72456814,4.315534547293297,0.244588744,0.393939393,0.361471861,0.071856287,0.113772455,4.6448809746197055,0.09247076,0.20351391,0.0863836,0.11713031,4.628533707382329,0.42130803348618784,10.442381893814675,0.04842105,0.32842105,,,,,,0.27848101,0.67301038,0.44517544,0.7,0.84447301,0.79228243,0.42251462,0.17214912,0.26461988,25,Mike Foltynewicz,10811,592314
2017,Robbie Ray,ARI,162,2.8888886167843086,3.07042254,0.1969439728353141,1.1543208789287729,0.2672413793103448,0.84480601,3.719368036366372,0.194520547,0.402739726,0.402739726,0.081632653,0.156462585,3.487791057862342,0.14217311,0.32781955,0.10676692,0.22105263,3.5302727501790985,-0.83047942,10.20217841688439,0.05121294,0.42318059,,,,,,0.29666012,0.62962963,0.44235727,0.46136865,0.81016043,0.67860117,0.43756906,0.18121547,0.32338858,25,Robbie Ray,11486,592662
2017,Parker Bridwell,LAA,117.1,3.758522890200307,2.4,0.24379232505643342,1.1761364146205042,0.2528409090909091,0.78856153,4.904798860860268,0.206521739,0.377717391,0.415760869,0.130718954,0.124183006,5.119208220233555,0.09277745,0.1509434,0.06289308,0.08805032,5.075673076365676,-1.146275971,8.982608324860873,0.04851752,0.36118598,,,,,,0.30160428,0.68098958,0.47269524,0.64539007,0.88910134,0.80372671,0.45096888,0.16559014,0.25836759,25,Parker Bridwell,11502,592170
2017,José Ureña,MIA,154.1,3.9654428952653493,1.72131148,0.22945205479452055,1.2634989617267045,0.24175824175824176,0.77537058,5.2764302608017255,0.19017094,0.431623931,0.378205128,0.096045197,0.13559322,5.294888457422339,0.08194864,0.15933232,0.09256449,0.06676783,5.233842764265887,-1.310987366,8.812876744923859,0.07933194,0.30480167,,,,,,0.29190207,0.67867299,0.44599698,0.70967742,0.88547486,0.81625741,0.3984139,0.15294562,0.23489426,25,Jose Urena,11589,570632
2017,Jameson Taillon,PIT,133.2,4.443890613,2.7173913,0.28305400372439476,1.4812968708368903,0.3516209476309227,0.71275456,3.479335479294606,0.251243781,0.472636815,0.276119402,0.108108108,0.099099099,3.886673409440164,0.08225668,0.21294719,0.07836457,0.13458262,4.2361386031148625,0.9645551332160642,9.565656778185364,0.03883495,0.31067961,,,,,,0.30410298,0.64504171,0.4625323,0.67724868,0.90086207,0.82216015,0.46468562,0.16752799,0.24978467,25,Jameson Taillon,11674,592791
2017,Carlos Martinez,STL,205,3.6439027102514285,3.05633803,0.22978177150192555,1.2195122858940524,0.2841121495327103,0.7493188,3.9088592623246035,0.188405797,0.512681159,0.298913043,0.084848484,0.163636363,3.6283862625712655,0.10568327,0.25291375,0.08275058,0.17016317,3.8508233585154965,-0.264956552,7.593458032282175,0.04270463,0.33096085,,,,,,0.288,0.65182724,0.4629393,0.58119658,0.86238532,0.7715666,0.48083067,0.18614304,0.29182631,25,Carlos Martinez,11682,593372
2017,Jharel Cotton,OAK,129,5.5813953488372094,1.98113208,0.26129666011787817,1.441860465116279,0.27925531914893614,0.65649867,5.677019539175108,0.167088607,0.369620253,0.463291139,0.13114754,0.153005464,5.378737002056699,0.09710078,0.18551237,0.09363958,0.09187279,5.042517197649927,-0.09562419,11.177634180489056,0.05940594,0.30693069,,,,,,0.26690079,0.6934236,0.46985734,0.69078947,0.83682008,0.79333986,0.47583985,0.15462494,0.25172572,25,Jharel Cotton,13654,605194
2017,Michael Wacha,STL,165.2,4.128772509054188,2.87272727,0.2643856920684292,1.3581488516625617,0.3269230769230769,0.71498531,3.634500846575389,0.210526315,0.48,0.309473684,0.081632653,0.115646258,3.878874235,0.09628253,0.2253923,0.07845934,0.14693295,4.137279554452941,0.49427166247879883,10.864814063675697,0.04742268,0.29896907,,,,,,0.29522431,0.66641163,0.4756415,0.67647059,0.85419059,0.79749805,0.4860543,0.17434944,0.27063197,25,Michael Wacha,14078,608379
2017,Jon Gray,COL,110.1,3.6706945256171997,3.73333333,0.2634032634032634,1.296072388057431,0.3355048859934853,0.7480916,3.1757665807601256,0.225396825,0.488888888,0.285714285,0.111111111,0.111111111,3.4485088538682342,0.08783415,0.24295011,0.06507592,0.17787419,3.740398543994875,0.49492794485707403,9.339512212731032,0.03785489,0.31861199,,,,,,0.28034372,0.60488346,0.43995633,0.59003831,0.90091743,0.80024814,0.49181223,0.2040371,0.29187125,25,Jon Gray,14916,592351
2017,Ben Lively,PHI,88.2,4.263158383839357,2.16666667,0.2647058823529412,1.2857144332213934,0.28,0.74181118,4.973429376,0.176678445,0.381625441,0.441696113,0.12,0.104,5.5751300547031235,0.07228916,0.13978495,0.06451613,0.07526882,5.267638920913754,-0.710270992,9.429889269,0.04861111,0.28125,,,,,,0.29103448,0.6574344,0.4691708,0.73459716,0.89800443,0.84592145,0.48618001,0.17009213,0.24238129,25,Ben Lively,14932,594902
2017,Sean Manaea,OAK,158.2,4.367646918813019,2.54545455,0.266347687,1.3991596190136943,0.31769722814498935,0.69632495,4.096715294362698,0.205821205,0.44074844,0.353430353,0.064705882,0.105882352,4.527789256332516,0.11346726,0.20231214,0.07947977,0.12283237,4.507862522508451,0.2709316244503208,,0.04928131,0.41273101,,,,,,0.31938911,0.67428088,0.47544643,0.58004158,0.87076537,0.76134585,0.43973214,0.16703869,0.28050595,25,Sean Manaea,15873,640455
2017,Trevor Williams,PIT,138.2,3.959134034503932,2.37777778,0.2485981308411215,1.283653657817304,0.29086538461538464,0.71680376,3.9076395841745395,0.207729468,0.497584541,0.29468599,0.106557377,0.098360655,4.347646984577256,0.08292023,0.18166384,0.07640068,0.10526316,4.553398685746641,0.05149445,8.160124156396714,0.04672897,0.29439252,,,,,,0.29149463,0.69146825,0.47318612,0.66855524,0.90387374,0.8247619,0.45425868,0.15637675,0.23929698,25,Trevor Williams,16977,592866
2018,Aaron Sanchez,TOR,105,4.885714285714286,1.48275862,0.2591687041564792,1.561904761904762,0.30448717948717946,0.70051414,4.741383956727527,0.192546583,0.490683229,0.316770186,0.06862745,0.107843137,4.9839052901381535,0.09587514,0.1814346,0.12236287,0.05907173,5.0952523487670005,0.1443303289867588,8.704375282549728,0.07739938,0.39009288,,,,,,0.26685393,0.65564738,0.42419175,0.62807018,0.86134454,0.7739816,0.40468227,0.16443701,0.26031215,25,Aaron Sanchez,11490,592717
2018,Noah Syndergaard,NYM,154.1,3.0323975081440904,3.97435897,0.24749163879598662,1.2116631068866344,0.32027649769585254,0.7662624,2.8040600737496657,0.24367816,0.489655172,0.266666666,0.094827586,0.077586206,3.287347463641062,0.13640133,0.24068323,0.06055901,0.18012422,3.549154688,0.22833743439442467,8.971152305603027,0.02031603,0.26410835,,,,,,0.36538462,0.7000993,0.50518457,0.55360624,0.85815603,0.72988506,0.41766902,0.15091211,0.28731343,25,Noah Syndergaard,11762,592789
2018,Dylan Bundy,BAL,171.2,5.452427507562878,3.40740741,0.27246376811594203,1.4097088213998041,0.3161290322580645,0.69254984,5.170140432729413,0.2,0.34,0.46,0.086956521,0.178260869,4.278129540457466,0.1269339,0.24533333,0.072,0.17333333,3.939394579514071,0.28228707483346493,11.125483960176991,0.08102767,0.37351779,,,,,,0.33489618,0.68444444,0.50087935,0.568,0.84307359,0.74648876,0.47485051,0.16350211,0.29043601,25,Dylan Bundy,12917,605164
2018,Joe Musgrove,PIT,115.1,4.057803647,4.34782609,0.24835164835164836,1.1791908034480454,0.2944606413994169,0.6918239,3.5852870858409864,0.204610951,0.455331412,0.340057636,0.110169491,0.101694915,3.9224886750876244,0.11486486,0.20576132,0.0473251,0.15843621,3.929234228,0.47251656131846387,7.746610147252879,0.04788732,0.33802817,,,,,,0.359199,0.68878166,0.52702703,0.6271777,0.85989492,0.78205128,0.50921376,0.16584767,0.28071253,25,Joe Musgrove,12970,605397
2018,Eduardo Rodriguez,BOS,123.1,3.794593812149911,3.18604651,0.2375,1.2729727104861883,0.3018292682926829,0.77142857,3.6631341748206476,0.20058997,0.395280235,0.404129793,0.05839416,0.109489051,3.916684947746136,0.10835214,0.25996205,0.08159393,0.17836812,3.801719583087414,0.13145963732926358,8.188724622813934,0.06122449,0.31778426,,,,,,0.31725697,0.70720721,0.47358916,0.63895487,0.85987261,0.77121068,0.40090293,0.15259594,0.26094808,25,Eduardo Rodriguez,13164,593958
2018,Michael Fulmer,DET,132.1,4.692694853376117,2.39130435,0.252465483,1.314861359883163,0.28835978835978837,0.6824147,4.520632982550833,0.221079691,0.442159383,0.336760925,0.106870229,0.145038167,4.2891084,0.10501859,0.19713262,0.08243728,0.11469534,4.448190911458069,0.17206187082528412,9.475806508993625,0.06297229,0.38035264,,,,,,0.33558179,0.70259067,0.50023245,0.6758794,0.85693215,0.78996283,0.44862854,0.15055762,0.25557621,25,Michael Fulmer,13218,605242
2018,Blake Snell,TBR,180.2,1.892989036474983,3.453125,0.1763779527559055,0.9741697965485293,0.24120603015075376,0.87968952,2.9445644049490522,0.188264058,0.447432762,0.364303178,0.067114093,0.10738255,3.1553982708037283,0.15113091,0.31571429,0.09142857,0.22428571,3.299520814986216,-1.051575368,10.868887369791667,0.06763285,0.32125604,,,,,,0.33093126,0.64991023,0.45270733,0.50083752,0.80248619,0.666162,0.38176833,0.16758053,0.31871145,25,Blake Snell,13543,605483
2018,Jakob Junis,KCR,177,4.372881355932203,3.81395349,0.26,1.271186440677966,0.2976190476190476,0.74795082,4.6406575644757115,0.209039548,0.419962335,0.370998116,0.0964467,0.162436548,4.128613351647463,0.09478506,0.21635884,0.05672823,0.15963061,3.9821954572632268,-0.267776209,7.476403561065902,0.08022388,0.35634328,,,,,,0.31785945,0.64024864,0.4640592,0.61663286,0.90291262,0.79574791,0.45348837,0.17829457,0.27307963,25,Jakob Junis,13619,596001
2018,John Gant,STL,97.1,3.6061651373385364,1.6875,0.21703296703296704,1.3047947932820345,0.2581818181818182,0.71307301,4.105637252798354,0.227436823,0.444043321,0.328519855,0.076923076,0.087912087,4.581291193956025,0.11146096,0.19565217,0.11594203,0.07971015,4.902260069771306,-0.499472115,9.424236573193916,0.04240283,0.37102473,,,,,,0.2962963,0.66113416,0.46250788,0.62890625,0.82845188,0.75885559,0.45557656,0.17380353,0.28526448,25,John Gant,13684,607231
2018,Chad Kuhl,PIT,85,4.552941176470588,2.45454545,0.2648809523809524,1.4352941176470588,0.3112033195020747,0.7424812,4.701608046363382,0.263374485,0.362139917,0.374485596,0.087912087,0.153846153,4.328631269055254,0.09337979,0.21715818,0.08847185,0.12868633,4.3800296741529685,-0.14866687,9.369869208185928,0.09803922,0.38823529,,,,,,0.24418605,0.66263238,0.4369338,0.62433862,0.85616438,0.78628389,0.46062718,0.16167247,0.25505226,25,Chad Kuhl,14975,641771
2018,Nick Pivetta,PHI,163,4.803680531911976,3.74,0.2566929133858268,1.3067483439300778,0.3278301886792453,0.68872017,3.792333357112227,0.186206896,0.466666666,0.347126436,0.105960264,0.158940397,3.408246766171321,0.1199151,0.27101449,0.07246377,0.19855072,3.501905330061478,1.0113471747997487,12.892923699409026,0.07589286,0.34598214,,,,,,0.31036745,0.66845741,0.47541563,0.57928118,0.83926521,0.74776786,0.46091263,0.17509728,0.29501238,25,Nick Pivetta,15454,601713
2018,Luis Castillo,CIN,169.2,4.296659989073029,3.36734694,0.2415902140672783,1.220039256156539,0.28199566160520606,0.71180556,4.315637827981338,0.217842323,0.458506224,0.323651452,0.096153846,0.179487179,3.6888320823701135,0.1349892,0.23305085,0.06920904,0.16384181,3.847110627475635,-0.018977839,7.551999312469272,0.07770961,0.39672802,,,,,,0.33268482,0.6933657,0.49316055,0.59649123,0.80396733,0.72627737,0.44492441,0.15694744,0.29193665,25,Luis Castillo,15689,622491
2018,Carlos Rodón,CHW,120.2,4.176795932,1.63636364,0.21846846846846846,1.2596686144807607,0.24188790560471976,0.72027972,4.950486975300438,0.15625,0.414772727,0.428977272,0.105960264,0.099337748,5.401265022826578,0.09053917,0.17612524,0.10763209,0.06849315,5.132174291482845,-0.773691043,8.977214592,0.0480226,0.34180791,,,,,,0.2760463,0.6915777,0.45422177,0.63225806,0.89022298,0.80067189,0.42878942,0.14292981,0.23346897,25,Carlos Rodon,16137,607074
2018,Aaron Nola,PHI,212.1,2.373626259910008,3.86206897,0.19451697127937337,0.9748822138916104,0.25142857142857145,0.8254469,3.009725146574511,0.191287878,0.505681818,0.303030303,0.125,0.10625,3.2134539391643164,0.12391034,0.26955475,0.06979543,0.19975933,3.400923292721454,-0.636098887,7.1124322827711355,0.03874539,0.3099631,,,,,,0.33202026,0.64181185,0.47042341,0.60847458,0.81867535,0.73659828,0.44676214,0.19769614,0.32160648,25,Aaron Nola,16149,605400
2018,Kyle Freeland,COL,202.1,2.8467877656575555,2.47142857,0.23697916666666666,1.2454696474751805,0.28546712802768165,0.82835184,3.669492582481272,0.194158075,0.460481099,0.345360824,0.11442786,0.084577114,4.217966944,0.09015385,0.2049763,0.08293839,0.12203792,4.352536901636689,-0.822704817,6.410263415282071,0.04537815,0.2907563,,,,,,0.30660615,0.67797948,0.45138462,0.70723684,0.8661234,0.80027267,0.38984615,0.17815385,0.26830769,25,Kyle Freeland,16256,607536
2018,Sean Newcomb,ATL,163.1,3.912245019788003,1.9875,0.2238562091503268,1.3285714699436568,0.2735632183908046,0.74688797,4.1339009938444615,0.204035874,0.434977578,0.360986547,0.111801242,0.111801242,4.329268535420878,0.09876118,0.22943723,0.11544012,0.11399711,4.536116354283902,-0.221655974,9.728992023299226,0.0397351,0.31788079,,,,,,0.28297501,0.67483108,0.44268503,0.67145791,0.84105131,0.77682737,0.40757315,0.16551961,0.2642808,25,Sean Newcomb,16943,656794
2018,Daniel Mengden,OAK,96,4.5,3,0.2413793103448276,1.15625,0.24666666666666667,0.67264574,4.900014909108481,0.233974358,0.394230769,0.371794871,0.094827586,0.146551724,4.593633152668676,0.0802969,0.15037594,0.05012531,0.10025063,4.742259916805597,-0.400014909,10.660010336237479,0.07886435,0.36908517,,,,,,0.30994898,0.67001435,0.47940581,0.72016461,0.89079229,0.83239437,0.47062795,0.17948718,0.25978408,25,Daniel Mengden,16980,596043
2018,Andrew Suárez,SFG,160.1,4.490644633101454,2.88888889,0.26418152350081037,1.2972973384515312,0.3017241379310345,0.70469799,4.301803753,0.217573221,0.512552301,0.269874476,0.062015503,0.178294573,3.7657851146710524,0.07343499,0.19548872,0.06766917,0.12781955,4.068467746,0.18884087974635388,9.026042005398024,0.07186858,0.37371663,,,,,,0.29829545,0.65867159,0.45505618,0.73095238,0.90196078,0.83862434,0.43499197,0.18459069,0.25802568,25,Andrew Suarez,18300,605498
2018,Trevor Richards,MIA,126.1,4.416886187882139,2.40740741,0.24795081967213115,1.3852241628662623,0.30903790087463556,0.72327044,4.0469750400095545,0.252840909,0.357954545,0.389204545,0.05109489,0.109489051,4.294504849436492,0.10573477,0.23765996,0.09872029,0.13893967,4.274425177102542,0.3699111478725845,10.109550669460344,0.06145251,0.36312849,,,,,,0.3127786,0.66252822,0.4516129,0.63895487,0.85689949,0.76587302,0.39695341,0.1671147,0.27284946,25,Trevor Richards,19309,670950
2018,Joey Lucchesi,SDP,130,4.084614905182483,3.37209302,0.249500998,1.2923075406227065,0.3063063063063063,0.77968526,4.314277594188278,0.227665706,0.446685878,0.325648414,0.07079646,0.203539823,3.4499123578543482,0.10611677,0.26459854,0.07846715,0.18613139,3.638187558,-0.229662689,,0.08146067,0.38764045,,,,,,0.28143214,0.63218391,0.43697868,0.57100592,0.86115702,0.75715801,0.44346617,0.19555144,0.30166821,25,Joey Lucchesi,19320,664192
2019,Max Fried,ATL,160.1,4.153846680936967,3.81818182,0.27287066246056785,1.353430525170153,0.3415730337078652,0.73727934,3.7379180660964546,0.240700218,0.531728665,0.227571115,0.067307692,0.201923076,3.3255110182754195,0.11424161,0.24597365,0.06442167,0.18155198,3.832632977302385,0.41592861484051236,6.991688258055757,0.04291845,0.39699571,,,,,,0.32047872,0.67433303,0.46893091,0.59543568,0.8622101,0.7563786,0.41952914,0.17174836,0.28598997,25,Max Fried,13743,608331
2019,Zach Eflin,PHI,157.2,4.2241009348442695,2.71111111,0.2674050632911392,1.3572936937787892,0.2939958592132505,0.72996707,4.8630578887102756,0.212121212,0.442424242,0.345454545,0.087719298,0.157894736,4.794268505,0.09061619,0.17862372,0.0658858,0.11273792,4.903369676698014,-0.638956954,7.701214686389218,0.0627451,0.32352941,,,,,,0.32083634,0.67609489,0.47764801,0.71460674,0.86774629,0.81028668,0.44140153,0.17639952,0.26701571,25,Zach Eflin,13774,621107
2019,José Berríos,MIN,200.1,3.6838600458860453,3.82352941,0.24808184143222506,1.2229616683497033,0.2994652406417112,0.73529412,3.8529445514172407,0.205172413,0.420689655,0.374137931,0.129032258,0.119815668,4.320453727597458,0.10823755,0.23159145,0.06057007,0.17102138,4.277128100538087,-0.169084506,8.299869533572844,0.06473595,0.32027257,,,,,,0.3643542,0.65121413,0.48882503,0.67337461,0.85536723,0.77857609,0.43390805,0.18326948,0.29150702,25,Jose Berrios,14168,621244
2019,Reynaldo López,CHW,184,5.380435228798512,2.6,0.2758152173913043,1.456521859917173,0.3157894736842105,0.69162996,5.040096583663867,0.207079646,0.350442477,0.442477876,0.144,0.14,5.269995898861122,0.11033829,0.20889988,0.08034611,0.12855377,4.875564141,0.3403386451346453,8.783681904560812,0.07054674,0.38271605,,,,,,0.28936423,0.71061528,0.48640101,0.64887064,0.83063749,0.77308192,0.46774194,0.15839393,0.26873222,25,Reynaldo Lopez,16400,625643
2019,Yonny Chirinos,TBR,104.1,3.536741386474092,4,0.22164948453608246,1.0447284854354364,0.25,0.76484018,4.134137316091511,0.234693877,0.452380952,0.31292517,0.108695652,0.173913043,3.8945872194903925,0.10833333,0.22330097,0.05582524,0.16747573,4.216242352940003,-0.59739593,9.558700561523438,0.08445946,0.35810811,,,,,,0.30963303,0.72383721,0.49230769,0.62962963,0.86144578,0.77994792,0.44102564,0.15,0.25833333,25,Yonny Chirinos,16401,630023
2019,Trent Thornton,TOR,139.1,5.038277144124363,2.28813559,0.26570915619389585,1.4856458245494917,0.3132832080200501,0.72302558,4.800133761821233,0.286396181,0.310262529,0.403341288,0.112426035,0.136094674,5.066945661361519,0.0963521,0.2173913,0.09500805,0.12238325,4.943320673896798,0.2381433823031296,9.229644232373222,0.05924171,0.36966825,,,,,,0.31112549,0.63963039,0.43809524,0.63825364,0.88924559,0.7798913,0.38650794,0.16970658,0.26605868,25,Trent Thornton,17948,663423
2020,Germán Márquez,COL,81.2,3.7469385421479804,2.92,0.2445141065830721,1.2612244112458888,0.3,0.65539112,3.2771335957140697,0.232653061,0.506122448,0.261224489,0.046875,0.09375,3.8331747375484913,0.1223491,0.2122093,0.07267442,0.13953488,4.274928559829609,0.4698049464339107,8.092967405157575,0.04878049,0.40243902,,74.86864406779661,96.91537204,102.16336876533117,100.2636140637776,0.30606061,0.70318021,0.48939641,0.53465347,0.85929648,0.75,0.46166395,0.16639478,0.28874388,25,German Marquez,15038,608566
2021,Brad Keller,KCR,133.2,5.386534076,1.875,0.2915129151291513,1.6608480066959073,0.3465346534653465,0.68694799,4.718662669251063,0.232057416,0.478468899,0.289473684,0.082644628,0.14876033,4.5652049317662335,0.0911414,0.19575856,0.10440457,0.091354,4.837329524237822,0.6678714065194473,8.246948066546762,0.10900474,0.44312796,,83.26143884892087,90.96890504704874,98.12865697177075,99.21120615911033,0.27971014,0.67975207,0.44463373,0.64507772,0.88297872,0.79501916,0.41226576,0.16311755,0.25425894,25,Brad Keller,15734,641745
2021,Pablo López,MIA,102.2,3.068181894,4.42307692,0.23116883116883116,1.1201298978763405,0.30115830115830117,0.79737336,3.286917242245442,0.220149253,0.470149253,0.309701492,0.084337349,0.13253012,3.3204437674935057,0.11803475,0.27511962,0.06220096,0.21291866,3.491116904722489,-0.218735348,7.799351408490144,0.07407407,0.33333333,,91.03924731182795,99.06870503597126,105.17685851318944,103.22116306954435,0.37394068,0.67724138,0.50569203,0.66572238,0.83910387,0.76658768,0.43439185,0.15997603,0.27801078,25,Pablo Lopez,17085,641154
2021,Mitch Keller,PIT,100.2,6.168874328,1.87755102,0.3164251207729469,1.788079515370742,0.38782051282051283,0.68208092,4.302484482201844,0.255520504,0.403785488,0.340694006,0.046296296,0.092592592,4.903985586850412,0.08234661,0.19574468,0.10425532,0.09148936,4.978180974836657,1.8663898458272152,9.201609516234539,0.06832298,0.47515528,,80.49847764034253,96.59352736750647,98.86277150304083,96.70768896611642,0.29484733,0.66419753,0.45586652,0.67313916,0.90334572,0.81936246,0.43595264,0.16146394,0.24381055,25,Mitch Keller,17594,656605
2021,Dylan Cease,CHW,165.2,3.9114690530554577,3.32352941,0.2202852614896989,1.2494970586149379,0.3090909090909091,0.7393617,3.4054466117713047,0.225,0.3325,0.4425,0.129943502,0.11299435,3.7210930883335385,0.1481231,0.31920904,0.0960452,0.22316384,3.566489343306271,0.506022441,11.108602474333573,0.09876543,0.38518519,,131.07543227665704,126.03651170682046,97.32470308788601,104.1266372582287,0.3254103,0.67647059,0.46668921,0.53913043,0.78509317,0.6826087,0.4024349,0.15488671,0.30300981,25,Dylan Cease,18525,656302
2021,Freddy Peralta,MIL,142.1,2.845433356950509,3.56603774,0.16237623762376238,0.9484777856501697,0.2251655629139073,0.78322785,3.1419310769662956,0.2,0.329032258,0.470967741,0.171232876,0.09589041,3.6730566496834776,0.14415979,0.33216169,0.09314587,0.23901582,3.4125680594865813,-0.29649772,9.390545465,0.05696203,0.30696203,,108.26798592788037,108.73698944469942,98.48311151904545,102.37108765488755,0.29350261,0.67219917,0.45201911,0.51145038,0.78395062,0.68107589,0.41858446,0.16804168,0.31220148,25,Freddy Peralta,18679,642547
2021,Sandy Alcantara,MIA,205.2,3.1944896231573527,4.02,0.22007722007722008,1.0745543481244673,0.2702702702702703,0.72420635,3.4180082028034566,0.189473684,0.533333333,0.277192982,0.056962025,0.132911392,3.446059497550878,0.13311793,0.24014337,0.05973716,0.18040621,3.678393871765249,-0.22351858,8.118597521753369,0.06076389,0.39409722,,113.98577844311374,123.61955397543639,104.5968648998061,107.90455720749837,0.36668629,0.72707736,0.52924071,0.59390048,0.84334975,0.74847375,0.45105008,0.1457189,0.27883683,25,Sandy Alcantara,18684,645261
2021,Vladimir Gutierrez,CIN,114,4.7368421052631575,1.91304348,0.257847534,1.412280701754386,0.28106508875739644,0.75912409,5.222665701,0.163793103,0.433908045,0.40229885,0.085714285,0.142857142,5.1087244533655936,0.09557619,0.17741935,0.09274194,0.08467742,5.080618445863483,-0.485823596,8.504209379515896,0.08379888,0.37709497,,80.57052023121389,94.15939890710386,100.68005464480879,97.36836065573772,0.28612167,0.68806162,0.45712725,0.66445183,0.8619403,0.79091995,0.42545057,0.16876024,0.26433643,25,Vladimir Gutierrez,19278,661269
2021,Zac Gallen,ARI,121.1,4.302197982544866,2.83673469,0.2302771855010661,1.2939560981983602,0.2861736334405145,0.74593796,4.249704497396883,0.193846153,0.436923076,0.369230769,0.066666666,0.158333333,3.9589637312859596,0.09134158,0.26577438,0.09369025,0.17208413,4.039468930951878,0.052493485,10.28975051297693,0.07878788,0.42424242,,116.50949423247559,108.04776403425305,102.84410085632729,103.7310656517602,0.29392971,0.65176471,0.43862988,0.65217391,0.88447653,0.79175705,0.40437678,0.17887726,0.27021884,25,Zac Gallen,19291,668678
2021,Chris Paddack,SDP,106.1,5.078370149,4.31818182,0.2605633802816901,1.250783758888544,0.305993691,0.59440559,3.7437018615061484,0.222910216,0.427244582,0.349845201,0.017699115,0.123893805,3.9070835649751685,0.11238407,0.21158129,0.04899777,0.16258352,4.114482206467981,1.3346682873646318,10.399177293794406,0.08459215,0.42900302,,89.58845470692718,92.60305510092746,106.72411347517732,104.13949809056191,0.32075472,0.69975787,0.49154392,0.69659443,0.81314879,0.77136515,0.45062739,0.15984724,0.27223131,25,Chris Paddack,20099,663978
2021,Eli Morgan,CLE,89.1,5.339552542817559,3.68181818,0.254957507,1.253731414665758,0.2777777777777778,0.70454545,5.140183488370376,0.198501872,0.292134831,0.509363295,0.095588235,0.147058823,4.9157795489080875,0.10608204,0.21372032,0.05804749,0.15567282,4.5119540688658955,0.19936905444718356,9.944004983445211,0.11764706,0.42279412,,73.69506531204645,94.14971751412429,105.0681497175141,99.87055084745764,0.33706468,0.71967213,0.50212164,0.66420664,0.86560364,0.78873239,0.43140028,0.15912306,0.26520509,25,Eli Morgan,20203,669212
2021,Bailey Ober,MIN,92.1,4.191335970955637,5.05263158,0.2562674094707521,1.202166131,0.2962962962962963,0.79761905,4.5563157872792415,0.211538461,0.33076923,0.457692307,0.100840336,0.168067226,4.014356476530384,0.11382114,0.25329815,0.05013193,0.20316623,3.821534782312114,-0.364979816,9.043827805563668,0.09505703,0.41825095,,75.30759345794392,84.10704607046071,106.44322493224934,104.77168021680212,0.3542654,0.70094937,0.50271003,0.63210702,0.86907449,0.77358491,0.42818428,0.16802168,0.28184282,25,Bailey Ober,21224,641927
2021,Tylor Megill,NYM,89.2,4.516728752639055,3.66666667,0.25142857142857145,1.2825279174160278,0.2974137931034483,0.78539823,4.686762790019909,0.163265306,0.424489795,0.412244897,0.06930693,0.188118811,3.9194829331519987,0.12097812,0.26121372,0.07124011,0.18997362,3.849271561952777,-0.170034037,9.496536749301676,0.09960159,0.41832669,,90.50659217877094,98.61081081081083,102.9504504504505,103.47548262548263,0.30257009,0.73352436,0.496139,0.61776062,0.82617188,0.75616083,0.44916345,0.14671815,0.26769627,25,Tylor Megill,21318,656731
2022,Julio Urías,LAD,175,2.16,4.04878049,0.19751166407465007,0.96,0.2290748898678414,0.86647727,3.7124310016632083,0.150743099,0.3970276,0.452229299,0.14084507,0.10798122,3.8056806190524783,0.11098398,0.24092888,0.05950653,0.18142235,3.659023231012564,-1.552431002,9.596323404821844,0.06708595,0.30188679,,116.39271882261811,118.05028615032434,105.18241129339945,107.86325829835936,0.3611691,0.70016892,0.51430752,0.65895954,0.86248492,0.78412463,0.45173598,0.17124333,0.28222731,25,Julio Urias,14765,628711
2022,Cristian Javier,HOU,134.1,2.6799008458859594,3.53061224,0.1694560669456067,0.9677419721254854,0.22491349480968859,0.82437276,3.268758551006556,0.17,0.26,0.57,0.140350877,0.093567251,3.604811924104288,0.13708638,0.32580038,0.09227872,0.23352166,3.276037588980993,-0.588857705,10.877014203535891,0.06885246,0.32131148,,122.63127221037668,118.30704770090244,101.06256983240225,106.05393210141814,0.33602348,0.71473029,0.49290933,0.60043668,0.80261248,0.72188317,0.4142673,0.14310271,0.28018908,25,Cristian Javier,17606,664299
2022,Logan Webb,SFG,192.1,2.9012132482998285,3.32653061,0.23803009575923392,1.1594454379406125,0.2926391382405745,0.71761417,3.0344413982142884,0.194991055,0.567084078,0.237924865,0.067669172,0.082706766,3.3146275272518464,0.10578842,0.20711563,0.06226175,0.14485388,3.555797784551915,-0.13322815,5.195792286666398,0.05457746,0.38908451,,54.35154639175257,108.91286764705876,103.16517379679145,103.44899732620321,0.34529915,0.64428457,0.46972721,0.64521452,0.87220844,0.77478754,0.41616766,0.18762475,0.29341317,25,Logan Webb,17995,657277
2022,Patrick Sandoval,LAA,148.2,2.905829795244143,2.51666667,0.2425828970331588,1.338565114012927,0.3164251207729469,0.76763485,3.092251628085124,0.21875,0.473557692,0.307692307,0.1015625,0.0625,3.667278239449282,0.13279022,0.23667712,0.09404389,0.14263323,3.9414738990783125,-0.186421833,9.767724348262032,0.05687204,0.33886256,,69.70356506238859,95.17617490805068,98.14123416,98.28651409889659,0.35490463,0.6653144,0.4796251,0.5950096,0.82469512,0.72302464,0.40179299,0.15885947,0.29164969,25,Patrick Sandoval,19447,663776
2022,Ryan Feltner,COL,94,6.031915383190023,2.48484848,0.264,1.4042554331236035,0.2996389891696751,0.62827225,4.793282201917218,0.191780821,0.407534246,0.400684931,0.076923076,0.136752136,4.423103664,0.08894379,0.19854722,0.07990315,0.11864407,4.3472601544073175,1.2386331812728057,7.638405304494258,0.08191126,0.43003413,,89.47243816254418,97.60971534653463,98.80581683168316,97.37215346534653,0.27564103,0.715959,0.46139592,0.65503876,0.88752556,0.80722892,0.42186535,0.16615195,0.25509574,25,Ryan Feltner,21446,663372
2022,Shane McClanahan,TBR,166.1,2.5430862501090514,5.10526316,0.19333333333333333,0.9258517317181889,0.25064599483204136,0.80521472,3.004214565488355,0.196517412,0.502487562,0.300995024,0.074380165,0.157024793,2.5961466043866466,0.15509541,0.30265211,0.05928237,0.24336974,2.8159972879892603,-0.461128315,10.628887320054162,0.06403941,0.32512315,,107.29475484606614,112.81463414634145,102.32910569105688,106.61796747967479,0.35035971,0.68190299,0.49471974,0.52361396,0.79480164,0.6863711,0.43541836,0.1725538,0.32764921,25,Shane McClanahan,21483,663556
2022,Daniel Lynch IV,KCR,131.2,5.1265826745592085,2.34615385,0.285451197,1.5721520201981571,0.335,0.72836802,4.6314184607918625,0.213429256,0.414868105,0.371702637,0.058064516,0.13548387,4.300714062686348,0.11334702,0.20333333,0.08666667,0.11666667,4.343573891113191,0.495164214,9.073858273909396,0.08788599,0.47743468,,77.51438159156281,85.57136400986029,98.57013147,95.72534921939194,0.32865169,0.73491592,0.4973306,0.63888889,0.85598923,0.77208918,0.41519507,0.13429158,0.2476386,25,Daniel Lynch IV,21537,663738
2022,Jonathan Heasley,KCR,104,5.278846153846154,1.4893617,0.2621359223300971,1.4903846153846154,0.2755417956656347,0.69940476,5.670123309355516,0.175953079,0.372434017,0.451612903,0.071428571,0.123376623,5.487208772909183,0.07683742,0.15053763,0.10107527,0.04946237,5.304350257777057,-0.391277156,11.126370014701447,0.09356725,0.4502924,,102.55536791314836,100.95005592841159,98.05067114,97.86420581655489,0.27719962,0.71853857,0.45879733,0.73720137,0.88512241,0.83252427,0.41146993,0.1481069,0.22494432,25,Jonathan Heasley,22224,669169
2022,Logan Gilbert,SEA,185.2,3.1992820424314896,3.55102041,0.2390998593530239,1.1795332782701957,0.2915057915057915,0.77620968,3.4571347907467356,0.241965973,0.366729678,0.391304347,0.091787439,0.091787439,3.777259404081646,0.10779436,0.22715405,0.06396867,0.16318538,3.843578790580838,-0.257852748,10.436116236162361,0.0707635,0.45623836,,101.58517835178354,100.30139442231079,101.27008632138116,101.7269920318725,0.30215827,0.74758723,0.50116086,0.67460317,0.84011917,0.78491066,0.44676617,0.14361526,0.25140962,25,Logan Gilbert,22250,669302
2022,Tarik Skubal,DET,117.2,3.518413673777241,3.65625,0.23423423423423423,1.1558073904195767,0.29874213836477986,0.67524116,2.959456494107676,0.191358024,0.456790123,0.351851851,0.087719298,0.078947368,3.3993611386117886,0.11703239,0.24528302,0.06708595,0.17819707,3.5770312632915733,0.5589571796695649,9.332875689338236,0.05504587,0.39449541,,78.28098039215688,87.86940376569034,100.58127615062767,101.42269874476989,0.34180791,0.70774648,0.50470219,0.60606061,0.86567164,0.76811594,0.44514107,0.16039707,0.27742947,25,Tarik Skubal,22267,669373
2022,Luis Garcia,HOU,157.1,3.7182204591854697,3.34042553,0.22016806722689075,1.131355968777801,0.26024096385542167,0.74250681,3.932346282406671,0.188073394,0.376146788,0.435779816,0.1,0.121052631,3.8196567877811147,0.13047002,0.24416796,0.07309487,0.1710731,3.7714507061382907,-0.214125823,10.740201446592003,0.07762557,0.3630137,,96.54210019,101.44746655857314,99.87957032833401,101.30032428050262,0.33355932,0.71601208,0.48743922,0.57926829,0.83825598,0.73233583,0.40235008,0.15680713,0.28727715,25,Luis Garcia,23735,677651
2022,Kyle Bradish,BAL,117.2,4.895184559,2.41304348,0.26096491228070173,1.402266410180665,0.31097560975609756,0.70175439,4.455207321714997,0.210526315,0.45614035,0.333333333,0.087719298,0.149122807,4.011259227113085,0.09984947,0.21807466,0.09037328,0.12770138,4.145345732503065,0.43997723746114303,9.528848273490407,0.07826087,0.4057971,,97.12121896162527,110.12163654618473,98.02424699,100.36651606425703,0.28817947,0.68345324,0.45358756,0.60479042,0.88245614,0.77986726,0.41846463,0.1590567,0.25890617,25,Kyle Bradish,24586,680694
2022,Brady Singer,KCR,147.2,3.1083523585990656,4.23529412,0.2413793103448276,1.1309255858083744,0.29743589743589743,0.80287206,3.5526116188940127,0.2025,0.485,0.3125,0.112,0.136,3.309131978,0.09326881,0.24201681,0.05714286,0.18487395,3.4259255797768655,-0.44425926,6.322966766357422,0.08108108,0.41031941,,39.25,89.63632760898282,102.06618229854692,99.89269044,0.296,0.61974585,0.441707,0.62432432,0.88485804,0.78884462,0.45006599,0.21029476,0.30356357,25,Brady Singer,25377,663903
2023,Jesús Luzardo,MIA,178.2,3.576492740943837,3.78181818,0.23823529411764705,1.2145523079574532,0.3111111111111111,0.74921956,3.5516821674313794,0.19017094,0.401709401,0.408119658,0.083769633,0.115183246,3.7184182870242912,0.14147157,0.28070175,0.07422402,0.20647773,3.6897505148914003,0.024810573512457523,8.222619816431967,0.09322034,0.39830508,,105.54103877103148,104.09822623828649,100.10435073627846,101.58042168674699,0.33986562,0.69966722,0.48460509,0.5107084,0.85017836,0.70787293,0.40227577,0.15719064,0.29866221,25,Jesus Luzardo,19959,666200
2023,Joey Wentz,DET,80.1,7.730290945870867,1.84210526,0.32011331444759206,1.879668168802739,0.3560606060606061,0.61093248,6.006077878075914,0.209219858,0.365248226,0.425531914,0.1,0.158333333,5.401126102935711,0.10664911,0.17902813,0.0971867,0.08184143,5.199546744408278,1.7242130677949534,9.155539287977769,0.10954064,0.43462898,,79.73494539781592,88.10626235992092,100.69261700725117,95.51509558338832,0.29228999,0.74153846,0.4845293,0.61417323,0.86721992,0.7798913,0.4279131,0.14812377,0.25477288,25,Joey Wentz,19962,666214
2023,Edward Cabrera,MIA,91,4.450549450549451,1.81034483,0.2261904761904762,1.4725274725274726,0.2986425339366516,0.74193548,4.419875524332235,0.14347826,0.552173913,0.304347826,0.114285714,0.142857142,4.263113137260898,0.12021858,0.2638191,0.14572864,0.11809045,4.670843775121522,0.030673926217215985,9.512007905707701,0.06926407,0.35497835,,105.21930585683297,102.96573681018798,96.87471194663433,96.63189812007276,0.33333333,0.61605585,0.43187348,0.56302521,0.88101983,0.72112676,0.34854015,0.15968427,0.27990285,25,Edward Cabrera,21690,665795
2023,Braxton Garrett,MIA,156.2,3.619149171,5.34482759,0.24503311258278146,1.1297873074007925,0.3,0.755886,3.6188701703549526,0.21875,0.495535714,0.285714285,0.0625,0.1484375,3.393097971688623,0.11270492,0.24068323,0.04503106,0.19565217,3.588270864285187,0.000279001,8.749075367964434,0.07572383,0.45657016,,79.24640883977901,91.22798523,100.66298727944192,96.66877308165778,0.3386512,0.64292498,0.47039474,0.5888651,0.8774003,0.75961538,0.43297697,0.18811475,0.30081967,25,Braxton Garrett,21844,666129
2023,Johan Oviedo,PIT,177.2,4.305816381619302,1.90361446,0.23503649635036497,1.3733584276014505,0.2795275590551181,0.72048611,4.487685833450831,0.187380497,0.449330783,0.363288718,0.094736842,0.1,4.865566717660169,0.111334,0.20230474,0.10627401,0.09603073,4.917692334647023,-0.181869452,5.983265193942472,0.07590133,0.39468691,,82.56484174508127,91.36692385105673,95.27826232807779,95.29215028513929,0.28091168,0.72489796,0.46342282,0.57200811,0.86261261,0.75887038,0.41107383,0.15412905,0.26546306,25,Johan Oviedo,22487,670912
2023,Josiah Gray,WSN,159,3.9056603773584904,1.7875,0.24958949096880131,1.4591194968553458,0.2927927927927928,0.80399619,4.934285642515939,0.210752688,0.378494623,0.410752688,0.136125654,0.115183246,5.121645297,0.11016347,0.20487106,0.11461318,0.09025788,5.077640178201232,-1.028625265,8.858849158653847,0.0944206,0.36695279,,82.08611111111112,87.63876901308814,95.48730102582242,90.71460912628226,0.31391963,0.69589041,0.46266003,0.6419295,0.84645669,0.76172175,0.38940256,0.14889837,0.25906183,25,Josiah Gray,24580,680686
2023,George Kirby,SEA,190.2,3.3513987802038008,9.05263158,0.24453551912568305,1.0384615938659665,0.29182156133828996,0.75057737,3.3442012034148556,0.188509874,0.441651705,0.36983842,0.101941747,0.106796116,3.630514826979142,0.10938053,0.22721268,0.02509908,0.20211361,3.7149050934916836,0.007197577,8.858158687893436,0.075,0.40892857,,96.93084532,105.62722772277232,109.61718528995762,108.91785714285719,0.37363388,0.72593681,0.54336283,0.67276051,0.86842105,0.79869707,0.48176991,0.16353982,0.27292035,25,George Kirby,25436,669923
2023,Brandon Williamson,CIN,117,4.461538752468712,2.51282051,0.24666666666666667,1.2820513656519288,0.27844311377245506,0.70189274,4.631108825296808,0.201149425,0.373563218,0.425287356,0.108108108,0.121621621,4.722528143947164,0.09278351,0.19959267,0.07942974,0.12016293,4.716143840743079,-0.169570073,9.815345594618055,0.08238636,0.41193182,,63.51625,93.46147144,99.42294288480151,96.29104549854789,0.28876509,0.68953488,0.46670108,0.67524116,0.86677909,0.80088496,0.44398554,0.17010309,0.2628866,25,Brandon Williamson,25463,682227
2023,Ryne Nelson,ARI,138.1,5.530120685260108,2.06818182,0.2851985559566787,1.4602410175458065,0.3052391799544419,0.68476978,5.170703080534886,0.196078431,0.368191721,0.435729847,0.11,0.12,5.305669476750537,0.08450088,0.15191987,0.07345576,0.07846411,5.280641482,0.35941760472522244,10.59196134868421,0.11663067,0.42980562,,101.62064777327936,100.80118369136345,103.24340201665936,102.81582639193334,0.29934747,0.72037915,0.49408154,0.71934605,0.88157895,0.82874889,0.46251644,0.14929947,0.23380035,25,Ryne Nelson,26253,669194
2023,Tommy Henry,ARI,87.2,4.2091255973881365,1.82857143,0.2522255192878338,1.3688213324839467,0.2796934865900383,0.76492537,4.909032802915172,0.198529411,0.363970588,0.4375,0.12605042,0.100840336,5.373848695335159,0.10354815,0.17021277,0.09308511,0.07712766,5.275474581722586,-0.699907206,8.457906539351852,0.07692308,0.32600733,,72.36962962962961,82.80079710144925,95.79253623188406,90.55195652173911,0.3402439,0.69518717,0.48443157,0.6702509,0.86923077,0.78624813,0.40622737,0.14482259,0.24837075,25,Tommy Henry,26285,674072
2023,Alek Manoah,TOR,87.1,5.874046143629126,1.33898305,0.2680115273775216,1.7404581166308521,0.308300395,0.71428571,6.014582504944672,0.211320754,0.37735849,0.411320754,0.091743119,0.137614678,5.845292508603178,0.08860012,0.19036145,0.14216867,0.04819277,5.651118946709484,-0.140536361,9.398991549744897,0.08955224,0.44402985,,90.56734693877551,89.31193045563546,95.29556354916063,92.67799760191846,0.29206963,0.70839695,0.45352279,0.67218543,0.89008621,0.80417755,0.38780343,0.15298287,0.24158299,25,Alek Manoah,26410,666201
2023,Graham Ashcraft,CIN,145.2,4.757437403170407,2.13461538,0.26334519572953735,1.3729978075527869,0.29205607476635514,0.7424072,5.060532476428985,0.214285714,0.477678571,0.308035714,0.115942028,0.166666666,4.574234104105646,0.09630267,0.17788462,0.08333333,0.09455128,4.7959179536311165,-0.303095073,,0.06873614,0.38580931,,,127.93962592431492,99.30813397129185,103.45550239234447,0.31835491,0.6884273,0.47934596,0.63157895,0.89942529,0.7989228,0.43502582,0.16595013,0.26225279,25,Graham Ashcraft,27552,668933
2023,Ken Waldichuk,OAK,103,5.330097482188511,1.84615385,0.2665036674816626,1.5631069118986343,0.29896907216494845,0.73421439,5.8569822998003875,0.216129032,0.354838709,0.429032258,0.082706766,0.165413533,5.215193740372307,0.10208445,0.20556745,0.11134904,0.09421842,5.0551928533022155,-0.526884818,8.807389703642787,0.09904153,0.38338658,,86.98596491,90.73907922912207,93.79603854389721,91.47018201284794,0.2985348,0.70064516,0.4654526,0.64417178,0.86187845,0.78020713,0.41510445,0.14323891,0.24532336,25,Ken Waldichuk,27681,686610
2017,Taijuan Walker,ARI,157.1,3.489406554050345,2.39344262,0.24104234527687296,1.3283897446202588,0.29046563192904656,0.73120494,4.041114213363226,0.182608695,0.489130434,0.328260869,0.066225165,0.112582781,4.343654984975792,0.08676631,0.21345029,0.08918129,0.12426901,4.420302300134872,-0.551707659,10.284336588541667,0.0491453,0.35042735,,,,,,0.2738811,0.65461847,0.44675419,0.67317073,0.87239264,0.80571429,0.45404814,0.17681371,0.26358002,24,Taijuan Walker,11836,592836
2017,Dylan Bundy,BAL,169.2,4.243615185667697,2.98039216,0.2375,1.196463725959087,0.2727272727272727,0.73732719,4.383572970073425,0.199584199,0.328482328,0.471933471,0.118942731,0.114537444,4.77132759,0.1142249,0.21776504,0.0730659,0.14469914,4.451799900256363,-0.139957784,11.774822801159274,0.06967213,0.3647541,,,,,,0.32070542,0.6871118,0.48811635,0.61099796,0.8519774,0.76598837,0.45689961,0.15856687,0.27279177,24,Dylan Bundy,12917,605164
2017,Eduardo Rodriguez,BOS,136.1,4.224938560061387,2.96,0.24045801526717558,1.2909534489076462,0.29971988795518206,0.74481865,4.008495376448453,0.221925133,0.347593582,0.430481283,0.062111801,0.118012422,4.297403527026205,0.11510204,0.25561313,0.08635579,0.16925734,4.086454473864441,0.21644318361293458,9.154845784,0.07712766,0.31117021,,,,,,0.30084746,0.69922631,0.46897959,0.64319249,0.82019364,0.75456919,0.42204082,0.1644898,0.27959184,24,Eduardo Rodriguez,13164,593958
2017,Zach Davies,MIL,191.1,3.9041809770973033,2.25454545,0.27091633466135456,1.3536584646160663,0.3021346469622332,0.74166667,4.223841728119957,0.226384364,0.501628664,0.27198697,0.083832335,0.119760479,4.417538505,0.07186792,0.15177479,0.06731946,0.08445532,4.719531822328568,-0.319660751,,0.0381558,0.30683625,,,,,,0.26697353,0.63508512,0.42797022,0.71551724,0.8951049,0.83207262,0.43735837,0.19067659,0.26254451,24,Zach Davies,13183,605200
2017,Adalberto Mejía,MIN,98,4.499998949012223,1.93181818,0.27918781725888325,1.571428204416967,0.3277027027027027,0.75994318,4.647435264635147,0.226229508,0.393442622,0.380327868,0.094827586,0.112068965,5.028471202996739,0.10559361,0.19187359,0.0993228,0.09255079,4.946770370944603,-0.147436316,10.960468594990079,0.05825243,0.32686084,,,,,,0.32210109,0.69448183,0.48002283,0.66153846,0.85465116,0.78002378,0.42408676,0.1489726,0.25456621,24,Adalberto Mejia,13188,606167
2017,Michael Fulmer,DET,164.2,3.8259108129984494,2.85,0.23885350318471338,1.1538461182058815,0.27345309381237526,0.65628476,3.6738340102533407,0.218503937,0.492125984,0.289370078,0.102040816,0.088435374,4.235480911622242,0.09358612,0.16863905,0.0591716,0.10946746,4.4754897942139795,0.1520768027451087,9.677888938848922,0.03891051,0.29182879,,,,,,0.32053176,0.69955556,0.49253731,0.66589862,0.88945362,0.80999181,0.45381202,0.14844695,0.24203308,24,Michael Fulmer,13218,605242
2017,Daniel Norris,DET,94.2,5.228872537092754,2.05,0.2909090909090909,1.6056335871476741,0.3458904109589041,0.68767908,4.2984846113977415,0.218120805,0.395973154,0.38590604,0.052173913,0.095652173,4.948794992868457,0.09369476,0.19158879,0.09345794,0.09813084,4.875432688508636,0.9303879256950127,9.784877700293624,0.0660066,0.38283828,,,,,,0.25837838,0.64896373,0.43606364,0.58995816,0.87824351,0.78513514,0.45492045,0.16205068,0.25574543,24,Daniel Norris,13475,596057
2017,Blake Snell,TBR,129.1,4.036082156774607,2.01694915,0.23155737704918034,1.3298968026153877,0.2768361581920904,0.70860927,4.193722086949111,0.183333333,0.438888888,0.377777777,0.132352941,0.110294117,4.556487444963337,0.10842845,0.21755027,0.10786106,0.10968921,4.717147013047069,-0.15763993,11.45917938,0.04336043,0.29810298,,,,,,0.3035343,0.64670659,0.42932397,0.61643836,0.8537037,0.74744376,0.3665496,0.1641791,0.27260755,24,Blake Snell,13543,605483
2017,Jakob Junis,KCR,93,4.161290322580645,3.65,0.25885558583106266,1.2365591397849462,0.2892857142857143,0.72533849,4.447962274859028,0.189003436,0.405498281,0.405498281,0.076271186,0.118644067,4.747953062800951,0.08491228,0.18481013,0.05063291,0.13417722,4.473748912276499,-0.286671952,8.889160959344162,0.05782313,0.37414966,,,,,,0.25801749,0.63328823,0.45263158,0.6440678,0.87606838,0.8124031,0.51859649,0.18736842,0.2722807,24,Jakob Junis,13619,596001
2017,Luis Perdomo,SDP,163.2,4.674134710067762,1.81538462,0.28304821150855364,1.5091650632506368,0.3248031496062992,0.683391,4.404075616898604,0.171814671,0.617760617,0.21042471,0.073394495,0.155963302,4.238433365795904,0.08795934,0.16480447,0.09078212,0.07402235,4.454765071,0.27005909316915844,7.805778952205882,0.04190476,0.36190476,,,,,,0.29020979,0.64095745,0.44487881,0.61927711,0.90733057,0.80228471,0.44096951,0.17122752,0.25918686,24,Luis Perdomo,14682,606131
2017,Chad Kuhl,PIT,157.1,4.347457767663011,1.97222222,0.26411960132890366,1.4682203864475958,0.32054176072234764,0.73170732,4.2445041361296205,0.232815964,0.419068736,0.348115299,0.050955414,0.108280254,4.614880772712084,0.09527354,0.20882353,0.10588235,0.10294118,4.786151538011284,0.10295363153339032,10.094717035060976,0.05,0.38478261,,,,,,0.27671233,0.64221679,0.44361742,0.63366337,0.86294416,0.7852349,0.4566431,0.16710086,0.2623744,24,Chad Kuhl,14975,641771
2017,Nick Pivetta,PHI,133,6.022555700023255,2.45614035,0.27533460803059273,1.5112780221032138,0.3324022346368715,0.67058824,4.871925211823483,0.198938992,0.437665782,0.363395225,0.0729927,0.182481751,4.260620492,0.08651087,0.23972603,0.09760274,0.14212329,4.319314133625221,1.1506304881997718,11.423528843868821,0.06527415,0.37075718,,,,,,0.28582616,0.64285714,0.45592456,0.68767123,0.87014726,0.8102518,0.47642476,0.17261173,0.25912259,24,Nick Pivetta,15454,601713
2017,Luis Castillo,CIN,89.1,3.123133972722071,3.0625,0.19753086419753085,1.0746267433022179,0.24651162790697675,0.80143541,3.7397291801692356,0.122171945,0.588235294,0.28959276,0.078125,0.171875,3.413351640477884,0.12668464,0.2729805,0.08913649,0.18384401,3.6267130957676326,-0.616595207,9.763528429133503,0.03539823,0.30088496,,,,,,0.28285357,0.69883041,0.47471342,0.55752212,0.81589958,0.73295455,0.46122724,0.15498652,0.28167116,24,Luis Castillo,15689,622491
2017,Aaron Nola,PHI,168,3.535714606849544,3.75510204,0.2398753894080997,1.2083334430815782,0.3090909090909091,0.76751947,3.2707349425811083,0.190789473,0.497807017,0.311403508,0.063380281,0.126760563,3.3813926577144997,0.10844278,0.26551227,0.07070707,0.1948052,3.6023785,0.26497966426843567,7.855071915643063,0.04366812,0.30786026,,,,,,0.29347826,0.6077821,0.44502814,0.59259259,0.84122919,0.75632378,0.48217636,0.20525328,0.31369606,24,Aaron Nola,16149,605400
2017,Daniel Gossett,OAK,91.1,6.1094883706321585,2.32258065,0.3028720626631854,1.609488871833203,0.3275862068965517,0.68027211,5.588296357798704,0.245098039,0.431372549,0.323529411,0.08080808,0.212121212,4.527367537256433,0.08918406,0.17391304,0.07487923,0.09903382,4.7621194294594655,0.5211920128334544,9.940310550485213,0.06430868,0.32154341,,,,,,0.29491525,0.65948276,0.45540797,0.65900383,0.88671024,0.80416667,0.4402277,0.16635041,0.25553447,24,Daniel Gossett,16164,605254
2017,Kyle Freeland,COL,149.2,4.149220771991468,1.62295082,0.27533783783783783,1.4966593444864553,0.3067226890756303,0.74927954,4.694388128284782,0.180672268,0.546218487,0.273109243,0.1,0.13076923,4.762839038502409,0.07339822,0.14977307,0.09228442,0.05748865,4.993813533303005,-0.545167356,7.645821164330218,0.03651116,0.3346856,,,,,,0.25415162,0.6947271,0.44728305,0.71306818,0.89347537,0.83590209,0.43836172,0.16139497,0.23479319,24,Kyle Freeland,16256,607536
2017,Jordan Montgomery,NYY,155.1,3.8819739947029084,2.82352941,0.23450586264656617,1.2296136533801916,0.27546296296296297,0.73800738,4.065364956656836,0.177777777,0.406666666,0.415555555,0.064171122,0.112299465,4.449292686284058,0.12227938,0.22187982,0.07858243,0.14329738,4.34130613,-0.183390962,11.964950284090909,0.05960265,0.31788079,,,,,,0.33150309,0.65514019,0.46853977,0.55900621,0.86305278,0.73902027,0.42342699,0.16857934,0.29085873,24,Jordan Montgomery,16511,656756
2017,Sean Newcomb,ATL,100,4.320000329589869,1.89473684,0.2544529262086514,1.5700001197815032,0.32727272727272727,0.75167785,4.187639772796637,0.228260869,0.438405797,0.333333333,0.054347826,0.108695652,4.524141594,0.11196068,0.23684211,0.125,0.11184211,4.706207595304168,0.13236055679323133,10.421618187716263,0.04912281,0.34385965,,,,,,0.30855019,0.68609272,0.4642272,0.63855422,0.83590734,0.75882353,0.41234298,0.16384489,0.27580557,24,Sean Newcomb,16943,656794
2017,Dinelson Lamet,SDP,114.1,4.565597261,2.57407407,0.20705882352941177,1.2419823967863124,0.26119402985074625,0.69218241,4.347143961558505,0.197879858,0.371024734,0.431095406,0.081967213,0.147540983,4.198581599917729,0.11798042,0.28659794,0.11134021,0.17525773,4.031854305163917,0.21845329986723527,11.331032937778396,0.06993007,0.34615385,,,,,,0.27756654,0.63892013,0.44307058,0.55821918,0.82394366,0.73372093,0.45801133,0.17413704,0.29211747,24,Dinelson Lamet,17186,659275
2017,Jeff Hoffman,COL,90.1,5.280443101746005,2.15151515,0.2612359550561798,1.3948340268763033,0.29411764705882354,0.67978533,4.685315056983152,0.175,0.428571428,0.396428571,0.081081081,0.117117117,5.000232039871172,0.07843137,0.18066158,0.08396947,0.09669211,4.8764094153080295,0.5951280447628537,10.032919167449034,0.05964912,0.35789474,,,,,,0.25205479,0.66475645,0.45378151,0.63043478,0.90517241,0.82716049,0.48879552,0.18277311,0.26120448,24,Jeff Hoffman,17432,656546
2018,Sal Romano,CIN,131.1,5.482234351799569,1.91836735,0.2655367231638418,1.4467007317248863,0.28674698795180725,0.67817509,5.094442027659994,0.216783216,0.449883449,0.333333333,0.111888111,0.153846153,4.715109169640495,0.0785124,0.16123499,0.08404803,0.07718696,4.883175765592166,0.3877923241395749,8.253562927246094,0.07551487,0.34553776,,,,,,0.2923588,0.66084275,0.45705099,0.66761364,0.91601866,0.8281407,0.44694534,0.16850321,0.24701561,24,Sal Romano,13690,607219
2018,Zach Eflin,PHI,128,4.3593744803220655,3.32432432,0.2559055118110236,1.3046873444691485,0.3089430894308943,0.68428184,3.8010564994067044,0.205882352,0.411764705,0.382352941,0.104895104,0.111888111,4.021220215590722,0.10343137,0.22445255,0.06751825,0.15693431,4.023578792,0.5583179809153611,8.372548797,0.05194805,0.33246753,,,,,,0.30586081,0.68776371,0.48333333,0.65568862,0.85276074,0.78600406,0.46470588,0.17254902,0.27598039,24,Zach Eflin,13774,621107
2018,Lance McCullers Jr.,HOU,126,3.9285716664493906,2.76,0.2159827213822894,1.1904762625604213,0.28115015974440893,0.69186876,3.565193505,0.179566563,0.547987616,0.27244582,0.056818181,0.136363636,3.480607219244981,0.13394143,0.26538462,0.09615385,0.16923077,3.6862835447717575,0.3633781614037006,8.216720581054688,0.07692308,0.35384615,,,,,,0.32195122,0.63540445,0.45031205,0.51262626,0.84132841,0.70255864,0.40950552,0.16850696,0.30244839,24,Lance McCullers Jr.,14120,621121
2018,José Berríos,MIN,192.1,3.8370884896868698,3.31147541,0.21991701244813278,1.1438475172508284,0.2701612903225806,0.75757576,3.9039324619881857,0.200787401,0.41535433,0.383858267,0.092307692,0.128205128,3.888672205777847,0.11245111,0.25345044,0.07653701,0.17691343,3.7974130851730052,-0.066843972,8.757462842987804,0.05950096,0.32821497,,,,,,0.32800913,0.6674277,0.4734268,0.61217391,0.8608894,0.76239669,0.42843169,0.16395046,0.27640156,24,Jose Berrios,14168,621244
2018,Luis Severino,NYY,191.1,3.386759401819347,4.7826087,0.23731138545953362,1.1445992422815388,0.3142857142857143,0.74974671,2.9513723534406187,0.25889328,0.411067193,0.330039525,0.101796407,0.113772455,3.1019980669611376,0.12373096,0.28205128,0.05897436,0.22307692,3.263825967748387,0.43538704837872855,9.561607634518564,0.07269155,0.34184676,,,,,,0.32689988,0.68340027,0.49587563,0.61070111,0.82468168,0.75047985,0.47398477,0.17449239,0.29822335,24,Luis Severino,15890,622663
2018,David Hess,BAL,100.1,4.843853697821691,1.94444444,0.2613065326633166,1.3953488018416396,0.2703583061889251,0.72278912,5.771727190650215,0.190184049,0.349693251,0.460122699,0.113333333,0.14,5.519988971627166,0.0821513,0.15873016,0.08163265,0.07709751,5.138417621355199,-0.927873493,9.991336467,0.07926829,0.34756098,,,,,,0.28571429,0.71621622,0.47399527,0.70588235,0.88867925,0.82668329,0.43735225,0.15070922,0.23286052,24,David Hess,16130,605276
2018,Ryan Borucki,TOR,97.2,3.870307268013997,2.03030303,0.25263157894736843,1.3208191470206498,0.2908496732026144,0.68481848,3.7952438789943734,0.194805194,0.467532467,0.337662337,0.096153846,0.067307692,4.622219704668042,0.07774968,0.16144578,0.07951807,0.08192771,4.801483079163113,0.075063389,,0.0543131,0.33226837,,,,,,0.31974922,0.6512,0.45069532,0.73202614,0.8992629,0.82748948,0.39506953,0.17256637,0.25031606,24,Ryan Borucki,16350,621366
2018,Reynaldo López,CHW,188.2,3.911660988294028,2.01333333,0.23109243697478993,1.2720848742419604,0.26022304832713755,0.75348837,4.633929888,0.198214285,0.330357142,0.471428571,0.143939393,0.094696969,5.222408997394639,0.09176394,0.18898623,0.09386733,0.0951189,4.919344205375838,-0.7222689,8.602273392,0.07282416,0.35346359,,,,,,0.28244275,0.70942029,0.47356471,0.7006237,0.85801839,0.80616438,0.44761596,0.15758755,0.24935149,24,Reynaldo Lopez,16400,625643
2018,Luke Weaver,STL,129.1,4.662370767308597,2.36734694,0.2655038759689923,1.4381442167817564,0.3151041666666667,0.70828331,4.181050052200909,0.219948849,0.421994884,0.358056265,0.15,0.114285714,4.360633391709775,0.09820628,0.20422535,0.08626761,0.11795775,4.454215212834382,0.4813207151076879,9.069090654,0.0525,0.3375,,,,,,0.28154574,0.6985447,0.46143498,0.65826331,0.85565476,0.78717201,0.43139013,0.17085202,0.2690583,24,Luke Weaver,16918,596133
2019,Germán Márquez,COL,174,4.758620689655173,5,0.2555066079295154,1.2011494252873562,0.3039832285115304,0.6805075,4.058837061914905,0.219758064,0.489919354,0.29032258,0.041666666,0.201388888,3.5384097458302293,0.12691131,0.24271845,0.04854369,0.19417476,3.8504925935059884,0.6997836277402678,7.560141290790184,0.07509881,0.43083004,,,,,,0.32879656,0.67514356,0.49024857,0.52287582,0.86269745,0.74102964,0.46615679,0.17278287,0.29969419,24,German Marquez,15038,608566
2019,Lucas Giolito,CHW,176.2,3.413207448902995,4,0.20341614906832298,1.0641509127591429,0.2729591836734694,0.77651515,3.4347641863335743,0.212560386,0.359903381,0.427536231,0.146892655,0.13559322,3.661685544549848,0.15031983,0.32340426,0.08085106,0.24255319,3.566687232399179,-0.021556737,10.894171197849289,0.07932692,0.34615385,,,,,,0.31897712,0.69051205,0.49431414,0.5464135,0.77317339,0.69590223,0.47192608,0.16560057,0.3159204,24,Lucas Giolito,15474,608337
2019,Antonio Senzatela,COL,124.2,6.713903469395624,1.33333333,0.30902111324376197,1.7486630302607478,0.3333333333333333,0.62947799,5.443955908792814,0.224256292,0.537757437,0.23798627,0.038461538,0.182692307,5.122116978526192,0.07420653,0.13058419,0.09793814,0.03264605,5.503733168838265,1.2699475606028097,6.509611208258122,0.05393258,0.44044944,,,,,,0.26046512,0.70401691,0.44812165,0.67559524,0.91441441,0.83433134,0.42307692,0.15288333,0.22708985,24,Antonio Senzatela,15488,622608
2019,Tyler Mahle,CIN,129.2,5.136247793996422,3.79411765,0.26356589147286824,1.3110542417107984,0.30662983425414364,0.66666667,4.656169141589887,0.216710182,0.46997389,0.313315926,0.066666666,0.208333333,3.990652603616323,0.0936228,0.23201439,0.06115108,0.17086331,4.163051774865448,0.4800786524065357,8.078574490683867,0.06976744,0.36175711,,,,,,0.29795918,0.65720081,0.45816373,0.68219178,0.8595679,0.79565647,0.44595206,0.19855269,0.29217549,24,Tyler Mahle,16358,641816
2019,Dakota Hudson,STL,174,3.3620686706833527,1.6,0.24242424242424243,1.4080458535340536,0.2749003984063745,0.77956989,4.915158751814456,0.218146718,0.569498069,0.212355212,0.09090909,0.2,4.5290245731178835,0.09873061,0.18037135,0.1127321,0.06763926,5.058994949782209,-1.553090081,6.817433483195755,0.0629771,0.38740458,,,,,,0.2756527,0.66358284,0.43829337,0.58370044,0.88466413,0.77473854,0.41925247,0.16114245,0.25987306,24,Dakota Hudson,19206,641712
2019,Cal Quantrill,SDP,91.2,5.69454656,3.25,0.2680965147453083,1.3527275354307071,0.30357142857142855,0.63207547,4.523100639028047,0.221453287,0.429065743,0.349480968,0.05940594,0.148514851,4.587571132391419,0.09837093,0.195,0.06,0.135,4.660192760093393,1.171445921414123,9.465622320407775,0.05423729,0.32542373,,,,,,0.3346815,0.73640857,0.48746867,0.73111782,0.84787472,0.79820051,0.38032581,0.13784461,0.23621554,24,Cal Quantrill,19312,615698
2019,Eric Lauer,SDP,148.1,4.489887333,2.68627451,0.26440677966101694,1.395505522275396,0.3140877598152425,0.70652174,4.252211651700332,0.22247191,0.393258426,0.384269662,0.116959064,0.116959064,4.792577047096666,0.08333333,0.2120743,0.07894737,0.13312694,4.739623256421577,0.23767568083789836,9.798910672,0.05518764,0.39735099,,,,,,0.28379388,0.68971478,0.47195513,0.66315789,0.89974937,0.82342954,0.46354167,0.17307692,0.25641026,24,Eric Lauer,19316,641778
2019,Walker Buehler,LAD,182.1,3.257769743527644,5.81081081,0.22077922077922077,1.042047561061031,0.2903930131004367,0.71005917,3.0055999634958015,0.225053078,0.426751592,0.348195329,0.060975609,0.121951219,3.3688345146173977,0.12085976,0.2917232,0.05020353,0.24151968,3.5014240637914393,0.25216978003184254,10.22222085236711,0.04393305,0.36401674,,,,,,0.33926219,0.68560606,0.50035236,0.60776699,0.8441989,0.7584507,0.46511628,0.18005638,0.30091614,24,Walker Buehler,19374,621111
2019,Shane Bieber,CLE,212.1,3.2637363419162706,6.425,0.228287841,1.0549450802153602,0.2953667953667954,0.77586207,3.3270393057310828,0.206959706,0.441391941,0.351648351,0.109375,0.161458333,3.227796898338221,0.14027149,0.30199765,0.04700353,0.25499412,3.3582537648622672,-0.063302964,10.404475766831853,0.07468124,0.41530055,,,,,,0.3501006,0.6654107,0.47631976,0.51293103,0.85730464,0.70550982,0.40030166,0.18461538,0.32488688,24,Shane Bieber,19427,669456
2019,Shaun Anderson,SFG,82.2,5.334677091126159,1.77419355,0.28955223880597014,1.5483870015060055,0.31716417910447764,0.68904594,4.968041626,0.282527881,0.434944237,0.282527881,0.144736842,0.157894736,4.9097309080091485,0.08283582,0.14945652,0.08423913,0.06521739,5.403960051,0.3666354652746291,7.905592920004215,0.06071429,0.38214286,,,,,,0.30490956,0.72389381,0.48170276,0.72033898,0.88997555,0.82790698,0.42195668,0.14402985,0.22686567,24,Shaun Anderson,19453,641312
2019,Zach Plesac,CLE,115.2,3.812679947617063,2.2,0.2361111111111111,1.2276656520671723,0.2553846153846154,0.78547297,4.943116027915293,0.223529411,0.39117647,0.385294117,0.099236641,0.145038167,5.060573981,0.09513742,0.18526316,0.08421053,0.10105263,5.130463440739638,-1.13043608,9.55177414,0.0755814,0.38662791,,,,,,0.2697056,0.72824791,0.4730444,0.66197183,0.86252046,0.79888268,0.44344609,0.17124736,0.26638478,24,Zach Plesac,19979,668676
2021,Julio Urías,LAD,185.2,2.956912190732134,5.13157895,0.21571428571428572,1.0179533771372922,0.2716049382716049,0.76151122,3.126946149,0.186612576,0.401622718,0.411764705,0.098522167,0.093596059,3.7256832284807886,0.11234745,0.26174497,0.05100671,0.21073826,3.6385987324014777,-0.170033958,10.11621963738864,0.05346535,0.3029703,,122.57639198218267,127.66575233022635,108.34322237017311,114.46969374167772,0.35879945,0.67272727,0.50753769,0.65969582,0.8490991,0.77864215,0.47379756,0.18557071,0.29791816,24,Julio Urias,14765,628711
2021,Logan Webb,SFG,147.1,3.0542987479748875,4.36111111,0.2331511839708561,1.1131222103730702,0.31070496083550914,0.74654956,2.7288576366484465,0.206718346,0.607235142,0.186046511,0.055555555,0.125,2.7969622076493033,0.12392192,0.26475548,0.06070826,0.20404722,3.1496083836652247,0.32544111132644105,6.229619935501454,0.05612245,0.39030612,,76.36744186046512,107.17478260869568,102.42613272311208,102.9972540045767,0.34690681,0.62526998,0.46391285,0.54176072,0.8791019,0.73287671,0.42033591,0.18565592,0.30957785,24,Logan Webb,17995,657277
2021,Casey Mize,DET,150.1,3.711751788551746,2.87804878,0.23214285714285715,1.1374723222981158,0.2535885167464115,0.79514825,4.713271425234075,0.182232346,0.480637813,0.33712984,0.081081081,0.162162162,4.374860735747822,0.09418753,0.19281046,0.06699346,0.12581699,4.449709498445765,-1.001519637,9.064017857142858,0.09954751,0.39819005,,88.58228571428572,101.70632159524818,99.47810776410695,99.24611794654223,0.28678679,0.67512195,0.45566398,0.67277487,0.85982659,0.79329609,0.43487484,0.1743742,0.26856173,24,Casey Mize,20492,663554
2021,Shane McClanahan,TBR,123.1,3.429729871171688,3.81081081,0.2510460251046025,1.2729730254703429,0.3281733746130031,0.78909613,3.3078719659893077,0.25,0.454819277,0.295180722,0.051020408,0.142857142,3.234148895968196,0.14790174,0.27272727,0.07156673,0.20116054,3.623849681798596,0.12185790518238049,9.791364571925845,0.10682493,0.45400593,,87.74167709637047,111.96861538461538,101.24056410256412,105.86425641025647,0.34693878,0.68721461,0.49948823,0.48663102,0.83887043,0.70389344,0.44831116,0.16683726,0.314739,24,Shane McClanahan,21483,663556
2021,Logan Gilbert,SEA,119.1,4.675977853,4.57142857,0.23880597014925373,1.1731844075457358,0.2932098765432099,0.6792144,3.731486660363929,0.213649851,0.323442136,0.462908011,0.083333333,0.108974358,4.186015940193915,0.12470588,0.25447316,0.055666,0.19880716,3.873307788191474,0.9444911925683606,10.601652307525116,0.08797654,0.4457478,,110.76128284389488,107.46463932107496,99.02640264026401,100.99556812824137,0.31239531,0.75698925,0.50706215,0.6461126,0.81107955,0.75394615,0.43785311,0.13411765,0.25882353,24,Logan Gilbert,22250,669302
2021,Tarik Skubal,DET,143.2,4.385151123,3.61363636,0.24014336917562723,1.2389792060571803,0.273972603,0.80502216,5.056345160902412,0.204545454,0.386363636,0.409090909,0.080246913,0.209876543,3.9692917046331035,0.11138614,0.26194399,0.07248764,0.18945634,3.8714655803591986,-0.671194038,9.535779426,0.14285714,0.46115288,,89.82101167315172,86.06736886,101.47488641057416,100.83015282940931,0.30408006,0.69128114,0.4836979,0.63797468,0.83655084,0.76962457,0.46388774,0.16254125,0.27392739,24,Tarik Skubal,22267,669373
2021,Luis Garcia,HOU,149.1,3.5558036925385235,3.26530612,0.23118279569892472,1.1919643263123487,0.29210526315789476,0.76873385,3.6186948520340487,0.211195928,0.389312977,0.399491094,0.101910828,0.114649681,3.906673794037497,0.13173157,0.26272578,0.08045977,0.18226601,3.9485402864191075,-0.062891159,10.903859635175763,0.07035176,0.38190955,,102.11248843663273,103.94776119402985,99.65526533996687,101.4639303482587,0.31963147,0.66999003,0.46520298,0.56762749,0.81696429,0.71682992,0.41549296,0.16321458,0.29494615,24,Luis Garcia,23735,677651
2021,Brady Singer,KCR,128.1,4.909091103653989,2.47169811,0.2796934865900383,1.5506494121065775,0.35013262599469497,0.67752101,4.042761429783306,0.223650385,0.498714652,0.277634961,0.083333333,0.129629629,4.109393455839156,0.10188019,0.22354949,0.09044369,0.1331058,4.297565372646438,0.8663296738706823,9.533919198172432,0.05626598,0.37595908,,60.285714285714285,101.92833622183707,99.90836221837095,97.56850086655113,0.28361669,0.62638469,0.43244425,0.60490463,0.8585209,0.76440849,0.43419327,0.20069961,0.3025798,24,Brady Singer,25377,663903
2022,Triston McKenzie,CLE,188.1,2.9150443265133568,4.5,0.19941348973607037,0.945132769,0.23717948717948717,0.81081081,3.579687651450413,0.184426229,0.327868852,0.487704918,0.138655462,0.105042016,3.7247916455041334,0.13152174,0.25925926,0.05761317,0.20164609,3.528107704835152,-0.664643325,12.055268364448052,0.09939148,0.40567951,,108.03720779220778,113.02040668119103,102.48809005083511,105.56586782861294,0.36255768,0.72807723,0.52717391,0.58727273,0.84972376,0.75051546,0.45036232,0.14710145,0.27862319,24,Triston McKenzie,18000,663474
2022,José Suarez,LAA,102.1,4.133550694048789,2.9375,0.24060150375939848,1.2508143944166548,0.2842465753424658,0.73813708,3.9821378852810385,0.214521452,0.412541254,0.372937293,0.088495575,0.115044247,3.9653470959835255,0.1147639,0.21609195,0.07356322,0.14252874,4.038499762734775,0.1514128087677502,8.959521568706823,0.0852459,0.38688525,,84.34127806563039,90.03065868263474,103.33185628742513,99.52658682634735,0.3606383,0.7053206,0.51165571,0.6460177,0.86073501,0.77570093,0.43813509,0.15182307,0.26658697,24,Jose Suarez,19911,660761
2022,Ian Anderson,ATL,111.2,4.997015039176714,1.7962963,0.2625570776255708,1.513432870288288,0.3130699088145897,0.69843342,4.249744460400561,0.217647058,0.479411764,0.302941176,0.067961165,0.116504854,4.218204596467698,0.12319202,0.19675456,0.10953347,0.0872211,4.578228864688785,0.7472705787761527,9.828901580366423,0.06158358,0.40469208,,74.28232848232847,71.33520280420629,97.61111667501254,90.65052579,0.31126872,0.73777174,0.46783042,0.59493671,0.83977901,0.73667377,0.36708229,0.13366584,0.25685786,24,Ian Anderson,19951,666120
2022,Jesús Luzardo,MIA,100.1,3.3189370453254496,3.42857143,0.19008264462809918,1.0365449030445848,0.2532188841201717,0.7173913,3.1223977795770983,0.239669421,0.400826446,0.359504132,0.068965517,0.114942528,3.1103592887114138,0.13807786,0.3,0.0875,0.2125,3.2831892180320645,0.19653926574835134,8.961597339527026,0.06584362,0.3909465,,109.93222453222454,100.81538929440393,98.13698296836984,98.05626520681265,0.31072874,0.67378049,0.45559611,0.53745928,0.80769231,0.69692924,0.39902676,0.17214112,0.31021898,24,Jesus Luzardo,19959,666200
2022,Bryse Wilson,PIT,93.1,5.978571754377733,2.33333333,0.29365079365079366,1.4785715091471814,0.31543624161073824,0.65466448,5.255288261296805,0.217948717,0.419871794,0.362179487,0.061946902,0.150442477,4.679735472581204,0.07780013,0.15254237,0.0653753,0.08716707,4.699578683995854,0.7232834930809284,8.305232747395833,0.08253968,0.43492063,,72.13424242424242,85.78639410187671,100.27620643431639,96.34946380697049,0.29001203,0.6969697,0.47015426,0.70954357,0.9,0.83452211,0.44265594,0.17370892,0.25150905,24,Bryse Wilson,19990,669060
2022,Kris Bubic,KCR,128,5.554687831085195,1.71428571,0.3003875968992248,1.7031251015141666,0.35294117647058826,0.68617558,4.721806098,0.258064516,0.40942928,0.332506203,0.052238805,0.126865671,4.5450053068201575,0.08896797,0.18524871,0.10806175,0.07718696,4.812782117992348,0.8328817334957552,9.541904425936123,0.07598039,0.44607843,,71.99418502202644,80.71383451957293,96.10057829181493,91.78856761565838,0.28918495,0.7026749,0.46797153,0.70189702,0.8682284,0.80988593,0.43238434,0.15969751,0.24866548,24,Kris Bubic,21455,663460
2022,Braxton Garrett,MIA,88,3.5795457648837146,3.75,0.2536873156342183,1.2500001083720909,0.32083333333333336,0.76350093,3.5556128582678586,0.214574898,0.477732793,0.307692307,0.092105263,0.118421052,3.5045682481700506,0.1183844,0.24128686,0.06434316,0.1769437,3.5224253576070597,0.023932907,9.234034703430517,0.07228916,0.38554217,,68.77290502793296,93.89239357990233,101.30460572226099,98.85157013,0.36956522,0.63157895,0.48050139,0.53921569,0.92447917,0.75362319,0.42339833,0.1908078,0.3091922,24,Braxton Garrett,21844,666129
2022,Trevor Rogers,MIA,107,5.467290109459002,2.35555556,0.2716627634660422,1.5046730044835888,0.3300653594771242,0.66896552,4.355421744497477,0.222570532,0.420062695,0.357366771,0.052631578,0.131578947,4.1102078209499515,0.10824742,0.22222222,0.09433962,0.1278826,4.204355678321078,1.1118683649615253,8.371315218719452,0.07476636,0.37383178,,91.49931573802542,96.51807851239676,100.31239669421487,100.21120867768599,0.32088889,0.71498771,0.48633316,0.69529086,0.82817869,0.77730647,0.41980402,0.15206186,0.26030928,24,Trevor Rogers,22286,669432
2022,Aaron Ashby,MIL,88,4.806818598558131,2.51219512,0.25,1.4545455806511602,0.3130434782608696,0.68468468,4.5215220329190196,0.157676348,0.547717842,0.294605809,0.056338028,0.211267605,3.500001804367428,0.12070084,0.26208651,0.1043257,0.15776081,3.7201622314645206,0.2852965656391113,7.766980307442801,0.07755102,0.35102041,,35.3,107.03426346528228,96.80876054510055,100.55301752109021,0.32502831,0.57686454,0.43246753,0.54355401,0.85488127,0.72072072,0.42662338,0.20311486,0.3238157,24,Aaron Ashby,23550,676879
2022,Josiah Gray,WSN,148.2,5.024664020942997,2.33333333,0.23652173913043478,1.3587444875910113,0.2558746736292428,0.80357143,5.856825808282677,0.178313253,0.330120481,0.491566265,0.107843137,0.186274509,4.565314678,0.11359261,0.23728814,0.10169492,0.13559322,4.274648405292357,-0.832161787,10.260932477126607,0.10688836,0.36817102,,97.93214638971315,97.55921766072814,98.47246321,97.29748257,0.30176768,0.67193676,0.44607088,0.59832636,0.84852941,0.74525043,0.38983051,0.1651906,0.27878321,24,Josiah Gray,24580,680686
2022,George Kirby,SEA,130,3.3923076923076922,6.04545455,0.2621359223300971,1.2076923076923076,0.33062330623306235,0.75104312,2.989354078586285,0.164021164,0.455026455,0.38095238,0.097222222,0.090277777,3.3291478798939633,0.09703633,0.24538745,0.04059041,0.20479705,3.322279714110808,0.40295361372140714,8.672943050986841,0.08638743,0.37958115,,86.50347368421053,93.83521531100483,108.17856459330146,103.58999999999997,0.336,0.74457084,0.5248566,0.74338624,0.85277778,0.8151184,0.46223709,0.16204589,0.25908222,24,George Kirby,25436,669923
2022,Beau Brieske,DET,81.2,4.187755232,2.16,0.23322683706070288,1.2000000373684643,0.24081632653061225,0.75566751,4.973655549418377,0.1875,0.375,0.4375,0.080357142,0.125,4.775305011527362,0.08236208,0.15929204,0.07374631,0.08554572,4.834685586880205,-0.785900317,10.43034676188973,0.1042471,0.41312741,,90.59360269360269,99.65710955710955,102.64125874125874,101.64009324009325,0.30612245,0.76992754,0.50505051,0.81333333,0.84941176,0.83692308,0.42890443,0.13830614,0.22066822,24,Beau Brieske,26079,689225
2022,Nick Lodolo,CIN,103.1,3.6580646961859276,3.35897436,0.2349869451697128,1.2483871582221817,0.32217573221757323,0.80123267,3.8963020079887642,0.198412698,0.46031746,0.341269841,0.139534883,0.15116279,3.4928674920704563,0.12310287,0.29705215,0.08843537,0.20861678,3.2893715921522664,-0.238237312,6.01901213,0.09126984,0.38492063,,106.99906542056075,101.58481769276744,97.71835026897787,96.77136879856543,0.31884058,0.63037634,0.44912872,0.57575758,0.8315565,0.72590738,0.41821248,0.17537943,0.29848229,24,Nick Lodolo,26378,666157
2022,Alek Manoah,TOR,196.2,2.2423729973420223,3.52941176,0.2,0.991525475,0.24427480916030533,0.82622601,3.3463293188462764,0.205992509,0.374531835,0.419475655,0.125,0.071428571,3.9748178928122773,0.11156324,0.22900763,0.0648855,0.16412214,3.846280762590954,-1.103956322,9.856808405,0.0537037,0.31481481,,100.10359508041627,99.85386965376779,99.84731839782755,100.18306177868295,0.34713187,0.69157393,0.49406579,0.64054514,0.86436782,0.77419355,0.42658528,0.16310614,0.27466938,24,Alek Manoah,26410,666201
2022,Graham Ashcraft,CIN,105,4.885714641,2.36666667,0.2793427230046948,1.419047722156904,0.313953488,0.6779661,4.2076691764822955,0.206214689,0.54519774,0.24858757,0.079545454,0.125,4.086454953849353,0.08428246,0.15301724,0.06465517,0.08836207,4.221500965477268,0.6780454642324143,,0.04788732,0.36338028,,,91.10599273607748,99.89340193704602,98.28414043583535,0.33631841,0.70039947,0.49202733,0.69526627,0.91444867,0.8287037,0.42767654,0.15034169,0.23462415,24,Graham Ashcraft,27552,668933
2023,Luis Medina,OAK,82.1,5.465587382179129,1.64444444,0.2515527950310559,1.5303644670101562,0.29831932773109243,0.66101695,4.894716574150809,0.223577235,0.459349593,0.31707317,0.064102564,0.128205128,4.882102445534824,0.10597826,0.19839142,0.12064343,0.07774799,5.110137780118222,0.570870808,9.783500555203046,0.06451613,0.40725806,,111.72047377326565,107.55670314637484,93.25307797537617,95.05465116279065,0.28604651,0.72203947,0.46662125,0.59756098,0.87015945,0.77226277,0.41416894,0.14605978,0.25203804,24,Luis Medina,21649,665622
2023,MacKenzie Gore,WSN,136.1,4.4229830500962475,2.64912281,0.25572519083969464,1.4009780473770868,0.3092485549132948,0.7846952,4.890737242036811,0.211382113,0.387533875,0.40108401,0.081081081,0.182432432,4.1110017086774775,0.12144598,0.25945017,0.09793814,0.16151203,4.207297058883382,-0.467754192,10.235871862192623,0.12064343,0.43699732,,111.52424863387978,100.43840550384458,97.48838526912182,100.51764467826793,0.32005495,0.72166998,0.48415922,0.60085837,0.84435262,0.74916107,0.40861089,0.14581641,0.26726239,24,MacKenzie Gore,22201,669022
2023,Brayan Bello,BOS,157,4.242038217,2.93333333,0.26742301458670986,1.3375796178343948,0.30585683297180044,0.7620614,4.535295136567134,0.14876033,0.561983471,0.289256198,0.071428571,0.171428571,4.022360394866603,0.1071701,0.19760479,0.06736527,0.13023952,4.176634534564623,-0.29325692,7.426790816695602,0.07010309,0.44329897,,83.19,89.63556149732625,100.47009167303284,98.06474407944997,0.32020658,0.71936389,0.48319328,0.63508065,0.86996099,0.77786561,0.40832697,0.14759725,0.25476735,24,Brayan Bello,23920,678394
2023,Hunter Brown,HOU,152.2,5.187773271437284,3.33962264,0.2635135135135135,1.368995724407061,0.3341902313624679,0.68281938,4.3685775515985075,0.183574879,0.519323671,0.297101449,0.073170731,0.211382113,3.486670936519774,0.10667661,0.2706422,0.08103976,0.18960245,3.701519002473491,0.8191957198387767,9.965185705924267,0.11084337,0.44096386,,100.69812703583064,103.99629492404596,100.05331604297892,101.31997035939239,0.31262393,0.66036113,0.46375187,0.58773784,0.88151042,0.76954069,0.43460389,0.16784782,0.27452443,24,Hunter Brown,25880,686613
2023,Bobby Miller,LAD,124.1,3.764075221005978,3.71875,0.22483940042826553,1.1018767206791005,0.2767857142857143,0.71315372,3.5124130241812397,0.197674418,0.476744186,0.325581395,0.080357142,0.107142857,3.747067697,0.11314985,0.23564356,0.06336634,0.17227723,3.932411775832879,0.25166219682473834,9.853074707892416,0.06034483,0.37356322,,130.16349206349207,123.21461420541648,102.09024016351562,109.84041900868674,0.31555556,0.69976077,0.47934727,0.62535211,0.84786325,0.76382979,0.42631311,0.16921509,0.28236493,24,Bobby Miller,27483,676272
2023,Spencer Strider,ATL,186.2,3.857143067340473,4.84482759,0.20977011494252873,1.092857202413134,0.3155216284987277,0.7025247,2.853254623315771,0.222222222,0.34057971,0.437198067,0.093922651,0.121546961,2.9242724886054283,0.18935484,0.36828309,0.07601573,0.29226737,2.8581407362289086,1.0038884440247018,10.804541042350849,0.07951807,0.36144578,,141.21499726327315,124.61126668837517,104.10667535004883,111.88573754477365,0.37865749,0.72418879,0.52984834,0.4469697,0.77393075,0.64250914,0.4375605,0.14870968,0.33806452,24,Spencer Strider,27498,675911
2023,Logan Allen,CLE,125.1,3.8058512182784066,2.47916667,0.26024590163934425,1.3962766524082204,0.31444759206798867,0.78776042,4.188551035678566,0.20661157,0.426997245,0.366391184,0.09774436,0.120300751,4.283464203961432,0.10777882,0.22160149,0.08938547,0.13221602,4.4924674934226445,-0.382699817,9.128691264278297,0.07588076,0.3902439,,82.08650051921082,86.48427586206894,101.69135632183905,100.132,0.32506005,0.68969422,0.4760788,0.63300493,0.86699507,0.77339901,0.4141651,0.16166823,0.26944705,24,Logan Allen,27589,671106
2023,Bryce Elder,ATL,174.2,3.812977321303117,2.03174603,0.24205748865355523,1.2767176316075002,0.27431906614785995,0.74363992,4.422979358815143,0.20415879,0.49905482,0.296786389,0.076433121,0.121019108,4.494980653295698,0.09891266,0.17486339,0.08606557,0.08879781,4.810625749,-0.610002038,8.782709091745746,0.06003752,0.40712946,,61.68874345549739,79.71202509585225,99.17967933077729,95.18020216103172,0.32159091,0.68411387,0.46016146,0.63427562,0.89932886,0.78489703,0.38223938,0.16485444,0.2637671,24,Bryce Elder,27779,693821
2023,Brandon Pfaadt,ARI,90,5.700000483195028,3.6,0.27717391304347827,1.4111112307324922,0.3204633204633205,0.68665377,4.932818279501845,0.245487364,0.324909747,0.429602888,0.075630252,0.159663865,4.374472217948753,0.11067708,0.22727273,0.06313131,0.16414141,4.249036669165189,0.7671822036931832,8.892888212,0.11510791,0.4352518,,97.56724137931035,103.49980842911877,104.2397190293742,105.2007662835249,0.33211233,0.66573427,0.48761408,0.63235294,0.85294118,0.77272727,0.46610169,0.16731771,0.27799479,24,Brandon Pfaadt,27782,694297
2023,Bryce Miller,SEA,131.1,4.317259050447069,4.57692308,0.24603174603174602,1.1421320239277961,0.2888283378746594,0.70561457,3.978390641318008,0.22513089,0.335078534,0.439790575,0.083333333,0.107142857,4.311612187194702,0.11408115,0.22160149,0.04841713,0.17318436,4.168111738251642,0.3388684091290606,10.66411112882653,0.10909091,0.42077922,,121.24759183673468,116.73657515123308,103.96375058166592,108.87864122847836,0.33837934,0.7445932,0.52674308,0.68421053,0.83540802,0.78331822,0.46370583,0.14653938,0.26062053,24,Bryce Miller,29837,682243
2023,Andrew Abbott,CIN,109.1,3.868902619008442,2.72727273,0.24154589371980675,1.317073232002874,0.302158273,0.79934747,4.197113574054682,0.196551724,0.286206896,0.517241379,0.113333333,0.106666666,4.562992521799875,0.10906217,0.26143791,0.09586057,0.16557734,4.334172991242451,-0.328210955,9.429165296052632,0.09183673,0.42517007,,80.78294736842106,86.59277045,100.7850659630607,96.96158311,0.32212389,0.67362924,0.46413502,0.64010989,0.85271318,0.76477273,0.40400844,0.1601686,0.26923077,24,Andrew Abbott,29911,671096
2023,Tanner Bibee,CLE,142,2.9788732394366195,3.13333333,0.22803738317757008,1.176056338028169,0.28608923884514437,0.79973992,3.5156037397787605,0.214833759,0.368286445,0.416879795,0.098159509,0.079754601,4.223324415,0.11134996,0.24102564,0.07692308,0.16410257,4.185945285010876,-0.5367305,9.750980133112432,0.06091371,0.38071066,,91.30630713,97.84391397849461,99.75535484,100.9327741935484,0.31207802,0.68177241,0.46990542,0.64903846,0.83308715,0.76303751,0.42691316,0.16509028,0.27644024,24,Tanner Bibee,30134,676440
2017,Sal Romano,CIN,87,4.448275471981051,1.97297297,0.2653061224489796,1.4712642387947663,0.31417624521072796,0.69514238,4.238099369578774,0.2,0.503846153,0.296153846,0.116883116,0.116883116,4.467617568081023,0.08678238,0.19010417,0.09635417,0.09375,4.717780201771124,0.21017610240227746,8.977603149414062,0.03703704,0.34444444,,,,,,0.26181818,0.64732143,0.43486974,0.67592593,0.86206897,0.80030722,0.4488978,0.18291055,0.26969292,23,Sal Romano,13690,607219
2017,Robert Gsellman,NYM,115.2,5.291066747753725,1.90243902,0.27628865979381445,1.5129684327727158,0.3,0.6218593,4.990492881344243,0.21573604,0.494923857,0.289340101,0.078947368,0.149122807,4.833005127574783,0.07286432,0.14606742,0.07677903,0.06928839,4.964423412273979,0.3005738664094828,9.564566527598004,0.04668305,0.31695332,,,,,,0.29563669,0.70011534,0.4718593,0.75903614,0.89291598,0.8455804,0.43567839,0.15427136,0.22713568,23,Robert Gsellman,13696,607229
2017,Jake Faria,TBR,81.2,3.416326956155203,2.5483871,0.22697368421052633,1.2244899484427252,0.2744186046511628,0.79120879,4.1372316529680475,0.210762331,0.394618834,0.394618834,0.159090909,0.113636363,4.4621495013112975,0.12081514,0.23235294,0.09117647,0.14117647,4.3634605854454405,-0.720904697,11.45157119812753,0.04888889,0.37777778,,,,,,0.29002625,0.67816092,0.46243618,0.53846154,0.84503632,0.73817035,0.44420131,0.15429403,0.27510917,23,Jake Faria,13699,607188
2017,Lance McCullers Jr.,HOU,118.2,4.247191648383441,3.3,0.2472885032537961,1.2977530036727183,0.3302180685358255,0.67620286,3.0986509213196527,0.191950464,0.613003095,0.195046439,0.031746031,0.126984126,3.166612702598032,0.11966236,0.2578125,0.078125,0.1796875,3.414770675142642,1.1485407270637884,6.252201243476324,0.04559271,0.32522796,,,,,,0.31606673,0.63657143,0.45531281,0.48333333,0.90125673,0.73718648,0.43445879,0.17328699,0.29294935,23,Lance McCullers Jr.,14120,621121
2017,José Berríos,MIN,144.1,3.928406604948563,2.875,0.23497267759562843,1.2263279877881756,0.2878787878787879,0.70414201,3.8643371787019687,0.209876543,0.390123456,0.4,0.092592592,0.092592592,4.509833416922483,0.09453158,0.22622951,0.07868852,0.14754098,4.291643661593059,0.064069426,10.875506490633633,0.0486618,0.29440389,,,,,,0.30572289,0.63883495,0.45122986,0.66502463,0.86778116,0.79041353,0.43681086,0.17422637,0.26875795,23,Jose Berrios,14168,621244
2017,Luis Severino,NYY,193.1,2.9793104232080507,4.50980392,0.2066115702479339,1.0396551997653094,0.27157894736842103,0.7545045,3.074881071346977,0.187755102,0.506122448,0.306122448,0.12,0.14,3.0429204403975785,0.12978585,0.29374202,0.0651341,0.22860792,3.2499506574346686,-0.095570648,10.34676055329488,0.06048387,0.33266129,,,,,,0.31285988,0.67215273,0.4899416,0.55214724,0.82272282,0.73509934,0.49286178,0.17423751,0.30402336,23,Luis Severino,15890,622663
2018,Germán Márquez,COL,196,3.7653058293162887,4.03508772,0.23803191489361702,1.204081538914152,0.3112449799196787,0.73193916,3.4002274754741517,0.229571984,0.472762645,0.297665369,0.078431372,0.156862745,3.097661733785175,0.12624159,0.28151775,0.06976744,0.21175031,3.3119421897474663,0.36507835384213694,8.021284159257322,0.05172414,0.38888889,,,,,,0.30713422,0.65143247,0.46891026,0.4980315,0.85445026,0.73069036,0.46987179,0.18551746,0.31175905,23,German Marquez,15038,608566
2018,Lucas Giolito,CHW,173.1,6.126923796072599,1.38888889,0.24776119402985075,1.4769232502773872,0.26833976833976836,0.63464837,5.560431857,0.182994454,0.44362292,0.373382624,0.0990099,0.133663366,5.460198671595581,0.0834719,0.16129032,0.11612903,0.04516129,5.372834880652647,0.5664919385966982,9.314262312020052,0.07155963,0.36880734,,,,,,0.26682409,0.64329268,0.43113772,0.66371681,0.88270142,0.80632716,0.43646041,0.17060193,0.25407383,23,Lucas Giolito,15474,608337
2018,Tyler Mahle,CIN,112,4.982142857142857,2.0754717,0.2771618625277162,1.5892857142857142,0.322884013,0.75233023,5.249717290060861,0.25,0.387195121,0.362804878,0.092436974,0.184873949,4.450986903240638,0.09995171,0.21696252,0.10453649,0.11242604,4.566676096159622,-0.267574433,8.685545473906025,0.07624633,0.40175953,,,,,,0.30053667,0.67087277,0.47075882,0.67261905,0.84796238,0.78747433,0.45964234,0.16803477,0.26798648,23,Tyler Mahle,16358,641816
2018,Eric Lauer,SDP,112,4.339285714285714,2.17391304,0.2809734513274336,1.5446428571428572,0.3323442136498516,0.74683544,4.508645861489432,0.275147928,0.375739644,0.349112426,0.101694915,0.127118644,4.507668911293149,0.08588351,0.1984127,0.09126984,0.10714286,4.6175403218677324,-0.169360147,9.892468735885275,0.05681818,0.32954545,,,,,,0.27904849,0.6820623,0.46442688,0.73114754,0.85511811,0.81489362,0.45998024,0.16386969,0.24975321,23,Eric Lauer,19316,641778
2018,Walker Buehler,LAD,136.1,2.3105135336323683,4.19444444,0.1836734693877551,0.9242054134529473,0.24085365853658536,0.80617496,2.9183777770136605,0.181547619,0.50297619,0.31547619,0.075471698,0.103773584,3.1536188645228704,0.11085126,0.28383459,0.06766917,0.21616541,3.2502763268124686,-0.607864243,10.366066261574074,0.03539823,0.2979351,,,,,,0.32685512,0.66268657,0.48479176,0.62972973,0.84984985,0.77123552,0.47028545,0.18147802,0.29232928,23,Walker Buehler,19374,621111
2018,Shane Bieber,CLE,110,4.254545454545455,5.57142857,0.2772727272727273,1.3,0.3557692307692308,0.70216049,2.9604315757751465,0.223602484,0.453416149,0.322981366,0.057692307,0.10576923,3.221958577632904,0.11607661,0.25269978,0.04535637,0.20734341,3.375193874702477,1.2941138787703084,9.049547383646999,0.06501548,0.38390093,,,,,,0.31103679,0.63680387,0.46720836,0.56630824,0.84980989,0.7515528,0.4793964,0.2054556,0.32153221,23,Shane Bieber,19427,669456
2019,Brad Keller,KCR,165.1,4.1915323870115095,1.74285714,0.24444444444444444,1.3548387513572555,0.281947262,0.72169811,4.351106284882848,0.209486166,0.5,0.290513833,0.074829931,0.102040816,4.9402994359549295,0.0829952,0.17207334,0.09873061,0.07334274,5.230410314127644,-0.159573898,8.197735342064545,0.0511811,0.38582677,,,,,,0.30884184,0.66877828,0.45555146,0.68951613,0.90392422,0.81781377,0.40759867,0.16008853,0.24308373,23,Brad Keller,15734,641745
2019,Ariel Jurado,TEX,93,6.677419355,2.12903226,0.30749354005167956,1.6129032258064515,0.3355263157894737,0.58371736,5.300030981084352,0.234177215,0.446202531,0.319620253,0.0990099,0.168316831,5.084007261485182,0.07089552,0.1563981,0.07345972,0.08293839,5.220639162659488,1.377388373754358,8.740506166911256,0.09968847,0.43613707,,,,,,0.2826087,0.68459302,0.45460199,0.73076923,0.90658174,0.84404925,0.4278607,0.17412935,0.24502488,23,Ariel Jurado,17030,642558
2019,Pablo López,MIA,111.1,5.092814603922706,3.51851852,0.25754060324825984,1.2395210147113465,0.29906542056074764,0.6640625,4.282871799988083,0.212121212,0.475757575,0.312121212,0.126213592,0.145631067,4.371688024176043,0.10300668,0.20255864,0.0575693,0.14498934,4.438859320917368,0.8099428039346233,7.222972347861842,0.06845238,0.37202381,,,,,,0.31536926,0.69395466,0.48273942,0.66455696,0.85662432,0.78662053,0.44209354,0.15534521,0.25835189,23,Pablo Lopez,17085,641154
2019,Jack Flaherty,STL,196.1,2.7504243057108853,4.2,0.19014084507042253,0.9677418853427189,0.2422907488986784,0.83333333,3.463585014559552,0.221987315,0.395348837,0.382663847,0.127071823,0.138121546,3.642088899878911,0.13746461,0.2992228,0.07124352,0.22797927,3.6823745542977777,-0.713160709,8.357143329734079,0.06889353,0.30271399,,,,,,0.3239824,0.6847906,0.47845234,0.56536503,0.80579399,0.71268902,0.42812205,0.16420258,0.30166719,23,Jack Flaherty,17479,656427
2019,Sandy Alcantara,MIA,197.1,3.876688989346015,1.86419753,0.2389853137516689,1.3175674996470117,0.271304348,0.73791349,4.551847244580358,0.194915254,0.445762711,0.359322033,0.108490566,0.108490566,5.173696774892721,0.10870269,0.18019093,0.09665871,0.08353222,5.279815952582028,-0.675158255,8.635290017081994,0.06020067,0.34280936,,,,,,0.33628809,0.70139969,0.48819152,0.63756178,0.8713969,0.77733598,0.41604659,0.15043675,0.25913944,23,Sandy Alcantara,18684,645261
2019,Zac Gallen,- - -,80,2.8125,2.66666667,0.2108843537414966,1.225,0.28421052631578947,0.83700441,3.614009475708008,0.237373737,0.388888888,0.373737373,0.027027027,0.108108108,4.1540249165147545,0.12833453,0.28742515,0.10778443,0.17964072,4.242033402923005,-0.801509476,10.077981104995265,0.04040404,0.35858586,,,,,,0.35315534,0.61634103,0.45998558,0.57044674,0.84726225,0.72100313,0.40591204,0.18240807,0.31074261,23,Zac Gallen,19291,668678
2019,Griffin Canning,LAA,88.1,4.177359091900389,3.24137931,0.22388059701492538,1.177358660047806,0.2719298245614035,0.75692964,4.255519059596452,0.185654008,0.367088607,0.447257383,0.056603773,0.122641509,4.729358638980133,0.13907285,0.25268817,0.07795699,0.17473118,4.3082006304387335,-0.078159968,10.206130044291339,0.05809129,0.32365145,,,,,,0.31866953,0.66435986,0.45099338,0.5016835,0.83854167,0.69162996,0.38278146,0.16688742,0.30596026,23,Griffin Canning,19867,656288
2019,Chris Paddack,SDP,140.2,3.3270140977104115,4.93548387,0.2015065913370998,0.9810426185556341,0.23661971830985915,0.76923077,3.9533459418658774,0.175202156,0.40161725,0.423180592,0.114649681,0.146496815,4.047933546028634,0.11447368,0.2693662,0.05457746,0.21478873,3.833167904617872,-0.626331844,10.733489639457614,0.06349206,0.32539683,,,,,,0.35967742,0.71346154,0.52105263,0.68609865,0.83692722,0.78030303,0.45614035,0.17149123,0.28596491,23,Chris Paddack,20099,663978
2021,Triston McKenzie,CLE,116.1,5.028653514989006,2.42592593,0.1943127962085308,1.1690544923735127,0.22592592592592592,0.67518248,4.734504104908066,0.211072664,0.307958477,0.480968858,0.158273381,0.151079136,4.495933913352897,0.12415232,0.27348643,0.11273486,0.16075157,4.320558489769661,0.29414941008094075,11.53801747914907,0.09965636,0.41580756,,98.54940878378379,103.11517996870109,97.37657798643717,98.40552947313509,0.34388366,0.70187166,0.48356808,0.58457711,0.8647619,0.74325782,0.39019301,0.14814815,0.27230047,23,Triston McKenzie,18000,663474
2021,Kolby Allard,TEX,91.2,5.40000015,3.52631579,0.25274725274725274,1.210909124503649,0.2518248175182482,0.6601467,5.690034192,0.2,0.376271186,0.423728813,0.072,0.184,4.834164341256547,0.07623008,0.17357513,0.0492228,0.12435233,4.698501996101028,-0.290034043,9.647431864265267,0.12121212,0.37373737,,74.09679389312977,73.29285714285713,102.10492371705963,96.85263522884885,0.28920308,0.70135747,0.47883414,0.75111111,0.88387097,0.84057971,0.46009715,0.18018018,0.25641026,23,Kolby Allard,18694,663465
2021,Ian Anderson,ATL,128.1,3.5766235183764774,2.33962264,0.2182952182952183,1.2311688799640161,0.26099706744868034,0.79062958,4.120683510793687,0.198250728,0.49271137,0.3090379,0.122641509,0.150943396,3.957221572510606,0.11908046,0.2317757,0.09906542,0.13271028,4.377603166620826,-0.544059992,10.271022294207317,0.0952381,0.38655462,,89.97756097560978,84.62461964038725,98.40797602581834,95.32816966,0.29,0.69828571,0.45425287,0.59416446,0.82651391,0.73785425,0.40229885,0.15310345,0.27218391,23,Ian Anderson,19951,666120
2021,Jesús Luzardo,- - -,85.1,6.222656759986463,2,0.27113702623906705,1.6054688815784284,0.3278008298755187,0.65074135,4.9278467665310135,0.22,0.384,0.396,0.06060606,0.141414141,4.841970007918177,0.13127413,0.22506394,0.11253197,0.11253197,4.782494346676466,1.2948099934554493,9.026564226246844,0.09019608,0.38039216,,103.21454545454544,93.82730774,94.79491867160547,94.60281103810763,0.30922432,0.70951586,0.4636188,0.53220339,0.84470588,0.71666667,0.38570509,0.14414414,0.27541828,23,Jesus Luzardo,19959,666200
2021,Matt Manning,DET,85.1,5.800781595753526,1.72727273,0.27507163323782235,1.5117188401054644,0.3049645390070922,0.61864407,4.623159209080046,0.217241379,0.444827586,0.337931034,0.071428571,0.102040816,5.125981368804932,0.06826179,0.14805195,0.08571429,0.06233766,5.270286981391508,1.1776223866734803,9.796268398037542,0.07876712,0.41780822,,83.14027303754267,82.77431386347646,102.0505277973258,98.89493314567208,0.28362184,0.6761194,0.46868403,0.75117371,0.90286976,0.85435435,0.47149894,0.17382125,0.24208304,23,Matt Manning,20369,666159
2021,Huascar Ynoa,ATL,90,4.1,4,0.22123893805309736,1.1111111111111112,0.27111111111111114,0.73459716,3.936700789133708,0.208510638,0.472340425,0.319148936,0.053333333,0.186666666,3.3847803390688367,0.13283379,0.27173913,0.06793478,0.20380435,3.6001775072779423,0.16329921086629184,10.01502677964868,0.08786611,0.42259414,,96.39130434782608,109.59071956960322,98.38049764626767,101.21977135171484,0.34069767,0.65460526,0.47070845,0.50511945,0.87437186,0.71780029,0.41416894,0.17506812,0.30790191,23,Huascar Ynoa,20468,660623
2021,Kris Bubic,KCR,103.2,4.774919731285358,2.09090909,0.25757575757575757,1.4083601631669946,0.28368794326241137,0.77557756,5.600902349303224,0.236842105,0.453947368,0.309210526,0.117021276,0.234042553,4.441899490317879,0.08871421,0.20627803,0.09865471,0.10762332,4.694727385658053,-0.825982618,8.90875357,0.09868421,0.40789474,,57.41371055495104,73.71356698699832,96.63578293,92.18236291690222,0.27507448,0.66752911,0.44550562,0.68592058,0.8624031,0.80075662,0.43426966,0.17686693,0.26558113,23,Kris Bubic,21455,663460
2021,Trevor Rogers,MIA,133,2.6390977443609023,3.41304348,0.21442885771543085,1.150375939849624,0.3005952380952381,0.7486631,2.5459739720911014,0.24251497,0.401197604,0.356287425,0.058823529,0.050420168,3.538147604151776,0.1406178,0.28545455,0.08363636,0.20181818,3.720128629383343,0.093123772,8.773922268435252,0.0497076,0.3625731,,92.90959232613909,98.75819104753114,102.34642362713426,103.07323488694045,0.33657745,0.69123932,0.48962656,0.56626506,0.80680062,0.71280603,0.43153527,0.16366989,0.30428769,23,Trevor Rogers,22286,669432
2021,Alek Manoah,TOR,111.2,3.2238806704365897,3.175,0.19106699751861042,1.0477612178918916,0.24621212121212122,0.76592083,3.796899808385267,0.206521739,0.387681159,0.405797101,0.098214285,0.107142857,4.169513770703664,0.12628726,0.27668845,0.08714597,0.18954248,3.875690019172615,-0.573019138,9.136317583395803,0.05797101,0.3115942,,96.65262368815591,98.84197396963125,97.85764642082428,98.77998915401302,0.31180812,0.71484888,0.47804878,0.62721893,0.80330882,0.73582766,0.41246612,0.15555556,0.28184282,23,Alek Manoah,26410,666201
2022,Spencer Strider,ATL,107.1,2.767080876466781,4.85294118,0.18181818181818182,0.9875776865504335,0.29017857142857145,0.7358871,1.9198843613004206,0.225108225,0.419913419,0.354978354,0.134146341,0.085365853,2.2030237330212614,0.1517094,0.38106236,0.07852194,0.30254042,2.4069478066673535,0.8471965151663603,10.36847182283184,0.05194805,0.35064935,,148.0335504885994,140.29054487179488,101.93675213675212,110.2090811965812,0.34307257,0.69297164,0.49465812,0.52472527,0.8024911,0.69330454,0.4332265,0.15758547,0.30929487,23,Spencer Strider,27498,675911
2023,Hunter Greene,CIN,112,4.821428571428571,3.16666667,0.251131222,1.4196428571428572,0.33948339483394835,0.72649573,4.246111788068499,0.189473684,0.343859649,0.466666666,0.060150375,0.142857142,4.004109853027122,0.13425705,0.30522088,0.09638554,0.20883534,3.7364476302731995,0.5753167833600719,9.075049171985036,0.08965517,0.44137931,,127.19304577464787,123.61775291828795,102.7888132,107.00583657587552,0.3338843,0.70501139,0.48994253,0.58168317,0.819063,0.72531769,0.42049808,0.14524606,0.27950311,23,Hunter Greene,22182,668881
2023,Grayson Rodriguez,BAL,122,4.352459288578927,3.07142857,0.25690021231422505,1.3360656573227214,0.3220858895705521,0.72230014,3.927171549070464,0.190615835,0.472140762,0.337243401,0.069565217,0.139130434,3.780740816177725,0.12119772,0.25048544,0.0815534,0.16893204,4.008468272881205,0.42528773950846244,9.282367007730105,0.07309942,0.43274854,,116.4837008628955,116.55708174904939,101.86768060836498,107.57595057034224,0.3418151,0.70918919,0.503327,0.60049628,0.85670732,0.7592068,0.43963878,0.15446768,0.2756654,23,Grayson Rodriguez,24492,680570
2023,Reese Olson,DET,91.2,4.320000119850856,3.06451613,0.22478386167146974,1.1890909420801596,0.2689075630252101,0.69690265,4.215040386130594,0.222222222,0.432539682,0.345238095,0.091954022,0.16091954,3.7987669483308366,0.12032932,0.25065963,0.0817942,0.16886544,4.050150488148723,0.10495973372026146,8.614517280339125,0.11111111,0.44047619,,93.36973094170402,104.27831564986737,100.26027851458889,100.82950928381965,0.3125,0.67507886,0.4581749,0.51864407,0.88785047,0.73720609,0.4017744,0.17036099,0.29069031,23,Reese Olson,24968,681857
2023,Reid Detmers,LAA,148.2,4.479820934334721,2.8,0.2469352014010508,1.35201803,0.3177083333333333,0.70971185,4.129479881214058,0.229426433,0.366583541,0.403990024,0.092592592,0.11728395,4.269679335694564,0.12221368,0.26086957,0.0931677,0.16770186,4.141885209,0.35034105312066277,9.185518178150044,0.06203474,0.40942928,,86.76749777382014,100.7511913912375,98.53443504996154,98.98024596464259,0.30821918,0.71880492,0.48806774,0.60666667,0.82762836,0.74921136,0.43802925,0.1518063,0.27401998,23,Reid Detmers,27468,672282
2023,Gavin Williams,CLE,82,3.292682926829268,2.18918919,0.21710526315789475,1.2560975609756098,0.26976744186046514,0.782881,4.047723286326339,0.228699551,0.381165919,0.390134529,0.057471264,0.091954022,4.533596488688051,0.12112473,0.23478261,0.10724638,0.12753623,4.607762036783187,-0.755040359,9.346783455223273,0.05381166,0.38565022,,112.00273794002607,102.31848375451266,100.09833935018047,100.5711191,0.30778894,0.70169492,0.47546898,0.6244898,0.81642512,0.74506829,0.42568543,0.15645278,0.27757751,23,Gavin Williams,30122,668909
2023,Bryan Woo,SEA,87.2,4.2091255973881365,3,0.22522522522522523,1.2091255103608196,0.27312775330396477,0.7278481,4.3615042699215945,0.18907563,0.403361344,0.407563025,0.113402061,0.134020618,4.263121606989596,0.12474156,0.25067385,0.08355795,0.1671159,4.125847656624019,-0.152378673,8.381312419458762,0.0625,0.33333333,,100.66833578792343,103.01607142857145,101.56950549450552,103.39045329670333,0.31691919,0.73932927,0.50828729,0.61752988,0.82474227,0.75407609,0.45303867,0.15161957,0.27636113,23,Bryan Woo,30279,693433
2017,Germán Márquez,COL,162,4.388888475499238,3,0.2701863354037267,1.3765430802198735,0.3156779661016949,0.76020408,4.4045531570139325,0.216768916,0.45194274,0.331288343,0.080246913,0.154320987,4.177186638,0.09131905,0.20970043,0.06990014,0.13980029,4.270693665315109,-0.015664682,9.328247691,0.06237425,0.36217304,,,,,,0.27389558,0.66925795,0.48421053,0.58064516,0.89440338,0.8113354,0.53195489,0.16986095,0.26118001,22,German Marquez,15038,608566
2017,Antonio Senzatela,COL,111,5.027027027027027,2.02564103,0.2680652680652681,1.3873873873873874,0.2921686746987952,0.70783133,5.004486541060714,0.228985507,0.486956521,0.284057971,0.061224489,0.183673469,4.466856066,0.06645057,0.16737288,0.08262712,0.08474576,4.789206583578193,0.022540486,8.860047113327752,0.06,0.35142857,,,,,,0.21986607,0.63588667,0.4342888,0.67005076,0.90429043,0.84682441,0.51541374,0.18314425,0.24959481,22,Antonio Senzatela,15488,622608
2018,Brad Keller,KCR,118,3.2796610169491527,1.93023256,0.2583518930957684,1.347457627118644,0.3055555555555556,0.76015727,3.558736660520909,0.193905817,0.529085872,0.27700831,0.09,0.06,4.297393523333437,0.0928382,0.16801619,0.08704453,0.08097166,4.604948847433095,-0.279075644,7.921428863864056,0.03825137,0.30601093,,,,,,0.32286996,0.66753247,0.46366048,0.63888889,0.91245136,0.79977117,0.40848806,0.1596817,0.25251989,22,Brad Keller,15734,641745
2018,Jack Flaherty,STL,151,3.337748344370861,3.08474576,0.1981651376146789,1.1059602649006623,0.2565597667638484,0.79333333,3.862418330742034,0.211699164,0.420612813,0.367688022,0.143939393,0.151515151,3.5843600059187177,0.1341322,0.29593496,0.09593496,0.2,3.5678807169530877,-0.524669986,8.187428221711798,0.06060606,0.34435262,,,,,,0.30922362,0.66944444,0.45960572,0.5472103,0.81189488,0.70815812,0.41747198,0.16312331,0.29725551,22,Jack Flaherty,17479,656427
2019,Peter Lambert,COL,89.1,7.253731756280458,1.58333333,0.3148148148148148,1.7350747256535046,0.3333333333333333,0.64064801,5.967740975777441,0.25079365,0.473015873,0.276190476,0.057471264,0.206896551,5.2855869637660655,0.07079646,0.13571429,0.08571429,0.05,5.508389134792697,1.2859907805030169,8.520135007127852,0.04984424,0.39563863,,,,,,0.27107791,0.70232558,0.44690265,0.73622047,0.90066225,0.84158416,0.40771176,0.16118837,0.23198483,22,Peter Lambert,17969,663567
2022,Hunter Greene,CIN,125.2,4.440318392246527,3.41666667,0.21987315010570824,1.2095490960958282,0.2807017543859649,0.76323988,4.369725457,0.221498371,0.293159609,0.485342019,0.120805369,0.161073825,3.642205875963555,0.145,0.30885122,0.09039548,0.21845574,3.3313668082142316,0.070592935,9.461523438,0.09385113,0.4012945,,135.58405063291139,130.59316939890707,100.4627504553734,105.43829690346084,0.31937984,0.72527473,0.48727273,0.55097087,0.7969697,0.70242537,0.41363636,0.14681818,0.29181818,22,Hunter Greene,22182,668881
2022,Roansy Contreras,PIT,87.1,3.812977321303117,2.11111111,0.22941176470588234,1.3053435874731392,0.2619047619047619,0.74338086,4.429224971482602,0.209125475,0.349809885,0.441064638,0.129310344,0.103448275,4.609257625393198,0.12268677,0.20159151,0.09549072,0.1061008,4.5773769587369895,-0.61624765,10.343075083744711,0.10984848,0.46969697,,111.03060648801127,108.90445816186556,97.79039780521263,99.68978052126201,0.35168539,0.66549296,0.4739369,0.5686901,0.88359788,0.74095514,0.38957476,0.17066484,0.29335161,22,Roansy Contreras,22810,672710
2022,Reid Detmers,LAA,129,3.7674418604651163,2.65217391,0.2268041237113402,1.2093023255813953,0.27714285714285714,0.74074074,3.786849606314371,0.224376731,0.360110803,0.415512465,0.113333333,0.086666666,4.198131858979085,0.11141678,0.22634508,0.08534323,0.14100186,4.118627138027586,-0.019407746,9.831167485041624,0.07988981,0.38292011,,81.78480749219563,92.90886134067954,96.68700643,97.09770431588615,0.32419355,0.68650372,0.48051353,0.66169154,0.83436533,0.76812977,0.43145346,0.15864282,0.27005961,22,Reid Detmers,27468,672282
2023,Taj Bradley,TBR,102.2,5.522727409529436,3.28205128,0.24878048780487805,1.373376657396209,0.3076923076923077,0.67446043,4.7160793567270805,0.21708185,0.370106761,0.412811387,0.146551724,0.189655172,3.7984378092387425,0.1132287,0.28444444,0.08666667,0.19777778,3.8061086312123154,0.8066480528023554,11.146774137863005,0.10638298,0.46099291,,131.7020202020202,110.0945005611673,100.73030303030303,105.36369248035913,0.3197556,0.7278402,0.50308469,0.65286624,0.84048027,0.77480491,0.44924285,0.14686099,0.26008969,22,Taj Bradley,22543,671737
2018,Jaime Barria,LAA,129.1,3.409793948529192,2.08510638,0.24173553719008264,1.2680412869813775,0.27100271002710025,0.82079343,4.583112044095717,0.195822454,0.37075718,0.433420365,0.138554216,0.102409638,4.994205665580109,0.10363888,0.18249534,0.08752328,0.09497207,4.837359528889083,-1.173318096,10.69122807017544,0.06735751,0.33160622,,,,,,0.31354642,0.67056075,0.45437788,0.65776699,0.85365854,0.77180527,0.39447005,0.16167665,0.26531552,21,Jaime Barria,18356,642545
2019,Michael Soroka,ATL,174.2,2.6793890008837282,3.46341463,0.2343032159264931,1.110686893528725,0.2796780684104628,0.79933848,3.454467462966804,0.234939759,0.512048192,0.253012048,0.142857142,0.111111111,3.847444179365524,0.10324599,0.20256776,0.05848787,0.14407989,4.279473155311845,-0.775078462,7.635845144506785,0.04892368,0.37377691,,,,,,0.33833561,0.6758494,0.48219178,0.65524194,0.8736413,0.78571429,0.42622309,0.16699257,0.27023856,21,Michael Soroka,18383,647336
2023,Eury Pérez,MIA,91.1,3.153284847136162,3.48387097,0.21114369501466276,1.1277372890799469,0.26146788990825687,0.83333333,4.109055005596447,0.197368421,0.254385964,0.548245614,0.096,0.12,4.2368174496869395,0.15669701,0.28877005,0.0828877,0.20588235,3.936630137651777,-0.955770158,10.787225665799857,0.10729614,0.40343348,,128.10358680057385,110.30228161668839,98.46870925684482,104.54491525423728,0.33956044,0.73076923,0.49869622,0.51779935,0.79824561,0.68496732,0.40677966,0.13654096,0.29323797,20,Eury Perez,27768,691587
